keyword,premise,title,channel,views,outlier,url,thumbnail
true,true,12 TRUE HORROR STORIES ANIMATED COMPILATION,Horror Shorts Party,9824253,10.78,https://www.youtube.com/watch?v=8I8QwtFWAkk,https://i.ytimg.com/vi/8I8QwtFWAkk/maxresdefault.jpg
true,true,7 TRUE HORROR STORIES ANIMATED COMPILATION,Horror Shorts Party,8516030,9.34,https://www.youtube.com/watch?v=DiO8bPaHK2U,https://i.ytimg.com/vi/DiO8bPaHK2U/maxresdefault.jpg
true,true,18 TRUE SCARY HORROR STORIES ANIMATED COMPILATION,Horror Shorts Party,6624343,7.27,https://www.youtube.com/watch?v=cErjQYqOEnw,https://i.ytimg.com/vi/cErjQYqOEnw/maxresdefault.jpg
true,true,10 TRUE HORROR STORIES ANIMATED COMPILATION,Horror Shorts Party,6113692,6.71,https://www.youtube.com/watch?v=eRE4Eb8x-8M,https://i.ytimg.com/vi/eRE4Eb8x-8M/maxresdefault.jpg
true,true,19 TRUE HORROR STORIES ANIMATED (COMPILATION OF MAY 2022),IMR Scary Tales,1723187,4.91,https://www.youtube.com/watch?v=ZT7XDwZ0r2w,https://i.ytimg.com/vi/ZT7XDwZ0r2w/maxresdefault.jpg
true,true,22 TRUE HORROR STORIES ANIMATED COMPILATION,Horror Shorts Party,4034971,4.43,https://www.youtube.com/watch?v=gPIfHkwyLvs,https://i.ytimg.com/vi/gPIfHkwyLvs/maxresdefault.jpg
true,true,9 TRUE HORROR STORIES ANIMATED COMPILATION,Horror Shorts Party,3955834,4.34,https://www.youtube.com/watch?v=A8ZXl7Fj93Y,https://i.ytimg.com/vi/A8ZXl7Fj93Y/maxresdefault.jpg
true,true,27 True Horror Stories Animated (Compilation of November 2022),IMR Scary Tales,1394949,3.98,https://www.youtube.com/watch?v=hCPsIK23Pus,https://i.ytimg.com/vi/hCPsIK23Pus/maxresdefault.jpg
true,true,10 TRUE SCARY HORROR STORIES ANIMATED COMPILATION,Horror Shorts Party,3422327,3.75,https://www.youtube.com/watch?v=T4E5T4zW0X0,https://i.ytimg.com/vi/T4E5T4zW0X0/maxresdefault.jpg
true,true,14 TRUE HORROR STORIES ANIMATED COMPILATION,Horror Shorts Party,3166899,3.47,https://www.youtube.com/watch?v=O-L9oVvjlYk,https://i.ytimg.com/vi/O-L9oVvjlYk/maxresdefault.jpg
true,true,8 TRUE HORROR STORIES ANIMATED COMPILATION,Horror Shorts Party,3079533,3.38,https://www.youtube.com/watch?v=koz0huiGiC0,https://i.ytimg.com/vi/koz0huiGiC0/maxresdefault.jpg
true,true,24 True Horror Stories Animated (Compilation of October 2022),IMR Scary Tales,1166559,3.32,https://www.youtube.com/watch?v=YYZxYS3xmiQ,https://i.ytimg.com/vi/YYZxYS3xmiQ/maxresdefault.jpg
true,true,25 True Horror Stories Animated (Compilation of June 2023),IMR Scary Tales,1130023,3.22,https://www.youtube.com/watch?v=yx0VSR5d4YY,https://i.ytimg.com/vi/yx0VSR5d4YY/maxresdefault.jpg
true,true,18 TRUE HORROR STORIES ANIMATED (COMPILATION OF APRIL 2022),IMR Scary Tales,1074776,3.06,https://www.youtube.com/watch?v=lUar0ffEox4,https://i.ytimg.com/vi/lUar0ffEox4/maxresdefault.jpg
true,true,20 True Horror Stories Animated (Compilation of jan 2023),IMR Scary Tales,1036673,2.95,https://www.youtube.com/watch?v=lqiTP9mJKKw,https://i.ytimg.com/vi/lqiTP9mJKKw/maxresdefault.jpg
true,true,24 True Horror Stories Animated (Compilation of Feb 2023),IMR Scary Tales,1021026,2.91,https://www.youtube.com/watch?v=dl00_TMxIZ0,https://i.ytimg.com/vi/dl00_TMxIZ0/maxresdefault.jpg
true,true,Paraplegic Black Man Dragged Out Of HIs Car By Police (True Story),SoulSnack,1739089,2.76,https://www.youtube.com/watch?v=GxEyap0jhIo,https://i.ytimg.com/vi/GxEyap0jhIo/maxresdefault.jpg
true,true,18 TRUE HORROR STORIES ANIMATED COMPILATION,Horror Shorts Party,2446470,2.68,https://www.youtube.com/watch?v=_Tm8WdZEfBg,https://i.ytimg.com/vi/_Tm8WdZEfBg/maxresdefault.jpg
true,true,4 Chilling TRUE Scary Horror Stories,Mr. Nightmare,8079305,2.65,https://www.youtube.com/watch?v=mi01oWHDac0,https://i.ytimg.com/vi/mi01oWHDac0/maxresdefault.jpg
true,true,30 True Horror Stories Animated (Compilation of August 2023) | IMR Scary Tales,IMR Scary Tales,920712,2.62,https://www.youtube.com/watch?v=D8r0kZiyWWw,https://i.ytimg.com/vi/D8r0kZiyWWw/maxresdefault.jpg
true,true,3 True Scary Horror Stories,Mr. Nightmare,7856302,2.58,https://www.youtube.com/watch?v=zqd_xnSr4HY,https://i.ytimg.com/vi/zqd_xnSr4HY/maxresdefault.jpg
true,true,27 True Horror Stories Animated (Compilation of Sept 2023),IMR Scary Tales,828262,2.36,https://www.youtube.com/watch?v=EZHa26XjvnM,https://i.ytimg.com/vi/EZHa26XjvnM/maxresdefault.jpg
true,true,Conspiracy Theories That Turned Out to Be True,Chilling Scares,7202183,2.21,https://www.youtube.com/watch?v=ONAK-CQVXYE,https://i.ytimg.com/vi/ONAK-CQVXYE/maxresdefault.jpg
true,true,12 TRUE SCARY HORROR STORIES ANIMATED COMPILATION,Horror Shorts Party,2006082,2.2,https://www.youtube.com/watch?v=pF9xLASrFm0,https://i.ytimg.com/vi/pF9xLASrFm0/maxresdefault.jpg
true,true,11 TRUE SCARY HORROR STORIES ANIMATED COMPILATION,Horror Shorts Party,1999292,2.19,https://www.youtube.com/watch?v=8gE45tAQ_9s,https://i.ytimg.com/vi/8gE45tAQ_9s/maxresdefault.jpg
true,true,9 TRUE SCARY HORROR STORIES ANIMATED COMPILATION,Horror Shorts Party,1985171,2.18,https://www.youtube.com/watch?v=vF--uFZFN5o,https://i.ytimg.com/vi/vF--uFZFN5o/maxresdefault.jpg
true,true,Urban Legends That Turned Out to Be True,Chilling Scares,6738931,2.07,https://www.youtube.com/watch?v=S4Qq1htzd_0,https://i.ytimg.com/vi/S4Qq1htzd_0/maxresdefault.jpg
true,true,The TRUE Story of the REJECT CRITTER... (Cartoon Animation),GameToons,6604133,2.07,https://www.youtube.com/watch?v=Hfq-6v5K0XA,https://i.ytimg.com/vi/Hfq-6v5K0XA/maxresdefault.jpg
true,true onlyfans,4 TRUE ONLYFANS HORROR STORIES ANIMATED,Horror Shorts Party,6159000,6.76,https://www.youtube.com/watch?v=Ne6lz_wU3Mc,https://i.ytimg.com/vi/Ne6lz_wU3Mc/hqdefault.jpg
true,true onlyfans,3 True OnlyFans HORROR Stories Animated,IMR Scary Tales,2197743,6.26,https://www.youtube.com/watch?v=LrbcLcVEyB0,https://i.ytimg.com/vi/LrbcLcVEyB0/hqdefault.jpg
true,true mcdonald's,3 True McDonald's Horror Stories Animated,IMR Scary Tales,1345454,3.83,https://www.youtube.com/watch?v=RQiJNhUwdzs,https://i.ytimg.com/vi/RQiJNhUwdzs/maxresdefault.jpg
true,true mcdonald's,3 TRUE MCDONALD'S HORROR STORIES ANIMATED,Horror Shorts Party,3081900,3.38,https://www.youtube.com/watch?v=7SfsL3VX6aU,https://i.ytimg.com/vi/7SfsL3VX6aU/maxresdefault.jpg
true,true omegle,3 TRUE OMEGLE HORROR STORIES ANIMATED,IMR Scary Tales,1433420,4.09,https://www.youtube.com/watch?v=QjUoFWOu860,https://i.ytimg.com/vi/QjUoFWOu860/maxresdefault.jpg
true,true omegle,3 True OMEGLE HORROR Stories Animated,IMR Scary Tales,807165,2.3,https://www.youtube.com/watch?v=t1rRTS-BI4Q,https://i.ytimg.com/vi/t1rRTS-BI4Q/maxresdefault.jpg
true,true 7 eleven,3 True 7 Eleven HORROR Stories Animated,IMR Scary Tales,1340261,3.82,https://www.youtube.com/watch?v=AP57Y2diV-I,https://i.ytimg.com/vi/AP57Y2diV-I/maxresdefault.jpg
true,true 7 eleven,3 True 7 Eleven Horror Stories Animated,IMR Scary Tales,900718,2.57,https://www.youtube.com/watch?v=L7YGfpGjfBc,https://i.ytimg.com/vi/L7YGfpGjfBc/maxresdefault.jpg
true,true sleepover,3 Scary TRUE Sleepover Stories,Mr. Nightmare,8057346,2.65,https://www.youtube.com/watch?v=Jk3fJcC6x6A,https://i.ytimg.com/vi/Jk3fJcC6x6A/hqdefault.jpg
true,true sleepover,3 TRUE SLEEPOVER HORROR STORIES ANIMATED,Horror Shorts Party,1918864,2.1,https://www.youtube.com/watch?v=oQK9m0r-9VE,https://i.ytimg.com/vi/oQK9m0r-9VE/maxresdefault.jpg
true,true dark web,4 TRUE DARK WEB HORROR STORIES ANIMATED COMPILATION,Horror Shorts Party,6341797,6.96,https://www.youtube.com/watch?v=LXULCEcIC_U,https://i.ytimg.com/vi/LXULCEcIC_U/maxresdefault.jpg
true,true lockdown,3 True Lockdown Horror Stories,Mr. Nightmare,13422610,4.41,https://www.youtube.com/watch?v=FzcBUZHF-t8,https://i.ytimg.com/vi/FzcBUZHF-t8/maxresdefault.jpg
true,true amusement park,3 TRUE AMUSEMENT PARK HORROR STORIES ANIMATED,Horror Shorts Party,3886734,4.26,https://www.youtube.com/watch?v=YuMcRt37Yeo,https://i.ytimg.com/vi/YuMcRt37Yeo/maxresdefault.jpg
true,true movie theater,3 True Movie Theater Horror Stories Animated,IMR Scary Tales,1318159,3.76,https://www.youtube.com/watch?v=gb8sbN__0hQ,https://i.ytimg.com/vi/gb8sbN__0hQ/maxresdefault.jpg
true,true diddy,3 True Diddy Horror Stories Animated,IMR Scary Tales,1313293,3.74,https://www.youtube.com/watch?v=zXolY3KUm1c,https://i.ytimg.com/vi/zXolY3KUm1c/maxresdefault.jpg
true,true halloween,8 True Halloween Horror Stories to Make Your Skin Crawl ~ (feat. MrCreepyPasta),Mr. Nightmare,10545848,3.46,https://www.youtube.com/watch?v=9APviCvTGqU,https://i.ytimg.com/vi/9APviCvTGqU/hqdefault.jpg
true,true college,4 True College Horror Stories,Mr. Nightmare,10341151,3.4,https://www.youtube.com/watch?v=QbZpbow2byY,https://i.ytimg.com/vi/QbZpbow2byY/hqdefault.jpg
true,true hot tub,3 TRUE HOT TUB HORROR STORIES ANIMATED,Horror Shorts Party,2899169,3.18,https://www.youtube.com/watch?v=GvHMOlzztJQ,https://i.ytimg.com/vi/GvHMOlzztJQ/maxresdefault.jpg
true,true unsettling,27 True Unsettling Horror Stories Animated,IMR Scary Tales,1064926,3.04,https://www.youtube.com/watch?v=PxPZcsHTgAE,https://i.ytimg.com/vi/PxPZcsHTgAE/maxresdefault.jpg
true,true craigslist,3 True Craigslist Horror Stories,Mr. Nightmare,8908638,2.93,https://www.youtube.com/watch?v=eJOdvWxW7Cc,https://i.ytimg.com/vi/eJOdvWxW7Cc/hqdefault.jpg
true,true neighbor,3 True Neighbor Horror Stories,Mr. Nightmare,8894897,2.92,https://www.youtube.com/watch?v=xGC9jmEGxnI,https://i.ytimg.com/vi/xGC9jmEGxnI/hqdefault.jpg
true,true walmart,3 True Scary Walmart Horror Stories,Mr. Nightmare,8861984,2.91,https://www.youtube.com/watch?v=o9TeB-3m7qs,https://i.ytimg.com/vi/o9TeB-3m7qs/maxresdefault.jpg
true,true field trip,3 True Scary Field Trip Horror Stories,Mr. Nightmare,8765057,2.88,https://www.youtube.com/watch?v=TIkdOo1vud4,https://i.ytimg.com/vi/TIkdOo1vud4/hqdefault.jpg
true,true clown,3 True Clown Horror Stories,Mr. Nightmare,8494915,2.79,https://www.youtube.com/watch?v=pWatnY1GqME,https://i.ytimg.com/vi/pWatnY1GqME/hqdefault.jpg
true,true burger king,3 TRUE BURGER KING HORROR STORIES ANIMATED,Horror Shorts Party,2536244,2.78,https://www.youtube.com/watch?v=LIXPoGT0fIc,https://i.ytimg.com/vi/LIXPoGT0fIc/maxresdefault.jpg
true,true self hidden,I Kept My True Self Hidden Until...,Story Time Animated,2024162,2.66,https://www.youtube.com/watch?v=33CVt2b85v4,https://i.ytimg.com/vi/33CVt2b85v4/maxresdefault.jpg
true,true disturbing roommate,3 True Disturbing Roommate Horror Stories Animated,IMR Scary Tales,910421,2.59,https://www.youtube.com/watch?v=AWS1niPdUNg,https://i.ytimg.com/vi/AWS1niPdUNg/maxresdefault.jpg
true,true wendys,3 TRUE WENDYS HORROR STORIES ANIMATED,Horror Shorts Party,2306859,2.53,https://www.youtube.com/watch?v=_urPnmOIpws,https://i.ytimg.com/vi/_urPnmOIpws/maxresdefault.jpg
true,true hunting,3 Horrifying TRUE Hunting Stories to Freak you Out,Mr. Nightmare,7565678,2.49,https://www.youtube.com/watch?v=rD-WNPOTkSw,https://i.ytimg.com/vi/rD-WNPOTkSw/hqdefault.jpg
true,true 4th july independence,3 True 4th July Independence Day Horror Stories Animated,IMR Scary Tales,852115,2.43,https://www.youtube.com/watch?v=-U0Q4gs5B7M,https://i.ytimg.com/vi/-U0Q4gs5B7M/maxresdefault.jpg
true,true night shift,4 Scary True Night Shift Stories,Mr. Nightmare,7307668,2.4,https://www.youtube.com/watch?v=OIZR6OOTzDU,https://i.ytimg.com/vi/OIZR6OOTzDU/maxresdefault.jpg
true,true hooters,3 TRUE HOOTERS HORROR STORIES ANIMATED,Horror Shorts Party,2159225,2.37,https://www.youtube.com/watch?v=k3ibYzAx3Wg,https://i.ytimg.com/vi/k3ibYzAx3Wg/maxresdefault.jpg
true,true home alone,10 Scary TRUE Home Alone Stories,Mr. Nightmare,7168698,2.35,https://www.youtube.com/watch?v=iOy1b4K6D8s,https://i.ytimg.com/vi/iOy1b4K6D8s/hqdefault.jpg
true,true ice cream truck,3 True Ice Cream Truck Horror Stories Animated,IMR Scary Tales,821351,2.34,https://www.youtube.com/watch?v=tosvhMDlELg,https://i.ytimg.com/vi/tosvhMDlELg/hqdefault.jpg
true,true summer vacation,3 True Summer Vacation Horror Stories Animated,IMR Scary Tales,817171,2.33,https://www.youtube.com/watch?v=npTDeuCRzOk,https://i.ytimg.com/vi/npTDeuCRzOk/maxresdefault.jpg
true,true mukbang,3 TRUE MUKBANG HORROR STORIES ANIMATED,IMR Scary Tales,815819,2.33,https://www.youtube.com/watch?v=gVzWFB6dqkI,https://i.ytimg.com/vi/gVzWFB6dqkI/maxresdefault.jpg
true,true yoga studio,3 TRUE YOGA STUDIO HORROR STORIES ANIMATED,IMR Scary Tales,808875,2.31,https://www.youtube.com/watch?v=H-7YqLVDrA0,https://i.ytimg.com/vi/H-7YqLVDrA0/maxresdefault.jpg
true,true disneyland,3 True Disneyland Horror Stories Animated,IMR Scary Tales,795065,2.27,https://www.youtube.com/watch?v=c3SPENU37p8,https://i.ytimg.com/vi/c3SPENU37p8/hqdefault.jpg
true,true original,I Work in a Prison for Vampires. I Interviewed a True Original.,Dr. NoSleep Podcast,41492,2.26,https://www.youtube.com/watch?v=8m4l014RXNY,https://i.ytimg.com/vi/8m4l014RXNY/maxresdefault.jpg
true,true ding dong ditch,3 TRUE DING DONG DITCH HORROR STORIES ANIMATED,Horror Shorts Party,2016169,2.21,https://www.youtube.com/watch?v=emY5-xbVJ0w,https://i.ytimg.com/vi/emY5-xbVJ0w/maxresdefault.jpg
true,true road trip,3 Scary True Road Trip Horror Stories,Mr. Nightmare,6653135,2.19,https://www.youtube.com/watch?v=HlQqwpdlY7w,https://i.ytimg.com/vi/HlQqwpdlY7w/hqdefault.jpg
true,true stories of 2023,10 of the Scariest TRUE Stories of 2023,Mr. Nightmare,6617572,2.17,https://www.youtube.com/watch?v=hqIiAE579X8,https://i.ytimg.com/vi/hqIiAE579X8/maxresdefault.jpg
true,true las vegas,3 True Las Vegas Horror Stories Animated,IMR Scary Tales,756907,2.16,https://www.youtube.com/watch?v=SSP29QpsD6Y,https://i.ytimg.com/vi/SSP29QpsD6Y/hqdefault.jpg
true,true stories of 2024,10 Scariest TRUE Stories of 2024,Mr. Nightmare,6553307,2.15,https://www.youtube.com/watch?v=6P2aV1i44IM,https://i.ytimg.com/vi/6P2aV1i44IM/maxresdefault.jpg
true,true starbucks,3 True Starbucks HORROR Stories Animated,IMR Scary Tales,750124,2.14,https://www.youtube.com/watch?v=s3hPWdNZCps,https://i.ytimg.com/vi/s3hPWdNZCps/maxresdefault.jpg
true,true find my iphone,"3 Scary True ""Find My iPhone"" Horror Stories",Mr. Nightmare,6451747,2.12,https://www.youtube.com/watch?v=7jrdwUfHQ_c,https://i.ytimg.com/vi/7jrdwUfHQ_c/hqdefault.jpg
true,true mature audiences,They all heard dead people • Top 3 Strange But True (*MATURE AUDIENCES*),MrBallen,5548208,2.08,https://www.youtube.com/watch?v=eCdzzoB7jrQ,https://i.ytimg.com/vi/eCdzzoB7jrQ/hqdefault.jpg
true,true pizza delivery,3 Scary TRUE Pizza Delivery Horror Stories (Volume 2),Mr. Nightmare,6320808,2.08,https://www.youtube.com/watch?v=YnyFs2OJ8Ms,https://i.ytimg.com/vi/YnyFs2OJ8Ms/hqdefault.jpg
true,true trucker,3 True Scary Trucker Horror Stories,Mr. Nightmare,6269994,2.06,https://www.youtube.com/watch?v=1mSUUZTv2YU,https://i.ytimg.com/vi/1mSUUZTv2YU/maxresdefault.jpg
true,true ikea,3 True IKEA HORROR  Stories Animated,IMR Scary Tales,721060,2.06,https://www.youtube.com/watch?v=MrS07wakoJo,https://i.ytimg.com/vi/MrS07wakoJo/maxresdefault.jpg
true,true death's door distressing,Top 3 Strange But True | DEATH'S door (*DISTRESSING CONTENT*),MrBallen,5479523,2.05,https://www.youtube.com/watch?v=S7VtahvTLH4,https://i.ytimg.com/vi/S7VtahvTLH4/maxresdefault.jpg
true,true labubu doll,3 True Labubu Doll Horror Stories Animated,IMR Scary Tales,715064,2.04,https://www.youtube.com/watch?v=B0RcHIdXAKo,https://i.ytimg.com/vi/B0RcHIdXAKo/maxresdefault.jpg
mom,mom,"Foster Mom Gets Life In Prison, Watch What Happens.",Vid Chronicles,1439424,6.58,https://www.youtube.com/watch?v=DS2hDTxwLqE,https://i.ytimg.com/vi/DS2hDTxwLqE/maxresdefault.jpg
mom,mom,"Girl HIDES She GETTING Treated Bad In School From Mom, What Happens Is Shocking | The Beast Family",The Beast Family,7137528,5.59,https://www.youtube.com/watch?v=ENeyhA7dzWo,https://i.ytimg.com/vi/ENeyhA7dzWo/maxresdefault.jpg
mom,mom,"BAD Kids DISRESPECT MOM, What Happens WILL SHOCK YOU | The Beast Family",The Beast Family,4410488,3.46,https://www.youtube.com/watch?v=hx9M21Mi1Oo,https://i.ytimg.com/vi/hx9M21Mi1Oo/maxresdefault.jpg
mom,mom,Creepy STEP-DAD Touches Daughter in Her..... YOU WON'T BELIEVE WHAT MOM DOES NEXT!!!!!,Life Lessons With Luis,5875917,3.06,https://www.youtube.com/watch?v=Dv5noaK1ktY,https://i.ytimg.com/vi/Dv5noaK1ktY/maxresdefault.jpg
mom,mom,"Girl DISRESPECTS Her Mom, What Happens Next Is Shocking! | The Beast Family",The Beast Family,3546046,2.78,https://www.youtube.com/watch?v=PvJjdM9ISHE,https://i.ytimg.com/vi/PvJjdM9ISHE/maxresdefault.jpg
mom,mom,I Built a 7-11 in my Room and Hid it from my Mom!,The Royalty Family,38327748,2.25,https://www.youtube.com/watch?v=6ZwBHQH61QU,https://i.ytimg.com/vi/6ZwBHQH61QU/maxresdefault.jpg
mom,mom,Kid Survives The World's Cheapest Mom | Dhar Mann Studios,Dhar Mann Studios,11293175,2.12,https://www.youtube.com/watch?v=-1Jkd8muBuo,https://i.ytimg.com/vi/-1Jkd8muBuo/maxresdefault.jpg
mom,mom,I Was Stolen From My Birth Mom,Story Time Animated,1528360,2.01,https://www.youtube.com/watch?v=KnsZ8p5lrdk,https://i.ytimg.com/vi/KnsZ8p5lrdk/maxresdefault.jpg
mom,mom is jealous,My Mom Is Jealous Of My Model Body,Story Time Animated,3414780,4.49,https://www.youtube.com/watch?v=J2C2jPA-v6M,https://i.ytimg.com/vi/J2C2jPA-v6M/maxresdefault.jpg
mom,mom is jealous,Mom Is Jealous Because I'm Rich,Story Time Animated,1736881,2.28,https://www.youtube.com/watch?v=nwJ5Z0LJY2Y,https://i.ytimg.com/vi/nwJ5Z0LJY2Y/maxresdefault.jpg
mom,mom aunt is messing,"Girl Tells Mom Aunt Is Messing With Her, Watch What Happens.",Vid Chronicles,2588126,11.84,https://www.youtube.com/watch?v=ANemTh2SULQ,https://i.ytimg.com/vi/ANemTh2SULQ/maxresdefault.jpg
mom,mom finds out kid,"Mom FINDS OUT Kid Has A GIRLFRIEND, What Happens Next Is Shocking | The Beast Family",The Beast Family,9829013,7.7,https://www.youtube.com/watch?v=CoPh4GFZgDA,https://i.ytimg.com/vi/CoPh4GFZgDA/maxresdefault.jpg
mom,mom they instantly regret,"Siblings DONT LISTEN To Mom, They Instantly Regret it | The Beast Family",The Beast Family,8135270,6.38,https://www.youtube.com/watch?v=_ymYt7odJsE,https://i.ytimg.com/vi/_ymYt7odJsE/maxresdefault.jpg
mom,mom keeps daughter,"Mom Keeps Daughter Away From Family Members, Then This Happens.",Vid Chronicles,1281364,5.86,https://www.youtube.com/watch?v=1wzGJ3ONsvI,https://i.ytimg.com/vi/1wzGJ3ONsvI/maxresdefault.jpg
mom,mom leaves son,Evil Mom Leaves Son In Scorching Hot Car. Soon Lives To Regret It.,SoulSnack,3124007,4.96,https://www.youtube.com/watch?v=jBJL_-e-0O8,https://i.ytimg.com/vi/jBJL_-e-0O8/maxresdefault.jpg
mom,mom chooses favorite kid,"Mom CHOOSES FAVORITE KID, Siblings GET SAD | THE BEAST FAMILY",The Beast Family,6306374,4.94,https://www.youtube.com/watch?v=ZYM_lRvkYyI,https://i.ytimg.com/vi/ZYM_lRvkYyI/maxresdefault.jpg
mom,mom blindfolded,Son Tries to Find his MOM Blindfolded!,The Royalty Family,82104740,4.83,https://www.youtube.com/watch?v=gTPu4NtqSz4,https://i.ytimg.com/vi/gTPu4NtqSz4/maxresdefault.jpg
mom,mom throws baby,Teen Mom Throws Baby In Dumpster. Then This Happens,SoulSnack,2910159,4.62,https://www.youtube.com/watch?v=82IkX7HM8-g,https://i.ytimg.com/vi/82IkX7HM8-g/maxresdefault.jpg
mom,mom births 3 kids,"Mom BIRTHS 3 KIDS IN ONE MONTH, What Happens Next Is SHOCKING | THE BEAST FAMILY",The Beast Family,5853258,4.59,https://www.youtube.com/watch?v=aEKrnSKW82s,https://i.ytimg.com/vi/aEKrnSKW82s/maxresdefault.jpg
mom,mom invites four girls,Mom Invites Four Girls To Marry Her Son | @DramatizeMe,DramatizeMe,3290416,3.99,https://www.youtube.com/watch?v=mUe99wSXdLA,https://i.ytimg.com/vi/mUe99wSXdLA/maxresdefault.jpg
mom,mom rejects son's disabled,"Mom REJECTS Son's Disabled Girlfriend, She Lives To Regret It | Illumeably",Illumeably,2331457,3.95,https://www.youtube.com/watch?v=zslQ_eJS1rs,https://i.ytimg.com/vi/zslQ_eJS1rs/maxresdefault.jpg
mom,mom takes new xbox,Friend’s Mom Takes New XBOX Series X from Kid. Does she get caught?,Totally Studios,5419412,3.85,https://www.youtube.com/watch?v=9_pa2O2_ags,https://i.ytimg.com/vi/9_pa2O2_ags/maxresdefault.jpg
mom,mom in law mistaken,Mom-In-Law Mistaken For Bride | @DramatizeMe,DramatizeMe,2961586,3.59,https://www.youtube.com/watch?v=KBrYKeIeuOQ,https://i.ytimg.com/vi/KBrYKeIeuOQ/maxresdefault.jpg
mom,mom goes shopping,Homeless Man Saves Baby Girl Trapped in Hot Car While The Mom Goes Shopping.,SoulSnack,2246833,3.57,https://www.youtube.com/watch?v=1SlLZ451iAc,https://i.ytimg.com/vi/1SlLZ451iAc/maxresdefault.jpg
mom,mom end will shock,"Woman Catches Boyfriend In Bed with Her Mom, End Will Shock You.",Vid Chronicles,738855,3.38,https://www.youtube.com/watch?v=bX4wVdZqQEo,https://i.ytimg.com/vi/bX4wVdZqQEo/maxresdefault.jpg
mom,mom changes,Millionaire Helps Homeless Black Teen Mom. Changes Her Life Forever.,SoulSnack,2012575,3.19,https://www.youtube.com/watch?v=F3QGHb4zupg,https://i.ytimg.com/vi/F3QGHb4zupg/maxresdefault.jpg
mom,mom was secretly,His STEP MOM Was Secretly A CRIMINAL! (A Roblox Movie),ShanePlays 2,7285734,2.99,https://www.youtube.com/watch?v=xUo0Cm4LWT4,https://i.ytimg.com/vi/xUo0Cm4LWT4/maxresdefault.jpg
mom,mom forces son's wife,Mom FORCES Son's Wife To Get PREGNANT On Christmas | Illumeably,Illumeably,1746727,2.96,https://www.youtube.com/watch?v=opqb0-E8apk,https://i.ytimg.com/vi/opqb0-E8apk/maxresdefault.jpg
mom,mom thinks i m,"My Mom Thinks I’m an Angel, but I’m Actually EVIL",Story Time Animated,2199952,2.89,https://www.youtube.com/watch?v=tysS4PDcA80,https://i.ytimg.com/vi/tysS4PDcA80/maxresdefault.jpg
mom,mom day,"BAD Kids DESTROY Mom DAY, What Happens Is Shocking | The Beast Family",The Beast Family,3655310,2.86,https://www.youtube.com/watch?v=8Ul7zKHVAy0,https://i.ytimg.com/vi/8Ul7zKHVAy0/maxresdefault.jpg
mom,mom takes new iphone,MOM Takes New iPHONE from Teen on a PLANE. Does She Get Caught?,Totally Studios,3825602,2.72,https://www.youtube.com/watch?v=d-06F5E1unM,https://i.ytimg.com/vi/d-06F5E1unM/maxresdefault.jpg
mom,mom was famous,No one knew my mom was famous,Story Time Animated,2053350,2.7,https://www.youtube.com/watch?v=m_AnyAQjtZQ,https://i.ytimg.com/vi/m_AnyAQjtZQ/maxresdefault.jpg
mom,mom catches bad babysitter,"MOM CATCHES BAD BABYSITTER, What Happens Next Is Shocking | THE BEAST FAMILY",The Beast Family,3435020,2.69,https://www.youtube.com/watch?v=YQNZWZYihao,https://i.ytimg.com/vi/YQNZWZYihao/maxresdefault.jpg
mom,mom pays girl,Mom PAYS GIRL to DATE AUTISTIC SON! The Ending Will SHOCK YOU | SAMEER BHAVNANI,Sameer Bhavnani,1450253,2.66,https://www.youtube.com/watch?v=7kIw9vxpBz4,https://i.ytimg.com/vi/7kIw9vxpBz4/maxresdefault.jpg
mom,mom watches daughter cheat,"Mom WATCHES Daughter CHEAT On Valentine's Day, What Happens Is Shocking | Illumeably",Illumeably,1532416,2.6,https://www.youtube.com/watch?v=oDuBOGNWxvE,https://i.ytimg.com/vi/oDuBOGNWxvE/maxresdefault.jpg
mom,mom locks daughter,"Mom LOCKS Daughter Out Of House, What Happens Is Shocking | Illumeably",Illumeably,1454393,2.47,https://www.youtube.com/watch?v=ZC59UQwwWL8,https://i.ytimg.com/vi/ZC59UQwwWL8/maxresdefault.jpg
mom,mom swap lives instant,12 Year old Son & Mom SWAP LIVES! *Instant Regret*,The Royalty Family,38352797,2.26,https://www.youtube.com/watch?v=ksJqjusYFt0,https://i.ytimg.com/vi/ksJqjusYFt0/maxresdefault.jpg
mom,mom tries to hook,"Mom Tries To HOOK UP With Son's Friend, What Happens Is Shocking | Illumeably",Illumeably,1289753,2.19,https://www.youtube.com/watch?v=DKXFok1hsdc,https://i.ytimg.com/vi/DKXFok1hsdc/maxresdefault.jpg
mom,mom loves his sister,Mom Loves His Sister MORE THAN HIM! (A Roblox Movie),ShanePlays 2,5294846,2.18,https://www.youtube.com/watch?v=8lvGaws3jc0,https://i.ytimg.com/vi/8lvGaws3jc0/maxresdefault.jpg
mom,mom lets her kid,Mom Lets Her Kid Disrespect Pregnant Girl | @DramatizeMe,DramatizeMe,1765381,2.14,https://www.youtube.com/watch?v=KnX0VDjbPnU,https://i.ytimg.com/vi/KnX0VDjbPnU/maxresdefault.jpg
mom,mom rejects pregnant girlfriend,Mom REJECTS Pregnant Girlfriend On Christmas | Illumeably,Illumeably,1230920,2.09,https://www.youtube.com/watch?v=-Lz_wavABYA,https://i.ytimg.com/vi/-Lz_wavABYA/maxresdefault.jpg
mom,mom forces daughter marry,Mom Forces DAUGHTER MARRY For MONEY! | Dhar Mann Studios,Dhar Mann Studios,11096315,2.08,https://www.youtube.com/watch?v=0eal3y2WIYQ,https://i.ytimg.com/vi/0eal3y2WIYQ/maxresdefault.jpg
mom,mom is 500 years,My Mom is 500 years old,Story Time Animated,1548690,2.04,https://www.youtube.com/watch?v=27enH6x-dsc,https://i.ytimg.com/vi/27enH6x-dsc/maxresdefault.jpg
mom,mom they live,"Bad Kids DON'T LISTEN To MOM, They LIVE To REGRET IT | THE BEAST FAMILY",The Beast Family,2594947,2.03,https://www.youtube.com/watch?v=SqlsOxOgscM,https://i.ytimg.com/vi/SqlsOxOgscM/maxresdefault.jpg
mom,mom won't allow anyone,Mom won't allow anyone near me,Story Time Animated,1542026,2.03,https://www.youtube.com/watch?v=n2BYjsc-qgQ,https://i.ytimg.com/vi/n2BYjsc-qgQ/maxresdefault.jpg
mom,mom was real,"They Called Me DRACULA, But My Mom Was the Real Monster",Story Time Animated,1543381,2.03,https://www.youtube.com/watch?v=uTtHjHGIRss,https://i.ytimg.com/vi/uTtHjHGIRss/maxresdefault.jpg
mom,mom still acts like,My Mom Still Acts Like A TODDLER & It’s Ruining Everything,Story Time Animated,1532504,2.02,https://www.youtube.com/watch?v=tWDMbptEY2k,https://i.ytimg.com/vi/tWDMbptEY2k/maxresdefault.jpg
mom,mom only cares,Mom Only Cares About Her Beauty,Story Time Animated,1531327,2.01,https://www.youtube.com/watch?v=FD7CCtEHP2M,https://i.ytimg.com/vi/FD7CCtEHP2M/maxresdefault.jpg
mom,mom hid truth,My Mom HID The Truth About Her Job At The Mansion,Story Time Animated,1527118,2.01,https://www.youtube.com/watch?v=vney4UwIa8g,https://i.ytimg.com/vi/vney4UwIa8g/maxresdefault.jpg
girl,girl,"An Uber Driver Takes Advantage of A Drunk Girl, Then This Happens... | Sameer Bhavnani",Sameer Bhavnani,2598121,4.77,https://www.youtube.com/watch?v=zir6uw3wycY,https://i.ytimg.com/vi/zir6uw3wycY/maxresdefault.jpg
girl,girl,Kid becomes Roblox BILLIONAIRE after Account Deleted. What about the Cute Girl?,Totally Studios,6655143,4.72,https://www.youtube.com/watch?v=jC-TgCGSoWg,https://i.ytimg.com/vi/jC-TgCGSoWg/maxresdefault.jpg
girl,girl,Mom Lets Her Kid Disrespect Pregnant Girl | @DramatizeMe,DramatizeMe,1765381,2.14,https://www.youtube.com/watch?v=KnX0VDjbPnU,https://i.ytimg.com/vi/KnX0VDjbPnU/maxresdefault.jpg
girl,girl,New Cool Kid STEALS SHY KID'S Girl | Dhar Mann Studios,Dhar Mann Studios,11314407,2.12,https://www.youtube.com/watch?v=ruMqtIASAww,https://i.ytimg.com/vi/ruMqtIASAww/maxresdefault.jpg
girl,girl takes revenge,Girl Takes Revenge On Man In Bus | @DramatizeMe,DramatizeMe,6934238,8.41,https://www.youtube.com/watch?v=BjEBzF0L6I0,https://i.ytimg.com/vi/BjEBzF0L6I0/maxresdefault.jpg
girl,girl takes revenge,Girl Takes Revenge On Man In Bus | @DramatizeMe,DramatizeMe,2298530,2.79,https://www.youtube.com/watch?v=YmXpu_jCVhA,https://i.ytimg.com/vi/YmXpu_jCVhA/maxresdefault.jpg
girl,girl tells mom aunt,"Girl Tells Mom Aunt Is Messing With Her, Watch What Happens.",Vid Chronicles,2588126,11.84,https://www.youtube.com/watch?v=ANemTh2SULQ,https://i.ytimg.com/vi/ANemTh2SULQ/maxresdefault.jpg
girl,girl wishes,"Girl WISHES For A NEW FAMILY, She Lives To Regret It | The Beast Family",The Beast Family,14823995,11.62,https://www.youtube.com/watch?v=wI3qu4Ajijk,https://i.ytimg.com/vi/wI3qu4Ajijk/maxresdefault.jpg
girl,girl chooses favorite baby,"Girl CHOOSES FAVORITE BABY Brother, JEALOUS SIBLING Does Something HE REGRETS | The Beast Family",The Beast Family,13469162,10.56,https://www.youtube.com/watch?v=poVl9oPfILs,https://i.ytimg.com/vi/poVl9oPfILs/maxresdefault.jpg
girl,girl official music,Ferran - Baby Girl (Official Music Video) | The Royalty Family,The Royalty Family,130199731,7.66,https://www.youtube.com/watch?v=ez2PvU6T5pw,https://i.ytimg.com/vi/ez2PvU6T5pw/maxresdefault.jpg
girl,girl arrested for stealing,"7 Year Old Homeless Girl, ARRESTED for STEALING",Life Lessons With Luis,13050373,6.8,https://www.youtube.com/watch?v=v0EZFbB2fvc,https://i.ytimg.com/vi/v0EZFbB2fvc/maxresdefault.jpg
girl,girl must see ending,Billionaire FALLS IN LOVE with Homeless Girl! MUST SEE ENDING! Ft. FREIDA PINTO | SAMEER BHAVNANI,Sameer Bhavnani,3541373,6.5,https://www.youtube.com/watch?v=B-EkPM0u92s,https://i.ytimg.com/vi/B-EkPM0u92s/maxresdefault.jpg
girl,girl ending,Cops Harass 10 Year Old Disabled Girl. The Ending is Shocking.,SoulSnack,3544285,5.62,https://www.youtube.com/watch?v=O-LDiyAGG1E,https://i.ytimg.com/vi/O-LDiyAGG1E/maxresdefault.jpg
girl,girl hides she getting,"Girl HIDES She GETTING Treated Bad In School From Mom, What Happens Is Shocking | The Beast Family",The Beast Family,7137528,5.59,https://www.youtube.com/watch?v=ENeyhA7dzWo,https://i.ytimg.com/vi/ENeyhA7dzWo/maxresdefault.jpg
girl,girl struggles in prison,New Girl Struggles in Prison | @DramatizeMe​,DramatizeMe,4449079,5.4,https://www.youtube.com/watch?v=6N8J-YQxlFg,https://i.ytimg.com/vi/6N8J-YQxlFg/maxresdefault.jpg
girl,girl to remove,Guard Asks Girl To Remove Her Dress  | @DramatizeMe,DramatizeMe,4196107,5.09,https://www.youtube.com/watch?v=nK7KNpkaR98,https://i.ytimg.com/vi/nK7KNpkaR98/maxresdefault.jpg
girl,girl but our son,"We ADOPTED a GIRL, But Our SON Gets JEALOUS! ft/ Jordan Matter",The Royalty Family,85183388,5.01,https://www.youtube.com/watch?v=foQIRatJyj0,https://i.ytimg.com/vi/foQIRatJyj0/maxresdefault.jpg
girl,girl destroys brothers birthday,"Jealous Girl DESTROYS BROTHERS BIRTHDAY, Instantly Regrets It | THE BEAST FAMILY",The Beast Family,5902083,4.63,https://www.youtube.com/watch?v=gVunRmNXxqc,https://i.ytimg.com/vi/gVunRmNXxqc/maxresdefault.jpg
girl,girl home,Man Brings Drunk Girl Home | @DramatizeMe,DramatizeMe,3511745,4.26,https://www.youtube.com/watch?v=6fR5686uN-I,https://i.ytimg.com/vi/6fR5686uN-I/maxresdefault.jpg
girl,girl best friend,"Boyfriend Has Hot Girl Best Friend, What He Does Is Shocking | Sameer Bhavnani",Sameer Bhavnani,2073454,3.81,https://www.youtube.com/watch?v=OunPevT4HKE,https://i.ytimg.com/vi/OunPevT4HKE/maxresdefault.jpg
girl,girl of stealing,Teacher Accuses 7 Year Old Black Girl Of Stealing Her Phone,SoulSnack,2381697,3.78,https://www.youtube.com/watch?v=W3CsaFd3h9A,https://i.ytimg.com/vi/W3CsaFd3h9A/maxresdefault.jpg
girl,girl eats too much,"Girl EATS TOO MUCH MrBeast CHOCOLATE, She Lives To Regret It | THE BEAST FAMILY",The Beast Family,4814719,3.77,https://www.youtube.com/watch?v=Mi62PlhH4Vk,https://i.ytimg.com/vi/Mi62PlhH4Vk/maxresdefault.jpg
girl,girl trapped in hot,Homeless Man Saves Baby Girl Trapped in Hot Car While The Mom Goes Shopping.,SoulSnack,2246833,3.57,https://www.youtube.com/watch?v=1SlLZ451iAc,https://i.ytimg.com/vi/1SlLZ451iAc/maxresdefault.jpg
girl,girl keeps lying,"SNEAKY Girl KEEPS LYING, She Lives To Regret It | The Beast Family",The Beast Family,4341508,3.4,https://www.youtube.com/watch?v=a2RHMmyZ9Lo,https://i.ytimg.com/vi/a2RHMmyZ9Lo/maxresdefault.jpg
girl,girl on a plane,Karen Takes New iPHONE from Girl on a PLANE. The Ending is a Surprise.,Totally Studios,4715049,3.35,https://www.youtube.com/watch?v=QZ1bauMgPmk,https://i.ytimg.com/vi/QZ1bauMgPmk/maxresdefault.jpg
girl,girl fat shamed,SKINNY Girl FAT SHAMED At Restaurant | Illumeably,Illumeably,1833363,3.11,https://www.youtube.com/watch?v=ZZnxkP0QwM0,https://i.ytimg.com/vi/ZZnxkP0QwM0/maxresdefault.jpg
girl,girl outsmarted thief,Blind Girl Outsmarted The Thief | @DramatizeMe,DramatizeMe,2412091,2.93,https://www.youtube.com/watch?v=KlqeUYTLW-E,https://i.ytimg.com/vi/KlqeUYTLW-E/maxresdefault.jpg
girl,girl went on date,Trusting Girl Went On Date With Criminal | @DramatizeMe,DramatizeMe,2371011,2.88,https://www.youtube.com/watch?v=GkME32B_IDQ,https://i.ytimg.com/vi/GkME32B_IDQ/maxresdefault.jpg
girl,girl in basketball,"MEAN BOYS BULLY Little GIRL IN BASKETBALL, They Live To Regret It | The Beast Family",The Beast Family,3644573,2.86,https://www.youtube.com/watch?v=L_5ySrmO1eU,https://i.ytimg.com/vi/L_5ySrmO1eU/maxresdefault.jpg
girl,girl disrespects her mom,"Girl DISRESPECTS Her Mom, What Happens Next Is Shocking! | The Beast Family",The Beast Family,3546046,2.78,https://www.youtube.com/watch?v=PvJjdM9ISHE,https://i.ytimg.com/vi/PvJjdM9ISHE/maxresdefault.jpg
girl,girl accused of stealing,PREGNANT Girl Accused of STEALING from a Store. What Goes Wrong?,Totally Studios,3886561,2.76,https://www.youtube.com/watch?v=jnQT7vqEXhw,https://i.ytimg.com/vi/jnQT7vqEXhw/maxresdefault.jpg
girl,girl meets kidnapper surprise,9 YEAR OLD Girl Meets KIDNAPPER!!! Surprise ENDING!!!!,Life Lessons With Luis,5295600,2.76,https://www.youtube.com/watch?v=0Z3CLkojZs4,https://i.ytimg.com/vi/0Z3CLkojZs4/maxresdefault.jpg
girl,girl rips off store,Girl Rips Off Store With Fake QR Code | @DramatizeMe,DramatizeMe,2269772,2.75,https://www.youtube.com/watch?v=AG0EifkPvGY,https://i.ytimg.com/vi/AG0EifkPvGY/maxresdefault.jpg
girl,girl pays homeless,"Rich Girl PAYS HOMELESS To DATE HER, What Happens Is Shocking | Illumeably",Illumeably,1607088,2.73,https://www.youtube.com/watch?v=s5JEPNL3WL0,https://i.ytimg.com/vi/s5JEPNL3WL0/maxresdefault.jpg
girl,girl to date autistic,Mom PAYS GIRL to DATE AUTISTIC SON! The Ending Will SHOCK YOU | SAMEER BHAVNANI,Sameer Bhavnani,1450253,2.66,https://www.youtube.com/watch?v=7kIw9vxpBz4,https://i.ytimg.com/vi/7kIw9vxpBz4/maxresdefault.jpg
girl,girl moves,"Pretty Girl MOVES IN With TWO GUYS, What Happens Is Shocking | Illumeably",Illumeably,1525924,2.59,https://www.youtube.com/watch?v=y1lXFOwkdI4,https://i.ytimg.com/vi/y1lXFOwkdI4/maxresdefault.jpg
girl,girl steals new iphone,Rich Girl STEALS New iPHONE from Poor Classmate at School. Must See Surprise Ending.,Totally Studios,3590171,2.55,https://www.youtube.com/watch?v=0OPz7OKfBD8,https://i.ytimg.com/vi/0OPz7OKfBD8/maxresdefault.jpg
girl,girl fall in love,NERD and POPULAR GIRL FALL IN LOVE. The Ending is a Shock. Totally Studios.,Totally Studios,3513465,2.49,https://www.youtube.com/watch?v=_q4jer_2AZo,https://i.ytimg.com/vi/_q4jer_2AZo/maxresdefault.jpg
girl,girl thrown off plane,Girl THROWN OFF Plane for her iPHONE. Must See Ending.,Totally Studios,3295833,2.34,https://www.youtube.com/watch?v=HbEHEePWKTE,https://i.ytimg.com/vi/HbEHEePWKTE/maxresdefault.jpg
girl,girl home alone,"Parents LEAVE GIRL HOME ALONE, What She Does IS SHOCKING | THE BEAST FAMILY",The Beast Family,2960671,2.32,https://www.youtube.com/watch?v=sep6Kr6JTBc,https://i.ytimg.com/vi/sep6Kr6JTBc/maxresdefault.jpg
girl,girl has secret crush,POPULAR GIRL Has SECRET CRUSH On NERD | Dhar Mann Studios,Dhar Mann Studios,12316683,2.31,https://www.youtube.com/watch?v=ka5VgMsLyGY,https://i.ytimg.com/vi/ka5VgMsLyGY/maxresdefault.jpg
girl,girl ft julianne hough,Stepbrothers GO TO WAR Over SAME GIRL Ft. Julianne Hough | Dhar Mann Studios,Dhar Mann Studios,12201195,2.29,https://www.youtube.com/watch?v=H4S1jMGosPA,https://i.ytimg.com/vi/H4S1jMGosPA/maxresdefault.jpg
girl,girl gets hurt,"Girl GETS Hurt at School, What Happens Next Is Shocking | The Beast Family",The Beast Family,2846864,2.23,https://www.youtube.com/watch?v=5g_wz75fkao,https://i.ytimg.com/vi/5g_wz75fkao/hqdefault.jpg
girl,girl teases friend,Girl Teases Friend For Having Poor BF | @DramatizeMe​,DramatizeMe,1831675,2.22,https://www.youtube.com/watch?v=b9HLoGsAl98,https://i.ytimg.com/vi/b9HLoGsAl98/maxresdefault.jpg
girl,girl beats genius,Young Girl BEATS GENIUS In Math Contest | Dhar Mann Studios,Dhar Mann Studios,11702183,2.19,https://www.youtube.com/watch?v=dTzKXh51dlE,https://i.ytimg.com/vi/dTzKXh51dlE/maxresdefault.jpg
girl,girl becomes beautiful overnight,Ugly Girl Becomes Beautiful Overnight | Alan’s Universe,Alan's Universe,69601631,2.11,https://www.youtube.com/watch?v=Pd_zn1f-ax8,https://i.ytimg.com/vi/Pd_zn1f-ax8/maxresdefault.jpg
girl,girl gets pregnant,RACIST Girl Gets PREGNANT by Other Man! TWISTED ENDING... | SAMEER BHAVNANI,Sameer Bhavnani,1131451,2.08,https://www.youtube.com/watch?v=Htcbj5MD848,https://i.ytimg.com/vi/Htcbj5MD848/maxresdefault.jpg
girl,girl in pool,Spoiled Brat Shames Girl In Pool | @DramatizeMe,DramatizeMe,1684805,2.04,https://www.youtube.com/watch?v=kEYwvEz0LsA,https://i.ytimg.com/vi/kEYwvEz0LsA/maxresdefault.jpg
girl,girl terribly he lives,"Boyfriend Treats His Girl TERRIBLY, He Lives To Regret It | Illumeably",Illumeably,1187039,2.01,https://www.youtube.com/watch?v=SIpK0JNasT4,https://i.ytimg.com/vi/SIpK0JNasT4/maxresdefault.jpg
girl,girl tests boyfriend's loyalty,"Girl TESTS Boyfriend's LOYALTY With Her BEST FRIEND, What Happens Is Shocking | Illumeably",Illumeably,1181950,2.0,https://www.youtube.com/watch?v=_fk7poLVN4k,https://i.ytimg.com/vi/_fk7poLVN4k/maxresdefault.jpg
school,school,Embarrassing School Moments We All Had,Tyler Vitelli,5530428,6.21,https://www.youtube.com/watch?v=v0411NQ-0YI,https://i.ytimg.com/vi/v0411NQ-0YI/maxresdefault.jpg
school,school,I Built 3 SECRET Rooms In School!,Stokes Twins,224432683,4.37,https://www.youtube.com/watch?v=wSxZzlKl0-U,https://i.ytimg.com/vi/wSxZzlKl0-U/maxresdefault.jpg
school,school,I Survived The World's STRICTEST School!,Stokes Twins,191829855,3.74,https://www.youtube.com/watch?v=LnVfvz_CJ1o,https://i.ytimg.com/vi/LnVfvz_CJ1o/maxresdefault.jpg
school,school,"Brother and Sister SKIP SCHOOL, What Happens Is Shocking | The Beast Family",The Beast Family,4371709,3.43,https://www.youtube.com/watch?v=5JKehi0L0ik,https://i.ytimg.com/vi/5JKehi0L0ik/maxresdefault.jpg
school,school,4 Disturbing TRUE High School Horror Stories,Mr. Nightmare,9470499,3.11,https://www.youtube.com/watch?v=IXahfM5mKn0,https://i.ytimg.com/vi/IXahfM5mKn0/maxresdefault.jpg
school,school,Boys vs Girls: Control The School | Alan's Universe,Alan's Universe,93871675,2.84,https://www.youtube.com/watch?v=pN_kCx9bSAA,https://i.ytimg.com/vi/pN_kCx9bSAA/maxresdefault.jpg
school,school,The Problem with Each Grade of School..,Tyler Vitelli,2511833,2.82,https://www.youtube.com/watch?v=koybucnWKUE,https://i.ytimg.com/vi/koybucnWKUE/maxresdefault.jpg
school,school,"I’m a Nerd, But My BF is the Hottest Guy in School",MSA,43887484,2.81,https://www.youtube.com/watch?v=Lge3nbzp3dk,https://i.ytimg.com/vi/Lge3nbzp3dk/maxresdefault.jpg
school,school,Kid HACKS Minecraft Server at School. Will He Get Caught?,Totally Studios,3616621,2.57,https://www.youtube.com/watch?v=gR3iEiI3pOE,https://i.ytimg.com/vi/gR3iEiI3pOE/maxresdefault.jpg
school,school,how a real life princess goes to school,MSA,38156712,2.44,https://www.youtube.com/watch?v=14T3LvINDVg,https://i.ytimg.com/vi/14T3LvINDVg/maxresdefault.jpg
school,school,TEACHER WON'T Show HER FACE Inside SCHOOL | Dhar Mann Studios,Dhar Mann Studios,12307155,2.31,https://www.youtube.com/watch?v=tcUx5UjfRsM,https://i.ytimg.com/vi/tcUx5UjfRsM/maxresdefault.jpg
school,school,Kid FAKES Dying to SKIP School. Does He Get Caught?,Totally Studios,3198958,2.27,https://www.youtube.com/watch?v=FYuTGv2xIhc,https://i.ytimg.com/vi/FYuTGv2xIhc/maxresdefault.jpg
school,school,"Girl GETS Hurt at School, What Happens Next Is Shocking | The Beast Family",The Beast Family,2846864,2.23,https://www.youtube.com/watch?v=5g_wz75fkao,https://i.ytimg.com/vi/5g_wz75fkao/hqdefault.jpg
school,school,"STUDENT Sells CHEAT SHEETS For $10,000 At SCHOOL | Dhar Mann Studios",Dhar Mann Studios,11746092,2.2,https://www.youtube.com/watch?v=g6LvwnIONTs,https://i.ytimg.com/vi/g6LvwnIONTs/maxresdefault.jpg
school,school,NOBODY At School Knew He Was SECRETLY A BILLIONAIRE! (A Roblox Movie),ShanePlays 2,5130388,2.11,https://www.youtube.com/watch?v=ZwH8Nb7WHmc,https://i.ytimg.com/vi/ZwH8Nb7WHmc/maxresdefault.jpg
school,school,3 Creepy School Horror Stories Animated,IMR Scary Tales,725219,2.07,https://www.youtube.com/watch?v=pVgak_HNIKk,https://i.ytimg.com/vi/pVgak_HNIKk/hqdefault.jpg
school,school bus,I Built an EXTREME School Bus!,Ben Azelart,124197076,4.42,https://www.youtube.com/watch?v=Jg9mQl81EDs,https://i.ytimg.com/vi/Jg9mQl81EDs/maxresdefault.jpg
school,school bus,I Survived 50 Hours Driving My School Bus,Unspeakable,26321491,2.14,https://www.youtube.com/watch?v=uvIcoNG6SY8,https://i.ytimg.com/vi/uvIcoNG6SY8/maxresdefault.jpg
school,school must see surprise,Student CALLED FAT and LAZY by Coach at School. Must see Surprise Ending. Totally Studios,Totally Studios,4458001,3.16,https://www.youtube.com/watch?v=zu6ZwekCSy8,https://i.ytimg.com/vi/zu6ZwekCSy8/maxresdefault.jpg
school,school must see surprise,Rich Girl STEALS New iPHONE from Poor Classmate at School. Must See Surprise Ending.,Totally Studios,3590171,2.55,https://www.youtube.com/watch?v=0OPz7OKfBD8,https://i.ytimg.com/vi/0OPz7OKfBD8/maxresdefault.jpg
school,school lunch,Which Country has the Best School Lunch?,Stokes Twins,130099481,2.53,https://www.youtube.com/watch?v=bKrOknHPdtc,https://i.ytimg.com/vi/bKrOknHPdtc/maxresdefault.jpg
school,school lunch,I Ate School Lunch From Every Country,Nick DiGiovanni,73917227,2.15,https://www.youtube.com/watch?v=yyw_GTNzXFc,https://i.ytimg.com/vi/yyw_GTNzXFc/maxresdefault.jpg
school,school lockdown,3 Creepy True School Lockdown Stories,Mr. Nightmare,29973603,9.85,https://www.youtube.com/watch?v=kKDHnbsYWWM,https://i.ytimg.com/vi/kKDHnbsYWWM/hqdefault.jpg
school,school from mom,"Girl HIDES She GETTING Treated Bad In School From Mom, What Happens Is Shocking | The Beast Family",The Beast Family,7137528,5.59,https://www.youtube.com/watch?v=ENeyhA7dzWo,https://i.ytimg.com/vi/ENeyhA7dzWo/maxresdefault.jpg
school,school surprise ending,Karen FLUSHES IPHONE on a Plane. And she BANS PHONES in School. Surprise Ending.,Totally Studios,6688821,4.75,https://www.youtube.com/watch?v=RgYcbMQjhas,https://i.ytimg.com/vi/RgYcbMQjhas/maxresdefault.jpg
school,school lunches,Eating 100 Years of School Lunches!,Stokes Twins,186444192,3.63,https://www.youtube.com/watch?v=41tkMAUJr8k,https://i.ytimg.com/vi/41tkMAUJr8k/maxresdefault.jpg
school,school riot storytime,I Started a School Riot.. (Storytime),Tyler Vitelli,2666693,3.0,https://www.youtube.com/watch?v=MCGOE18KRSw,https://i.ytimg.com/vi/MCGOE18KRSw/maxresdefault.jpg
school,school bathrooms,The Problem with School Bathrooms..,Tyler Vitelli,2522256,2.83,https://www.youtube.com/watch?v=paN_5HKoGlg,https://i.ytimg.com/vi/paN_5HKoGlg/maxresdefault.jpg
school,school jay's world s3,Kid BUILDS SECRET TUNNEL To ESCAPE SCHOOL - Jay's World S3 E03 | Dhar Mann Studios,Dhar Mann Studios,13872534,2.6,https://www.youtube.com/watch?v=bA2h2lj3Ilc,https://i.ytimg.com/vi/bA2h2lj3Ilc/maxresdefault.jpg
school,school popularity,The 7 Levels of School Popularity,Tyler Vitelli,2217438,2.49,https://www.youtube.com/watch?v=hkXwC2peHyA,https://i.ytimg.com/vi/hkXwC2peHyA/maxresdefault.jpg
school,school a surprise,NERD TO POPULAR. How to Become Popular in School with a Surprise Ending. Totally Studios.,Totally Studios,3082887,2.19,https://www.youtube.com/watch?v=ZotRunTXJ8I,https://i.ytimg.com/vi/ZotRunTXJ8I/maxresdefault.jpg
school,school billionaire,I Control the school Billionaire,Story Time Animated,1650646,2.17,https://www.youtube.com/watch?v=ZZRH1lQzPFg,https://i.ytimg.com/vi/ZZRH1lQzPFg/maxresdefault.jpg
school,school for a day,Going Back To MIDDLE SCHOOL For A Day!,Stokes Twins,110809264,2.16,https://www.youtube.com/watch?v=plcU6ocDGSw,https://i.ytimg.com/vi/plcU6ocDGSw/maxresdefault.jpg
school,school crazy ending,FARTING KID Kicked Out of School. Crazy Ending.,Totally Studios,3028438,2.15,https://www.youtube.com/watch?v=rMw2jSy88mM,https://i.ytimg.com/vi/rMw2jSy88mM/maxresdefault.jpg
house,house,Police Officer Attacks Handicap Teenager On Way To His Friends House,SoulSnack,5150563,8.17,https://www.youtube.com/watch?v=lWCfKCrKeRc,https://i.ytimg.com/vi/lWCfKCrKeRc/maxresdefault.jpg
house,house,I Built a SECRET Zoo In My House!,Ben Azelart,137949276,4.9,https://www.youtube.com/watch?v=9qmfPvrm6ew,https://i.ytimg.com/vi/9qmfPvrm6ew/maxresdefault.jpg
house,house,Doge Coin Millionaire Buys Back Grandma's House! | Sameer Bhavnani,Sameer Bhavnani,2578089,4.73,https://www.youtube.com/watch?v=lGPa9Z4yRbw,https://i.ytimg.com/vi/lGPa9Z4yRbw/maxresdefault.jpg
house,house,Overnight in the World's Loneliest House,Ryan Trahan,42663273,4.23,https://www.youtube.com/watch?v=taXDBwLOWg8,https://i.ytimg.com/vi/taXDBwLOWg8/maxresdefault.jpg
house,house,I Built 7 EXTREME Rooms in My House!,Ben Azelart,108304299,3.85,https://www.youtube.com/watch?v=SrWHnSDQyps,https://i.ytimg.com/vi/SrWHnSDQyps/maxresdefault.jpg
house,house,"Stranger Buys Homeless Family A House, Watch What Happens.",Vid Chronicles,744541,3.41,https://www.youtube.com/watch?v=89S_KgiewcY,https://i.ytimg.com/vi/89S_KgiewcY/maxresdefault.jpg
house,house,I Built a SECRET Soccer Field in My House!,Ben Azelart,92780114,3.3,https://www.youtube.com/watch?v=7K9jWptv61M,https://i.ytimg.com/vi/7K9jWptv61M/maxresdefault.jpg
house,house,"$1 vs $100,000,000 House!",MrBeast,448281625,2.97,https://www.youtube.com/watch?v=3ryID_SwU5E,https://i.ytimg.com/vi/3ryID_SwU5E/maxresdefault.jpg
house,house,"I BUILT A $100,000 DREAM DOG HOUSE!!",Ben Azelart,74891894,2.66,https://www.youtube.com/watch?v=zEMCRFnAUUM,https://i.ytimg.com/vi/zEMCRFnAUUM/maxresdefault.jpg
house,house,"SPENDING $1,000,000 FILLING MY HOUSE",Unspeakable,31183473,2.54,https://www.youtube.com/watch?v=tI3XBVrglEY,https://i.ytimg.com/vi/tI3XBVrglEY/maxresdefault.jpg
house,house,"Mom LOCKS Daughter Out Of House, What Happens Is Shocking | Illumeably",Illumeably,1454393,2.47,https://www.youtube.com/watch?v=ZC59UQwwWL8,https://i.ytimg.com/vi/ZC59UQwwWL8/maxresdefault.jpg
house,house,PREGNANT TEEN Kicked Out Of Her House,Illumeably,1240312,2.1,https://www.youtube.com/watch?v=Oy2YHkJL83E,https://i.ytimg.com/vi/Oy2YHkJL83E/maxresdefault.jpg
house,house,I Built 10 EXTREME Rooms in My House!,Ben Azelart,58986737,2.1,https://www.youtube.com/watch?v=zFk0kvxDehc,https://i.ytimg.com/vi/zFk0kvxDehc/maxresdefault.jpg
house,house,I Secretly Lived In Kai Cenat's House,Airrack,21733268,2.1,https://www.youtube.com/watch?v=jq1qecZ7UNw,https://i.ytimg.com/vi/jq1qecZ7UNw/maxresdefault.jpg
house,house,I Secretly Lived In MrBeast's House,Airrack,21525639,2.08,https://www.youtube.com/watch?v=CPOaelxGivM,https://i.ytimg.com/vi/CPOaelxGivM/maxresdefault.jpg
house,house,I Built a Floating House!,Ben Azelart,56449802,2.01,https://www.youtube.com/watch?v=TMrQPJnQMqY,https://i.ytimg.com/vi/TMrQPJnQMqY/maxresdefault.jpg
house,house,Moving Into My Life Size Cardboard House,Unspeakable,24536575,2.0,https://www.youtube.com/watch?v=tG3WpQbzKLQ,https://i.ytimg.com/vi/tG3WpQbzKLQ/maxresdefault.jpg
house,house packing peanuts,I FILLED MY ISLAND HOUSE WITH PACKING PEANUTS!,Unspeakable,103391067,8.41,https://www.youtube.com/watch?v=Y3sj_v62dpc,https://i.ytimg.com/vi/Y3sj_v62dpc/maxresdefault.jpg
house,house packing peanuts,I FILLED MY ENTIRE HOUSE WITH PACKING PEANUTS!,Ben Azelart,139141261,4.95,https://www.youtube.com/watch?v=GGBO7rsdllA,https://i.ytimg.com/vi/GGBO7rsdllA/maxresdefault.jpg
house,house into a trampoline,I Turned My House Into a Trampoline Park!,Unspeakable,79441733,6.46,https://www.youtube.com/watch?v=lSSWH4NOdgE,https://i.ytimg.com/vi/lSSWH4NOdgE/hqdefault.jpg
house,house in my backyard,I Built a SECRET Tree House in My Backyard!,Ben Azelart,129850738,4.62,https://www.youtube.com/watch?v=S-urPnZysx0,https://i.ytimg.com/vi/S-urPnZysx0/maxresdefault.jpg
house,house ball pit,I FILLED MY ISLAND HOUSE WITH BALL PIT BALLS!,Unspeakable,46067404,3.75,https://www.youtube.com/watch?v=E1wBTSIajBc,https://i.ytimg.com/vi/E1wBTSIajBc/maxresdefault.jpg
house,house stars,Lilly Singh - Something In Our House! | storybooth Stars,storybooth,11574823,2.53,https://www.youtube.com/watch?v=MXTO0rTpfks,https://i.ytimg.com/vi/MXTO0rTpfks/maxresdefault.jpg
house,house real slime,I FILLED MY HOUSE WITH REAL SLIME!,Unspeakable,29097894,2.37,https://www.youtube.com/watch?v=m18jYej7doE,https://i.ytimg.com/vi/m18jYej7doE/maxresdefault.jpg
house,house snow don,I Filled my ENTIRE House with Snow *don’t try this*,The Royalty Family,38557239,2.27,https://www.youtube.com/watch?v=jIvVbyHl8eA,https://i.ytimg.com/vi/jIvVbyHl8eA/maxresdefault.jpg
house,house at 12am,SNEAKING OUT the House at 12AM,The Royalty Family,35715298,2.1,https://www.youtube.com/watch?v=1rwQgaFFg-4,https://i.ytimg.com/vi/1rwQgaFFg-4/maxresdefault.jpg
house,house it leads,"There's A Hidden Room In My House, It Leads To Another Dimension",Dr. NoSleep Podcast,37567,2.05,https://www.youtube.com/watch?v=ifsFSwkqHZ4,https://i.ytimg.com/vi/ifsFSwkqHZ4/maxresdefault.jpg
shocking,shocking,"NOT GUILTY Kid GOES TO JAIL, What Happens IS SHOCKING | The Beast Family",The Beast Family,13693730,10.73,https://www.youtube.com/watch?v=eW18OhhcGyU,https://i.ytimg.com/vi/eW18OhhcGyU/maxresdefault.jpg
shocking,shocking,"Mom FINDS OUT Kid Has A GIRLFRIEND, What Happens Next Is Shocking | The Beast Family",The Beast Family,9829013,7.7,https://www.youtube.com/watch?v=CoPh4GFZgDA,https://i.ytimg.com/vi/CoPh4GFZgDA/maxresdefault.jpg
shocking,shocking,"Big Brother AND Sister DONT LISTEN to PARENTS, What Happens Is Shocking | THE BEAST FAMILY",The Beast Family,8696016,6.81,https://www.youtube.com/watch?v=G4RtLO-C470,https://i.ytimg.com/vi/G4RtLO-C470/maxresdefault.jpg
shocking,shocking,"MARRIED People CAUGHT CHEATING, What Happens Is Shocking | Illumeably",Illumeably,3609934,6.12,https://www.youtube.com/watch?v=M6Q2xwv2MYo,https://i.ytimg.com/vi/M6Q2xwv2MYo/maxresdefault.jpg
shocking,shocking,Cops Harass 10 Year Old Disabled Girl. The Ending is Shocking.,SoulSnack,3544285,5.62,https://www.youtube.com/watch?v=O-LDiyAGG1E,https://i.ytimg.com/vi/O-LDiyAGG1E/maxresdefault.jpg
shocking,shocking,"Girl HIDES She GETTING Treated Bad In School From Mom, What Happens Is Shocking | The Beast Family",The Beast Family,7137528,5.59,https://www.youtube.com/watch?v=ENeyhA7dzWo,https://i.ytimg.com/vi/ENeyhA7dzWo/maxresdefault.jpg
shocking,shocking,"Mom BIRTHS 3 KIDS IN ONE MONTH, What Happens Next Is SHOCKING | THE BEAST FAMILY",The Beast Family,5853258,4.59,https://www.youtube.com/watch?v=aEKrnSKW82s,https://i.ytimg.com/vi/aEKrnSKW82s/maxresdefault.jpg
shocking,shocking,"POOR Janitor Meets Girlfriend's RICH DAD, What Janitor Does Is Shocking | Illumeably",Illumeably,2651578,4.5,https://www.youtube.com/watch?v=lmj4WZK8ZoI,https://i.ytimg.com/vi/lmj4WZK8ZoI/maxresdefault.jpg
shocking,shocking,"Dad TURNS INTO GRIMACE, What Happens Is Shocking | The Beast Family",The Beast Family,5292855,4.15,https://www.youtube.com/watch?v=Oc-FCHDTsVk,https://i.ytimg.com/vi/Oc-FCHDTsVk/maxresdefault.jpg
shocking,shocking,"Waiter SAVES Girl From KIDNAPPER, What Happens Is Shocking | Illumeably",Illumeably,2443305,4.14,https://www.youtube.com/watch?v=t0it_EGuVms,https://i.ytimg.com/vi/t0it_EGuVms/maxresdefault.jpg
shocking,shocking,"Boyfriend Has Hot Girl Best Friend, What He Does Is Shocking | Sameer Bhavnani",Sameer Bhavnani,2073454,3.81,https://www.youtube.com/watch?v=OunPevT4HKE,https://i.ytimg.com/vi/OunPevT4HKE/maxresdefault.jpg
shocking,shocking,"Prisoner ESCAPES JAIL For VALENTINE, What Happens Is Shocking | Illumeably",Illumeably,2228588,3.78,https://www.youtube.com/watch?v=8tOIQagdVNI,https://i.ytimg.com/vi/8tOIQagdVNI/maxresdefault.jpg
shocking,shocking,"Kids BECOME GROWN UPS For 24 HOURS, WHAT HAPPENS IS SHOCKING | THE BEAST FAMILY",The Beast Family,4745905,3.72,https://www.youtube.com/watch?v=jc3-1lkABe0,https://i.ytimg.com/vi/jc3-1lkABe0/maxresdefault.jpg
shocking,shocking,"Brother and Sister SKIP SCHOOL, What Happens Is Shocking | The Beast Family",The Beast Family,4371709,3.43,https://www.youtube.com/watch?v=5JKehi0L0ik,https://i.ytimg.com/vi/5JKehi0L0ik/maxresdefault.jpg
shocking,shocking,Dad TURNS Into VAMPIRE What Happens Next Is Shocking | The Beast Family,The Beast Family,4161374,3.26,https://www.youtube.com/watch?v=8tBzZa6Ww1Y,https://i.ytimg.com/vi/8tBzZa6Ww1Y/maxresdefault.jpg
shocking,shocking,"BABY CHOOSES WHAT FAMILY EATS, What Happens Is Shocking | THE BEAST FAMILY",The Beast Family,4062344,3.18,https://www.youtube.com/watch?v=oT-0hDoPdWw,https://i.ytimg.com/vi/oT-0hDoPdWw/maxresdefault.jpg
shocking,shocking,"Family BUYS EVIL TOY, What Happens NEXT Is Shocking!",The Beast Family,3940288,3.09,https://www.youtube.com/watch?v=dos6AKorcwY,https://i.ytimg.com/vi/dos6AKorcwY/maxresdefault.jpg
shocking,shocking,"BROKE HUSBAND Keeps WASTING Money, What Happens Next Is Shocking | Illumeably",Illumeably,1800817,3.05,https://www.youtube.com/watch?v=TzVWSNBG-U4,https://i.ytimg.com/vi/TzVWSNBG-U4/maxresdefault.jpg
shocking,shocking,"Brother Gets JEALOUS of Sister, What Happens Next Is Shocking",The Beast Family,3853735,3.02,https://www.youtube.com/watch?v=K6s34KPYroQ,https://i.ytimg.com/vi/K6s34KPYroQ/maxresdefault.jpg
shocking,shocking,What HE DOES NEXT IS SHOCKING! | SAMEER BHAVNANI,Sameer Bhavnani,1563160,2.87,https://www.youtube.com/watch?v=p9bOsxTphZc,https://i.ytimg.com/vi/p9bOsxTphZc/maxresdefault.jpg
shocking,shocking,"Our NEW MANSION Is HAUNTED By SKIBIDI TOILET, What Happens IS SHOCKING | THE BEAST FAMILY",The Beast Family,3668313,2.87,https://www.youtube.com/watch?v=72ijoJ5W7Fg,https://i.ytimg.com/vi/72ijoJ5W7Fg/maxresdefault.jpg
shocking,shocking,"Boyfriend NOT ALLOWED To HAVE FRIENDS, What Happens Is Shocking | Illumeably",Illumeably,1646913,2.79,https://www.youtube.com/watch?v=yFkQGGAVrIU,https://i.ytimg.com/vi/yFkQGGAVrIU/maxresdefault.jpg
shocking,shocking,"Girl DISRESPECTS Her Mom, What Happens Next Is Shocking! | The Beast Family",The Beast Family,3546046,2.78,https://www.youtube.com/watch?v=PvJjdM9ISHE,https://i.ytimg.com/vi/PvJjdM9ISHE/maxresdefault.jpg
shocking,shocking,"DANCER Is AGE SHAMED At Audition, What Happens Is Shocking | Illumeably",Illumeably,1636666,2.78,https://www.youtube.com/watch?v=BYNPJnYFTFg,https://i.ytimg.com/vi/BYNPJnYFTFg/maxresdefault.jpg
shocking,shocking,"Rich Girl PAYS HOMELESS To DATE HER, What Happens Is Shocking | Illumeably",Illumeably,1607088,2.73,https://www.youtube.com/watch?v=s5JEPNL3WL0,https://i.ytimg.com/vi/s5JEPNL3WL0/maxresdefault.jpg
shocking,shocking,"MOM CATCHES BAD BABYSITTER, What Happens Next Is Shocking | THE BEAST FAMILY",The Beast Family,3435020,2.69,https://www.youtube.com/watch?v=YQNZWZYihao,https://i.ytimg.com/vi/YQNZWZYihao/maxresdefault.jpg
shocking,shocking,"Coworker Tries To SEDUCE A Taken Man, What Happens Next Is Shocking | Illumeably",Illumeably,1577330,2.67,https://www.youtube.com/watch?v=qYSwAOnLayc,https://i.ytimg.com/vi/qYSwAOnLayc/maxresdefault.jpg
shocking,shocking,"LITTLE Brother GETS LEFT At PLAYGROUND, What Happens Next Is Shocking | The Beast Family",The Beast Family,3364494,2.64,https://www.youtube.com/watch?v=dKPOH3taymw,https://i.ytimg.com/vi/dKPOH3taymw/maxresdefault.jpg
shocking,shocking,"Pretty Girl MOVES IN With TWO GUYS, What Happens Is Shocking | Illumeably",Illumeably,1525924,2.59,https://www.youtube.com/watch?v=y1lXFOwkdI4,https://i.ytimg.com/vi/y1lXFOwkdI4/maxresdefault.jpg
shocking,shocking,"Parents SELL DAUGHTER To OLD RICH MAN, What Happens Is Shocking | Illumeably",Illumeably,1504259,2.55,https://www.youtube.com/watch?v=FZR-MgJLteM,https://i.ytimg.com/vi/FZR-MgJLteM/maxresdefault.jpg
shocking,shocking,"DISABLED Guy REJECTED On A Date, What Happens Is Shocking | Illumeably",Illumeably,1498186,2.54,https://www.youtube.com/watch?v=adgnNxEibgE,https://i.ytimg.com/vi/adgnNxEibgE/maxresdefault.jpg
shocking,shocking,"Mom LOCKS Daughter Out Of House, What Happens Is Shocking | Illumeably",Illumeably,1454393,2.47,https://www.youtube.com/watch?v=ZC59UQwwWL8,https://i.ytimg.com/vi/ZC59UQwwWL8/maxresdefault.jpg
shocking,shocking,"POOR Girl PRETENDS To Be RICH For Her Friends, What Happens Is Shocking | Illumeably",Illumeably,1412138,2.39,https://www.youtube.com/watch?v=Css3T0bi6bY,https://i.ytimg.com/vi/Css3T0bi6bY/maxresdefault.jpg
shocking,shocking,"Girlfriend Brutally Dumps Poor Boyfriend For Rich Man, Ending Is Shocking | Illumeably",Illumeably,1389673,2.36,https://www.youtube.com/watch?v=hEC3XCHoujs,https://i.ytimg.com/vi/hEC3XCHoujs/maxresdefault.jpg
shocking,shocking,"KIDS TURN INTO ADULTS, What Happens Is Shocking",The Beast Family,2961837,2.32,https://www.youtube.com/watch?v=jFMHKPAyxmM,https://i.ytimg.com/vi/jFMHKPAyxmM/maxresdefault.jpg
shocking,shocking,"Parents LEAVE GIRL HOME ALONE, What She Does IS SHOCKING | THE BEAST FAMILY",The Beast Family,2960671,2.32,https://www.youtube.com/watch?v=sep6Kr6JTBc,https://i.ytimg.com/vi/sep6Kr6JTBc/maxresdefault.jpg
shocking,shocking,"CON ARTIST Falls IN LOVE With Victim, What Happens Is Shocking | Illumeably",Illumeably,1357184,2.3,https://www.youtube.com/watch?v=zco1YZnALUI,https://i.ytimg.com/vi/zco1YZnALUI/maxresdefault.jpg
shocking,shocking,"Son CATCHES Dad With GRANDMA, What Happens Is Shocking | Illumeably",Illumeably,1328179,2.25,https://www.youtube.com/watch?v=czQyC1Uy4q4,https://i.ytimg.com/vi/czQyC1Uy4q4/maxresdefault.jpg
shocking,shocking,"Girl GETS Hurt at School, What Happens Next Is Shocking | The Beast Family",The Beast Family,2846864,2.23,https://www.youtube.com/watch?v=5g_wz75fkao,https://i.ytimg.com/vi/5g_wz75fkao/hqdefault.jpg
shocking,shocking,"Guy CHANGES IDENTITY To Date Two Girls, What Happens Next Is Shocking | Illumeably",Illumeably,1287691,2.18,https://www.youtube.com/watch?v=esWR87AXaag,https://i.ytimg.com/vi/esWR87AXaag/maxresdefault.jpg
shocking,shocking,"Daughter Brings DRUG DEALER Home FOR CHRISTMAS, What Happens Is Shocking | Illumeably",Illumeably,1186632,2.01,https://www.youtube.com/watch?v=UWgnvzdMjeA,https://i.ytimg.com/vi/UWgnvzdMjeA/maxresdefault.jpg
shocking,shocking,"Girl TESTS Boyfriend's LOYALTY With Her BEST FRIEND, What Happens Is Shocking | Illumeably",Illumeably,1181950,2.0,https://www.youtube.com/watch?v=_fk7poLVN4k,https://i.ytimg.com/vi/_fk7poLVN4k/maxresdefault.jpg
shocking,shocking horrifying moments caught,5 Truly Shocking & Horrifying Moments Caught on Camera,Mr. Nightmare,26567771,8.73,https://www.youtube.com/watch?v=T1MrMnmFyU0,https://i.ytimg.com/vi/T1MrMnmFyU0/hqdefault.jpg
shocking,shocking end,EVIL Mother In-Law Electrocutes WIFE! SHOCKING END... | SAMEER BHAVNANI,Sameer Bhavnani,2103608,3.86,https://www.youtube.com/watch?v=6JYLrvM3yjA,https://i.ytimg.com/vi/6JYLrvM3yjA/maxresdefault.jpg
son,son,Son Tries to Find his MOM Blindfolded!,The Royalty Family,82104740,4.83,https://www.youtube.com/watch?v=gTPu4NtqSz4,https://i.ytimg.com/vi/gTPu4NtqSz4/maxresdefault.jpg
son,son,Mom Invites Four Girls To Marry Her Son | @DramatizeMe,DramatizeMe,3290416,3.99,https://www.youtube.com/watch?v=mUe99wSXdLA,https://i.ytimg.com/vi/mUe99wSXdLA/maxresdefault.jpg
son,son,A Billionaire Hired Me To Date His Son,MSA,60506894,3.87,https://www.youtube.com/watch?v=RrgLyLTscdQ,https://i.ytimg.com/vi/RrgLyLTscdQ/maxresdefault.jpg
son,son,Prejudice Rookie Cop Arrests Police Captain's Son. Then This Happens,SoulSnack,1896933,3.01,https://www.youtube.com/watch?v=MHutaFD3Tk4,https://i.ytimg.com/vi/MHutaFD3Tk4/maxresdefault.jpg
son,son,Racist Karen Calls Cops on Black Dad Who Has White Son.,SoulSnack,1788563,2.84,https://www.youtube.com/watch?v=FyPm-K53fh4,https://i.ytimg.com/vi/FyPm-K53fh4/maxresdefault.jpg
son,son,Police Officer Arrests The Sheriff's Son. Then This Happens,SoulSnack,1752973,2.78,https://www.youtube.com/watch?v=jt7KfMmY5Hg,https://i.ytimg.com/vi/jt7KfMmY5Hg/maxresdefault.jpg
son,son,Racist Cop Pulls Over Black Police Captain’s Teen Son.,SoulSnack,1545787,2.45,https://www.youtube.com/watch?v=EYEFIf7sGGA,https://i.ytimg.com/vi/EYEFIf7sGGA/maxresdefault.jpg
son,son a roblox movie,MEAN Mom KICKED OUT Her ONLY Son! (A Roblox Movie),ShanePlays 2,8940998,3.67,https://www.youtube.com/watch?v=2lPWcSKlo6o,https://i.ytimg.com/vi/2lPWcSKlo6o/maxresdefault.jpg
son,son a roblox movie,Mean STEP MOM Only Loved HER Son! (A Roblox Movie),ShanePlays 2,6222356,2.56,https://www.youtube.com/watch?v=neGO8i5PEhA,https://i.ytimg.com/vi/neGO8i5PEhA/maxresdefault.jpg
son,son gets jealous,"We ADOPTED a GIRL, But Our SON Gets JEALOUS! ft/ Jordan Matter",The Royalty Family,85183388,5.01,https://www.youtube.com/watch?v=foQIRatJyj0,https://i.ytimg.com/vi/foQIRatJyj0/maxresdefault.jpg
son,son in scorching hot,Evil Mom Leaves Son In Scorching Hot Car. Soon Lives To Regret It.,SoulSnack,3124007,4.96,https://www.youtube.com/watch?v=jBJL_-e-0O8,https://i.ytimg.com/vi/jBJL_-e-0O8/maxresdefault.jpg
son,son reacts,Son REACTS to his Dad's CRINGE TikToks! 😂,The Royalty Family,52948117,3.11,https://www.youtube.com/watch?v=pC9DmA4_CMg,https://i.ytimg.com/vi/pC9DmA4_CMg/maxresdefault.jpg
son,son dream 15th,Surprising Our Son with DREAM 15th Birthday,The Royalty Family,51726602,3.04,https://www.youtube.com/watch?v=4bMAzJQNMm4,https://i.ytimg.com/vi/4bMAzJQNMm4/maxresdefault.jpg
son,son saves his father,Son Saves His Father from Evil Cheating Gold-Digger,SoulSnack,1814225,2.88,https://www.youtube.com/watch?v=87oRjgWawvc,https://i.ytimg.com/vi/87oRjgWawvc/maxresdefault.jpg
son,son w rebecca zamolo,FERRAN Has NEW PARENTS! Goodbye Son...W/ Rebecca Zamolo | The Royalty Family,The Royalty Family,45777742,2.69,https://www.youtube.com/watch?v=atOfjAiSdFo,https://i.ytimg.com/vi/atOfjAiSdFo/maxresdefault.jpg
son,son ending,Mom PAYS GIRL to DATE AUTISTIC SON! The Ending Will SHOCK YOU | SAMEER BHAVNANI,Sameer Bhavnani,1450253,2.66,https://www.youtube.com/watch?v=7kIw9vxpBz4,https://i.ytimg.com/vi/7kIw9vxpBz4/maxresdefault.jpg
son,son for peeing himself,"Father Beats Son For Peeing Himself, He Instantly Regrets It.",Vid Chronicles,575803,2.63,https://www.youtube.com/watch?v=bI8TKHOvjzU,https://i.ytimg.com/vi/bI8TKHOvjzU/maxresdefault.jpg
son,son blindfolded,Father Tries to Find his SON Blindfolded!,The Royalty Family,44617015,2.62,https://www.youtube.com/watch?v=oiY4DK1vgBY,https://i.ytimg.com/vi/oiY4DK1vgBY/maxresdefault.jpg
son,son saved from choking,Rude Karen's Son Saved From Choking by Kind Black Waiter. Lesson In Karma,SoulSnack,1612631,2.56,https://www.youtube.com/watch?v=OGmh48PSAb8,https://i.ytimg.com/vi/OGmh48PSAb8/maxresdefault.jpg
son,son over his daughter,Dad Favors Son OVER HIS DAUGHTER | Dhar Mann Studios,Dhar Mann Studios,12635793,2.37,https://www.youtube.com/watch?v=HnEySA--vDw,https://i.ytimg.com/vi/HnEySA--vDw/maxresdefault.jpg
son,son mom swap lives,12 Year old Son & Mom SWAP LIVES! *Instant Regret*,The Royalty Family,38352797,2.26,https://www.youtube.com/watch?v=ksJqjusYFt0,https://i.ytimg.com/vi/ksJqjusYFt0/maxresdefault.jpg
son,son catches dad,"Son CATCHES Dad With GRANDMA, What Happens Is Shocking | Illumeably",Illumeably,1328179,2.25,https://www.youtube.com/watch?v=czQyC1Uy4q4,https://i.ytimg.com/vi/czQyC1Uy4q4/maxresdefault.jpg
son,son and dad swap,10 Year Old Son and Dad SWAP LIVE'S for a DAY! | The Royalty Family,The Royalty Family,38013340,2.24,https://www.youtube.com/watch?v=4qKOPhqge34,https://i.ytimg.com/vi/4qKOPhqge34/maxresdefault.jpg
son,son you won't believe,Father Meets DRUNK DRIVER who KILLED his Son!!!!! You WON'T Believe What he Does Next,Life Lessons With Luis,4263759,2.22,https://www.youtube.com/watch?v=drPo7fGzerI,https://i.ytimg.com/vi/drPo7fGzerI/maxresdefault.jpg
son,son dream room,Surprising Our Son with DREAM Room Transformation,The Royalty Family,36851083,2.17,https://www.youtube.com/watch?v=Lq4UK822eys,https://i.ytimg.com/vi/Lq4UK822eys/maxresdefault.jpg
man,man,СEO Woman Shuts Down Arrogant Man,DramatizeMe,5206131,6.32,https://www.youtube.com/watch?v=0NKGViIkhcA,https://i.ytimg.com/vi/0NKGViIkhcA/maxresdefault.jpg
man,man,Racist Yacht Broker Refuses to Sell Boat to Wealthy Black Man. Then This Happens,SoulSnack,2620543,4.16,https://www.youtube.com/watch?v=stK1stPpUEQ,https://i.ytimg.com/vi/stK1stPpUEQ/maxresdefault.jpg
man,man,Girls Set A Trap For A Married Man | @DramatizeMe,DramatizeMe,3191074,3.87,https://www.youtube.com/watch?v=T3JdCb-Aa4c,https://i.ytimg.com/vi/T3JdCb-Aa4c/maxresdefault.jpg
man,man,"Racist Lady Calls Cops On Black Man, Then This Happens | Illumeably",Illumeably,2017095,3.42,https://www.youtube.com/watch?v=mjbPAUQrFSk,https://i.ytimg.com/vi/mjbPAUQrFSk/maxresdefault.jpg
man,man,Racist Karen Attacks Innocent Arab Man. Then This Happens.,SoulSnack,1947200,3.09,https://www.youtube.com/watch?v=JOc5zJb-HzU,https://i.ytimg.com/vi/JOc5zJb-HzU/maxresdefault.jpg
man,man,I Spent 24 Hours with the World’s Tallest Man!,Stokes Twins,148760342,2.9,https://www.youtube.com/watch?v=psgYshOi9v8,https://i.ytimg.com/vi/psgYshOi9v8/maxresdefault.jpg
man,man,Serial Killer Pretending To Be Cop Arrests Innocent Man. Then This Happens,SoulSnack,1686511,2.68,https://www.youtube.com/watch?v=QlnL420_cjU,https://i.ytimg.com/vi/QlnL420_cjU/maxresdefault.jpg
man,man,"Coworker Tries To SEDUCE A Taken Man, What Happens Next Is Shocking | Illumeably",Illumeably,1577330,2.67,https://www.youtube.com/watch?v=qYSwAOnLayc,https://i.ytimg.com/vi/qYSwAOnLayc/maxresdefault.jpg
man,man,Man Wants To See Waitress In His Room | @DramatizeMe,DramatizeMe,1657570,2.01,https://www.youtube.com/watch?v=GV8WqiOhC88,https://i.ytimg.com/vi/GV8WqiOhC88/maxresdefault.jpg
man,man in bus,Girl Takes Revenge On Man In Bus | @DramatizeMe,DramatizeMe,6934238,8.41,https://www.youtube.com/watch?v=BjEBzF0L6I0,https://i.ytimg.com/vi/BjEBzF0L6I0/maxresdefault.jpg
man,man in bus,Girl Takes Revenge On Man In Bus | @DramatizeMe,DramatizeMe,2298530,2.79,https://www.youtube.com/watch?v=YmXpu_jCVhA,https://i.ytimg.com/vi/YmXpu_jCVhA/maxresdefault.jpg
man,man mistaken for doorman,Man Mistaken For Doorman | @DramatizeMe,DramatizeMe,6494409,7.88,https://www.youtube.com/watch?v=akBeRTi4qIs,https://i.ytimg.com/vi/akBeRTi4qIs/maxresdefault.jpg
man,man marks his wife,Man Marks His Wife To Reveal Her Cheating | @DramatizeMe,DramatizeMe,5002684,6.07,https://www.youtube.com/watch?v=WsUNLoBbswA,https://i.ytimg.com/vi/WsUNLoBbswA/maxresdefault.jpg
man,man tries to steal,Angry Old White Man Tries to Steal iPhone 13 from Small Children,SoulSnack,3205346,5.09,https://www.youtube.com/watch?v=EGszMYq8OMI,https://i.ytimg.com/vi/EGszMYq8OMI/maxresdefault.jpg
man,man brings drunk girl,Man Brings Drunk Girl Home | @DramatizeMe,DramatizeMe,3511745,4.26,https://www.youtube.com/watch?v=6fR5686uN-I,https://i.ytimg.com/vi/6fR5686uN-I/maxresdefault.jpg
man,man gets abused,"Man Gets Abused By His Wife, Watch What Happens Next.",Vid Chronicles,881996,4.03,https://www.youtube.com/watch?v=bId9gFn-Bfs,https://i.ytimg.com/vi/bId9gFn-Bfs/maxresdefault.jpg
man,man doesn t allow,Angry Old Man Doesn’t Allow Black Family Inside Their Own Home.,SoulSnack,2276926,3.61,https://www.youtube.com/watch?v=w3pG_gEehEU,https://i.ytimg.com/vi/w3pG_gEehEU/maxresdefault.jpg
man,man saves baby girl,Homeless Man Saves Baby Girl Trapped in Hot Car While The Mom Goes Shopping.,SoulSnack,2246833,3.57,https://www.youtube.com/watch?v=1SlLZ451iAc,https://i.ytimg.com/vi/1SlLZ451iAc/maxresdefault.jpg
man,man has a fantasy,Man Has A Fantasy About His Mistress | @DramatizeMe,DramatizeMe,2139426,2.6,https://www.youtube.com/watch?v=TUa3NvR37eY,https://i.ytimg.com/vi/TUa3NvR37eY/maxresdefault.jpg
man,man shares his wife,Man Shares His Wife With His Brother | @DramatizeMe,DramatizeMe,1920100,2.33,https://www.youtube.com/watch?v=IH7eP193x44,https://i.ytimg.com/vi/IH7eP193x44/maxresdefault.jpg
man,man k lled,Man K!lled While ABUSING Girlfriend | Vid Chronicles ,Vid Chronicles,485955,2.22,https://www.youtube.com/watch?v=_mgglNd7hRw,https://i.ytimg.com/vi/_mgglNd7hRw/maxresdefault.jpg
man,man lies to fiance,Man Lies To Fiance About How Rich He Is | @DramatizeMe,DramatizeMe,1807469,2.19,https://www.youtube.com/watch?v=dIVoTG5s6Tg,https://i.ytimg.com/vi/dIVoTG5s6Tg/maxresdefault.jpg
man,man s daily diet,Eating The World's HEAVIEST Man’s Daily Diet!,Stokes Twins,107529239,2.1,https://www.youtube.com/watch?v=wTnp74TnRjQ,https://i.ytimg.com/vi/wTnp74TnRjQ/maxresdefault.jpg
man,man kicked,Wealthy Black Man Kicked Out Of Vacation Home. Then This Happens,SoulSnack,1317322,2.09,https://www.youtube.com/watch?v=qo7CZvQRczQ,https://i.ytimg.com/vi/qo7CZvQRczQ/maxresdefault.jpg
man,man twisted ending,RACIST Girl Gets PREGNANT by Other Man! TWISTED ENDING... | SAMEER BHAVNANI,Sameer Bhavnani,1131451,2.08,https://www.youtube.com/watch?v=Htcbj5MD848,https://i.ytimg.com/vi/Htcbj5MD848/maxresdefault.jpg
man,man records his wife,Man Records His Wife “Having Fun” | @DramatizeMe,DramatizeMe,1679526,2.04,https://www.youtube.com/watch?v=2tjft_aNwdw,https://i.ytimg.com/vi/2tjft_aNwdw/maxresdefault.jpg
man,man is caught,"Man is CAUGHT TWO-TIMING On VALENTINE'S DAY, What Happens Is Shocking | Illumeably",Illumeably,1198874,2.03,https://www.youtube.com/watch?v=xCvLeN-eqS0,https://i.ytimg.com/vi/xCvLeN-eqS0/maxresdefault.jpg
hours,hours,"Kids BECOME GROWN UPS For 24 HOURS, WHAT HAPPENS IS SHOCKING | THE BEAST FAMILY",The Beast Family,4745905,3.72,https://www.youtube.com/watch?v=jc3-1lkABe0,https://i.ytimg.com/vi/jc3-1lkABe0/maxresdefault.jpg
hours,hours,100 PRANKS IN 24 HOURS!!,Stokes Twins,166329203,3.24,https://www.youtube.com/watch?v=YMrWXz0BCJ8,https://i.ytimg.com/vi/YMrWXz0BCJ8/maxresdefault.jpg
hours,hours,7 EXTREME WAYS To Survive For 24 HOURS!,Unspeakable,39589496,3.22,https://www.youtube.com/watch?v=9hF1UtAVYlc,https://i.ytimg.com/vi/9hF1UtAVYlc/maxresdefault.jpg
hours,hours,7 EXTREME Ways To Survive For 24 HOURS!,Stokes Twins,151353427,2.95,https://www.youtube.com/watch?v=A58m8KTOWWM,https://i.ytimg.com/vi/A58m8KTOWWM/maxresdefault.jpg
hours,hours,"SPENDING $1,000,000 IN 24 HOURS!!",Stokes Twins,142235403,2.77,https://www.youtube.com/watch?v=kQrl7VQqzQI,https://i.ytimg.com/vi/kQrl7VQqzQI/maxresdefault.jpg
hours,hours,OVERNIGHT In My TANK Challenge! 24 HOURS,Unspeakable,33862622,2.75,https://www.youtube.com/watch?v=uwS5-YcNyGI,https://i.ytimg.com/vi/uwS5-YcNyGI/maxresdefault.jpg
hours,hours,BECOMING A SUPERHERO IN 24 HOURS!,Ben Azelart,74725814,2.66,https://www.youtube.com/watch?v=vwWEZLS0ouM,https://i.ytimg.com/vi/vwWEZLS0ouM/maxresdefault.jpg
hours,hours,7 EXTREME Ways To Survive For 24 HOURS!,Ben Azelart,74443901,2.65,https://www.youtube.com/watch?v=MKGLxxa9_VA,https://i.ytimg.com/vi/MKGLxxa9_VA/maxresdefault.jpg
hours,hours,TRYING 100 LIFE HACKS IN 24 HOURS!!,Stokes Twins,132000400,2.57,https://www.youtube.com/watch?v=7N70RcxxKsk,https://i.ytimg.com/vi/7N70RcxxKsk/maxresdefault.jpg
hours,hours,FACING 100 FEARS IN 24 HOURS!!,Stokes Twins,131615147,2.56,https://www.youtube.com/watch?v=guh65wpaGOQ,https://i.ytimg.com/vi/guh65wpaGOQ/maxresdefault.jpg
hours,hours,"Turning $0.01 Into $1,000 in 24 Hours",Ryan Trahan,25688004,2.55,https://www.youtube.com/watch?v=9Cm8D1L1IzQ,https://i.ytimg.com/vi/9Cm8D1L1IzQ/maxresdefault.jpg
hours,hours,I Survived 100 Babysitters in 24 Hours!,The Royalty Family,42202530,2.48,https://www.youtube.com/watch?v=EFFROhvX8Us,https://i.ytimg.com/vi/EFFROhvX8Us/maxresdefault.jpg
hours,hours,"FACING 1,000 FEARS IN 24 HOURS!",Ben Azelart,68032486,2.42,https://www.youtube.com/watch?v=YAJHWEzPnb8,https://i.ytimg.com/vi/YAJHWEzPnb8/maxresdefault.jpg
hours,hours,"1,000 PRANKS IN 24 HOURS!!",Ben Azelart,66607762,2.37,https://www.youtube.com/watch?v=tpIPiYBcM8M,https://i.ytimg.com/vi/tpIPiYBcM8M/maxresdefault.jpg
hours,hours,"LOSING 200,000 CALORIES IN 50 HOURS!!",Stokes Twins,116297158,2.27,https://www.youtube.com/watch?v=Qg8jZdpRiWY,https://i.ytimg.com/vi/Qg8jZdpRiWY/maxresdefault.jpg
hours,hours,Breaking 100 Laws In 24 Hours!,Stokes Twins,113536971,2.21,https://www.youtube.com/watch?v=D-OVcJGthh0,https://i.ytimg.com/vi/D-OVcJGthh0/maxresdefault.jpg
hours,hours,100 Dates In 24 Hours!,Airrack,22308003,2.15,https://www.youtube.com/watch?v=w3rHYUlj5gQ,https://i.ytimg.com/vi/w3rHYUlj5gQ/maxresdefault.jpg
hours,hours,100 DARES IN 24 HOURS!,Stokes Twins,105724485,2.06,https://www.youtube.com/watch?v=oN0iK-cClQI,https://i.ytimg.com/vi/oN0iK-cClQI/maxresdefault.jpg
hours,hours challenge,"1,000 DARES in 24 HOURS CHALLENGE!",Unspeakable,92722348,7.54,https://www.youtube.com/watch?v=EyapLNkauTQ,https://i.ytimg.com/vi/EyapLNkauTQ/maxresdefault.jpg
hours,hours challenge,KIDS Turn Into ADULTS & PARENTS Turn Into KIDS for 24 HOURS CHALLENGE! | THE BEAST FAMILY,The Beast Family,4335531,3.4,https://www.youtube.com/watch?v=loQwGhiq2SE,https://i.ytimg.com/vi/loQwGhiq2SE/maxresdefault.jpg
hours,hours straight,Tesla Autopilot For 24 Hours Straight!,Ryan Trahan,38800566,3.84,https://www.youtube.com/watch?v=ckib1ABJ_sM,https://i.ytimg.com/vi/ckib1ABJ_sM/maxresdefault.jpg
hours,hours in go karts,Spending 100 Hours In Go Karts,Unspeakable,45330091,3.69,https://www.youtube.com/watch?v=cxzU5MPBrt0,https://i.ytimg.com/vi/cxzU5MPBrt0/hqdefault.jpg
hours,hours to live cartoon,CATNAP Has Only 24 HOURS to LIVE!? (Cartoon Animation),GameToons,8626216,2.71,https://www.youtube.com/watch?v=G0KKI0OBkDM,https://i.ytimg.com/vi/G0KKI0OBkDM/maxresdefault.jpg
hours,hours stranded at sea,SURVIVING 100 HOURS STRANDED AT SEA!,Ben Azelart,60060043,2.14,https://www.youtube.com/watch?v=bW4VeXchwdQ,https://i.ytimg.com/vi/bW4VeXchwdQ/maxresdefault.jpg
wife,wife,"Dying Millionaire Gives Wealth To Poor Girl Instead Of Wife, This Is Why.",Vid Chronicles,2033617,9.3,https://www.youtube.com/watch?v=MRBfJ5Due5c,https://i.ytimg.com/vi/MRBfJ5Due5c/maxresdefault.jpg
wife,wife,Father Leaves To Cheat on his Wife! | Sameer Bhavnani,Sameer Bhavnani,4488440,8.24,https://www.youtube.com/watch?v=KfoNu5CYM-0,https://i.ytimg.com/vi/KfoNu5CYM-0/maxresdefault.jpg
wife,wife,"Man Gets Abused By His Wife, Watch What Happens Next.",Vid Chronicles,881996,4.03,https://www.youtube.com/watch?v=bId9gFn-Bfs,https://i.ytimg.com/vi/bId9gFn-Bfs/maxresdefault.jpg
wife,wife,Boss Likes Employee’s Wife | @DramatizeMe,DramatizeMe,1972322,2.39,https://www.youtube.com/watch?v=BpK9Qzt6va8,https://i.ytimg.com/vi/BpK9Qzt6va8/maxresdefault.jpg
wife,wife surprise,"Husband Gives Cheating Wife Surprise Of Her Life, This Will Shock You. @PixUltraa",Vid Chronicles,4976310,22.76,https://www.youtube.com/watch?v=BvhUzNoVdRA,https://i.ytimg.com/vi/BvhUzNoVdRA/maxresdefault.jpg
wife,wife to best friend,Husband Sells Wife to Best Friend... YOU WON'T BELIEVE THE ENDING! | Sameer Bhavnani,Sameer Bhavnani,6169312,11.33,https://www.youtube.com/watch?v=t6UumZZXUh0,https://i.ytimg.com/vi/t6UumZZXUh0/maxresdefault.jpg
wife,wife cheats while husband,Wife Cheats While Husband is Next Door  | @DramatizeMe,DramatizeMe,6978368,8.47,https://www.youtube.com/watch?v=pv7ThizF4t8,https://i.ytimg.com/vi/pv7ThizF4t8/maxresdefault.jpg
wife,wife to reveal,Man Marks His Wife To Reveal Her Cheating | @DramatizeMe,DramatizeMe,5002684,6.07,https://www.youtube.com/watch?v=WsUNLoBbswA,https://i.ytimg.com/vi/WsUNLoBbswA/maxresdefault.jpg
wife,wife s best friend,Husband Cheats With Wife’s Best Friend | @DramatizeMe,DramatizeMe,4136715,5.02,https://www.youtube.com/watch?v=qzfyrDcmz7Y,https://i.ytimg.com/vi/qzfyrDcmz7Y/maxresdefault.jpg
wife,wife he instantly regrets,"Husband Abuses His Wife, He Instantly Regrets It.",Vid Chronicles,1053175,4.82,https://www.youtube.com/watch?v=dWbH1zI687I,https://i.ytimg.com/vi/dWbH1zI687I/maxresdefault.jpg
wife,wife failed at hiding,Cheating Wife Failed At Hiding Truth | @DramatizeMe,DramatizeMe,3871322,4.7,https://www.youtube.com/watch?v=_UjYk7QWkUc,https://i.ytimg.com/vi/_UjYk7QWkUc/maxresdefault.jpg
wife,wife divorces military husband,Wife DIVORCES Military Husband After LOSING HIS LEGS!!!! Shocking Ending!!!!,Life Lessons With Luis,8456623,4.41,https://www.youtube.com/watch?v=mBfsKSnMQqs,https://i.ytimg.com/vi/mBfsKSnMQqs/maxresdefault.jpg
wife,wife to hide face,Husband Forces Pretty Wife to HIDE FACE,Illumeably,2556999,4.34,https://www.youtube.com/watch?v=vl-bS06PkTs,https://i.ytimg.com/vi/vl-bS06PkTs/maxresdefault.jpg
wife,wife shocking end,EVIL Mother In-Law Electrocutes WIFE! SHOCKING END... | SAMEER BHAVNANI,Sameer Bhavnani,2103608,3.86,https://www.youtube.com/watch?v=6JYLrvM3yjA,https://i.ytimg.com/vi/6JYLrvM3yjA/maxresdefault.jpg
wife,wife cheating,Husband Shows Wife Cheating Video At Her Party ,Vid Chronicles,743903,3.4,https://www.youtube.com/watch?v=TMx4Zlflovc,https://i.ytimg.com/vi/TMx4Zlflovc/maxresdefault.jpg
wife,wife to get pregnant,Mom FORCES Son's Wife To Get PREGNANT On Christmas | Illumeably,Illumeably,1746727,2.96,https://www.youtube.com/watch?v=opqb0-E8apk,https://i.ytimg.com/vi/opqb0-E8apk/maxresdefault.jpg
wife,wife lies about secret,"Wife Lies About Secret Lover Being Her Cousin, End Will Shock You.",Vid Chronicles,619769,2.83,https://www.youtube.com/watch?v=FmsbAPXgyEQ,https://i.ytimg.com/vi/FmsbAPXgyEQ/maxresdefault.jpg
wife,wife catches husband cheating,"Wife Catches Husband Cheating With His Homeboy, Watch What Happens.",Vid Chronicles,597569,2.73,https://www.youtube.com/watch?v=9R4AslWAliU,https://i.ytimg.com/vi/9R4AslWAliU/maxresdefault.jpg
wife,wife for farting,Husband DIVORCES Wife for FARTING! He Lives to Regret It... | SAMEER BHAVNANI,Sameer Bhavnani,1474986,2.71,https://www.youtube.com/watch?v=uscTuAEZ2k8,https://i.ytimg.com/vi/uscTuAEZ2k8/maxresdefault.jpg
wife,wife hires hitman,Wife Hires HITMAN to KILL HUSBAND!!!! You Won't Believe What Happens Next,Life Lessons With Luis,4959904,2.58,https://www.youtube.com/watch?v=pM_df-im-Cw,https://i.ytimg.com/vi/pM_df-im-Cw/maxresdefault.jpg
wife,wife gets pregnant,Wife Gets Pregnant by Husband's Father! A Heartfelt Drama | Sameer Bhavnani,Sameer Bhavnani,1329964,2.44,https://www.youtube.com/watch?v=K9wpQ67kCeQ,https://i.ytimg.com/vi/K9wpQ67kCeQ/maxresdefault.jpg
wife,wife leaves husband,Wife Leaves Husband And Kids For Rich Man | Vid Chronicles,Vid Chronicles,529555,2.42,https://www.youtube.com/watch?v=pMZaOcWsgtQ,https://i.ytimg.com/vi/pMZaOcWsgtQ/maxresdefault.jpg
wife,wife his brother,Man Shares His Wife With His Brother | @DramatizeMe,DramatizeMe,1920100,2.33,https://www.youtube.com/watch?v=IH7eP193x44,https://i.ytimg.com/vi/IH7eP193x44/maxresdefault.jpg
wife,wife cheats on husband,"Mentally Disturbed Wife Cheats on Husband to Save Her Marriage, UNEXPECTED ENDING | Sameer Bhavnani",Sameer Bhavnani,1255028,2.3,https://www.youtube.com/watch?v=YDO1xlEUMPQ,https://i.ytimg.com/vi/YDO1xlEUMPQ/maxresdefault.jpg
wife,wife exposed on instagram,Pregnant Wife EXPOSED on Instagram Live!!!!,Life Lessons With Luis,4110546,2.14,https://www.youtube.com/watch?v=2WU7pwGOhR8,https://i.ytimg.com/vi/2WU7pwGOhR8/maxresdefault.jpg
wife,wife is forced,Wife Is Forced To Abandon Disabled Husband | @DramatizeMe,DramatizeMe,1746603,2.12,https://www.youtube.com/watch?v=EUldYSBwur8,https://i.ytimg.com/vi/EUldYSBwur8/maxresdefault.jpg
wife,wife no legs,Husband LEAVES WIFE with NO LEGS!!!! He Lives to Regret It!!!!,Life Lessons With Luis,3982412,2.07,https://www.youtube.com/watch?v=n6Z9bQ54qOs,https://i.ytimg.com/vi/n6Z9bQ54qOs/maxresdefault.jpg
wife,wife ordered to diet,Wife Ordered To Diet | @DramatizeMe,DramatizeMe,1700239,2.06,https://www.youtube.com/watch?v=77k41IeBMu4,https://i.ytimg.com/vi/77k41IeBMu4/maxresdefault.jpg
wife,wife having fun,Man Records His Wife “Having Fun” | @DramatizeMe,DramatizeMe,1679526,2.04,https://www.youtube.com/watch?v=2tjft_aNwdw,https://i.ytimg.com/vi/2tjft_aNwdw/maxresdefault.jpg
kids,kids,"Kids CAN'T GET ALONG, They LIVE To Regret IT!",The Beast Family,9501734,7.45,https://www.youtube.com/watch?v=TsJ6ozwIDrE,https://i.ytimg.com/vi/TsJ6ozwIDrE/hqdefault.jpg
kids,kids,CAN'T BELIEVE THE KIDS DID THIS | THE BEAST FAMILY,The Beast Family,3464198,2.71,https://www.youtube.com/watch?v=qtrP3omZPgk,https://i.ytimg.com/vi/qtrP3omZPgk/maxresdefault.jpg
kids,kids,Criminal Carjacks Vehicle With Kids Inside. Then This Happens,SoulSnack,1582441,2.51,https://www.youtube.com/watch?v=5_-kmTMcpz0,https://i.ytimg.com/vi/5_-kmTMcpz0/maxresdefault.jpg
kids,kids,dumb stuff we did as kids,Socks Animations ,13334648,2.2,https://www.youtube.com/watch?v=gmXsL_nqTjA,https://i.ytimg.com/vi/gmXsL_nqTjA/maxresdefault.jpg
kids,kids turn into adults,KIDS Turn Into ADULTS & PARENTS Turn Into KIDS for 24 HOURS CHALLENGE! | THE BEAST FAMILY,The Beast Family,4335531,3.4,https://www.youtube.com/watch?v=loQwGhiq2SE,https://i.ytimg.com/vi/loQwGhiq2SE/maxresdefault.jpg
kids,kids turn into adults,"KIDS TURN INTO ADULTS, What Happens Is Shocking",The Beast Family,2961837,2.32,https://www.youtube.com/watch?v=jFMHKPAyxmM,https://i.ytimg.com/vi/jFMHKPAyxmM/maxresdefault.jpg
kids,kids want karen kicked,"Kids Want KAREN KICKED OFF a Plane. Are the Kids, their Sitter, or Karen Thrown Off?",Totally Studios,10495065,7.45,https://www.youtube.com/watch?v=vZH-z99uRas,https://i.ytimg.com/vi/vZH-z99uRas/maxresdefault.jpg
kids,kids eating too much,Karen Catches Kids Eating TOO MUCH CANDY after Spring Break. What will Happen?,Totally Studios,7583530,5.38,https://www.youtube.com/watch?v=j-ReJNyxSiw,https://i.ytimg.com/vi/j-ReJNyxSiw/maxresdefault.jpg
kids,kids steals candy,"Kids STEALS CANDY From STORE, They live to Regret It | The Beast Family",The Beast Family,6046738,4.74,https://www.youtube.com/watch?v=YqY8fft97EQ,https://i.ytimg.com/vi/YqY8fft97EQ/maxresdefault.jpg
kids,kids in one month,"Mom BIRTHS 3 KIDS IN ONE MONTH, What Happens Next Is SHOCKING | THE BEAST FAMILY",The Beast Family,5853258,4.59,https://www.youtube.com/watch?v=aEKrnSKW82s,https://i.ytimg.com/vi/aEKrnSKW82s/maxresdefault.jpg
kids,kids left alone,Kids Left Alone at Day Care. Then This Happens,SoulSnack,2677615,4.25,https://www.youtube.com/watch?v=FP6E5pZHROo,https://i.ytimg.com/vi/FP6E5pZHROo/maxresdefault.jpg
kids,kids lies,My Salty Teacher Told Kids Lies About Me,storybooth,17372757,3.8,https://www.youtube.com/watch?v=hxP-TJQZjQY,https://i.ytimg.com/vi/hxP-TJQZjQY/maxresdefault.jpg
kids,kids become grown ups,"Kids BECOME GROWN UPS For 24 HOURS, WHAT HAPPENS IS SHOCKING | THE BEAST FAMILY",The Beast Family,4745905,3.72,https://www.youtube.com/watch?v=jc3-1lkABe0,https://i.ytimg.com/vi/jc3-1lkABe0/maxresdefault.jpg
kids,kids sneak candy,Kids SNEAK CANDY on a Plane from a Chocolate Factory. Do they get in TROUBLE for it?,Totally Studios,3778757,2.68,https://www.youtube.com/watch?v=5DopEdrf1wY,https://i.ytimg.com/vi/5DopEdrf1wY/maxresdefault.jpg
kids,kids eat too much,Kids Eat TOO MUCH HALLOWEEN CANDY on a Plane with Stepmom. The Ending is a Surprise. Totally Studios,Totally Studios,3523348,2.5,https://www.youtube.com/watch?v=u2S-IE9AVWI,https://i.ytimg.com/vi/u2S-IE9AVWI/maxresdefault.jpg
kids,kids for rich man,Wife Leaves Husband And Kids For Rich Man | Vid Chronicles,Vid Chronicles,529555,2.42,https://www.youtube.com/watch?v=pMZaOcWsgtQ,https://i.ytimg.com/vi/pMZaOcWsgtQ/maxresdefault.jpg
kids,kids shocking ending,Evil COP Caught SELLING DRUGS to Kids!!!! SHOCKING ENDING!!!!,Life Lessons With Luis,4582997,2.39,https://www.youtube.com/watch?v=0ahJcgQCj3A,https://i.ytimg.com/vi/0ahJcgQCj3A/maxresdefault.jpg
kids,kids fight parents,"100 Kids Fight Parents For $500,000",MrBeast,349561891,2.32,https://www.youtube.com/watch?v=0CTp1a-aCUM,https://i.ytimg.com/vi/0CTp1a-aCUM/maxresdefault.jpg
kids,kids dreadlocks,Racist Policeman Cuts Kids Dreadlocks Off. Then This Happens,SoulSnack,1435035,2.28,https://www.youtube.com/watch?v=OfnZZavpT9M,https://i.ytimg.com/vi/OfnZZavpT9M/maxresdefault.jpg
kids,kids driving toy car,Policeman Pulls Over Kids Driving Toy Car. Then This Happens.,SoulSnack,1357340,2.15,https://www.youtube.com/watch?v=U0ulMazVeI4,https://i.ytimg.com/vi/U0ulMazVeI4/maxresdefault.jpg
kids,kids in 2026,Kids in 2026,ChainsFR,15602535,2.01,https://www.youtube.com/watch?v=qb4AYeWF7as,https://i.ytimg.com/vi/qb4AYeWF7as/maxresdefault.jpg
real,real,"$456,000 Squid Game In Real Life!",MrBeast,961274515,6.37,https://www.youtube.com/watch?v=0e3GPea1Tyg,https://i.ytimg.com/vi/0e3GPea1Tyg/maxresdefault.jpg
real,real,Busting SUPER HERO Myths in Real Life!,The Royalty Family,55088587,3.24,https://www.youtube.com/watch?v=jRGYaWev7T0,https://i.ytimg.com/vi/jRGYaWev7T0/maxresdefault.jpg
real,real,I Survived Skyblock In Real Life,Unspeakable,38537317,3.13,https://www.youtube.com/watch?v=BM7uyaTMW_Q,https://i.ytimg.com/vi/BM7uyaTMW_Q/maxresdefault.jpg
real,real,Why Superpowers Would SUCK In Real Life..,Tyler Vitelli,2237127,2.51,https://www.youtube.com/watch?v=KtZfbD9kquw,https://i.ytimg.com/vi/KtZfbD9kquw/maxresdefault.jpg
real,real,Busting 50 Game Myths in Real Life!,Unspeakable,29470601,2.4,https://www.youtube.com/watch?v=CFBQSKAfEAY,https://i.ytimg.com/vi/CFBQSKAfEAY/hqdefault.jpg
real,real,317 Real HORROR Stories Animated (Compilation of 2023),IMR Scary Tales,750666,2.14,https://www.youtube.com/watch?v=ptTlPhrxK64,https://i.ytimg.com/vi/ptTlPhrxK64/maxresdefault.jpg
real,real trick shots,Real Life Trick Shots 2 | Dude Perfect,Dude Perfect,333832912,6.77,https://www.youtube.com/watch?v=VRJmcxCrAOA,https://i.ytimg.com/vi/VRJmcxCrAOA/maxresdefault.jpg
real,real trick shots,Real Life Trick Shots | Dude Perfect,Dude Perfect,254375329,5.16,https://www.youtube.com/watch?v=A2FsgKoGD04,https://i.ytimg.com/vi/A2FsgKoGD04/maxresdefault.jpg
real,real worms gummy food,WE HAD TO EAT REAL WORMS! GUMMY FOOD VS REAL FOOD CHALLENGE! | SIS VS BRO | THE BEAST FAMILY,The Beast Family,5966637,4.68,https://www.youtube.com/watch?v=z4VUVyNfR9w,https://i.ytimg.com/vi/z4VUVyNfR9w/maxresdefault.jpg
real,real found footage,5 Most Disturbing Cases of Real Found Footage,Chilling Scares,8735600,2.68,https://www.youtube.com/watch?v=SA_sR84QkqQ,https://i.ytimg.com/vi/SA_sR84QkqQ/maxresdefault.jpg
real,real princess,how a real life princess goes to school,MSA,38156712,2.44,https://www.youtube.com/watch?v=14T3LvINDVg,https://i.ytimg.com/vi/14T3LvINDVg/maxresdefault.jpg
real,real tornado,I Hunted A Real Tornado!,Unspeakable,29399467,2.39,https://www.youtube.com/watch?v=ny_2y2aYR4Q,https://i.ytimg.com/vi/ny_2y2aYR4Q/maxresdefault.jpg
real,real slime,I FILLED MY HOUSE WITH REAL SLIME!,Unspeakable,29097894,2.37,https://www.youtube.com/watch?v=m18jYej7doE,https://i.ytimg.com/vi/m18jYej7doE/maxresdefault.jpg
real,real sleepover,3 Real Scary Sleepover Horror Stories - Pt. 2,Mr. Nightmare,7075482,2.32,https://www.youtube.com/watch?v=6c0R1Tjn93U,https://i.ytimg.com/vi/6c0R1Tjn93U/hqdefault.jpg
real,real movie theater,3 Creepy REAL Movie Theater Horror Stories,Mr. Nightmare,7037362,2.31,https://www.youtube.com/watch?v=oStoNs7WtKQ,https://i.ytimg.com/vi/oStoNs7WtKQ/maxresdefault.jpg
real,real assassin,I Paid A Real Assassin To Try To Kill Me,MrBeast,343340609,2.27,https://www.youtube.com/watch?v=YLt73w6criQ,https://i.ytimg.com/vi/YLt73w6criQ/maxresdefault.jpg
real,real parents are poor,I Didn't Know My Real Parents Are Poor,Story Time Animated,1720751,2.26,https://www.youtube.com/watch?v=slHJVZRTysg,https://i.ytimg.com/vi/slHJVZRTysg/maxresdefault.jpg
real,real tinder,2 Disturbing REAL Tinder Horror Stories,Mr. Nightmare,6858492,2.25,https://www.youtube.com/watch?v=WB6GUNvVMW0,https://i.ytimg.com/vi/WB6GUNvVMW0/maxresdefault.jpg
real,real monster,"They Called Me DRACULA, But My Mom Was the Real Monster",Story Time Animated,1543381,2.03,https://www.youtube.com/watch?v=uTtHjHGIRss,https://i.ytimg.com/vi/uTtHjHGIRss/maxresdefault.jpg
dad,dad disciplines his hot,Dad Disciplines His HOT Best Friend! | SAMEER BHAVNANI,Sameer Bhavnani,6083050,11.17,https://www.youtube.com/watch?v=3UY44TCVdwU,https://i.ytimg.com/vi/3UY44TCVdwU/maxresdefault.jpg
dad,dad gets daughter pregnant,STEP DAD Gets Daughter PREGNANT!!!!,Life Lessons With Luis,10691629,5.57,https://www.youtube.com/watch?v=Er7cnRqC5-o,https://i.ytimg.com/vi/Er7cnRqC5-o/maxresdefault.jpg
dad,dad what janitor,"POOR Janitor Meets Girlfriend's RICH DAD, What Janitor Does Is Shocking | Illumeably",Illumeably,2651578,4.5,https://www.youtube.com/watch?v=lmj4WZK8ZoI,https://i.ytimg.com/vi/lmj4WZK8ZoI/maxresdefault.jpg
dad,dad turns into grimace,"Dad TURNS INTO GRIMACE, What Happens Is Shocking | The Beast Family",The Beast Family,5292855,4.15,https://www.youtube.com/watch?v=Oc-FCHDTsVk,https://i.ytimg.com/vi/Oc-FCHDTsVk/maxresdefault.jpg
dad,dad reacts to 11,DAD Reacts to 11 Year old Son's CRINGE TIKTOKS!! 😂,The Royalty Family,62936194,3.7,https://www.youtube.com/watch?v=4SuPs7XrBW8,https://i.ytimg.com/vi/4SuPs7XrBW8/maxresdefault.jpg
dad,dad is secret millionaire,Family Finds Out POOR DAD Is SECRET MILLIONAIRE | Dhar Mann Studios,Dhar Mann Studios,17805630,3.34,https://www.youtube.com/watch?v=7nxhA8EcSJM,https://i.ytimg.com/vi/7nxhA8EcSJM/maxresdefault.jpg
dad,dad turns into vampire,Dad TURNS Into VAMPIRE What Happens Next Is Shocking | The Beast Family,The Beast Family,4161374,3.26,https://www.youtube.com/watch?v=8tBzZa6Ww1Y,https://i.ytimg.com/vi/8tBzZa6Ww1Y/maxresdefault.jpg
dad,dad touches daughter,Creepy STEP-DAD Touches Daughter in Her..... YOU WON'T BELIEVE WHAT MOM DOES NEXT!!!!!,Life Lessons With Luis,5875917,3.06,https://www.youtube.com/watch?v=Dv5noaK1ktY,https://i.ytimg.com/vi/Dv5noaK1ktY/maxresdefault.jpg
dad,dad who has white,Racist Karen Calls Cops on Black Dad Who Has White Son.,SoulSnack,1788563,2.84,https://www.youtube.com/watch?v=FyPm-K53fh4,https://i.ytimg.com/vi/FyPm-K53fh4/maxresdefault.jpg
dad,dad favors son,Dad Favors Son OVER HIS DAUGHTER | Dhar Mann Studios,Dhar Mann Studios,12635793,2.37,https://www.youtube.com/watch?v=HnEySA--vDw,https://i.ytimg.com/vi/HnEySA--vDw/maxresdefault.jpg
dad,dad gets son's girlfriend,Dad Gets SON'S GIRLFRIEND Pregnant! MUST SEE ENDING... | Sameer Bhavnani,Sameer Bhavnani,1282646,2.36,https://www.youtube.com/watch?v=4WQPSLUi9NQ,https://i.ytimg.com/vi/4WQPSLUi9NQ/maxresdefault.jpg
dad,dad dad,PRANKING OUR DAD! Dad Was Not Happy! | THE BEAST FAMILY,The Beast Family,2990770,2.34,https://www.youtube.com/watch?v=xTjRA0b-hkg,https://i.ytimg.com/vi/xTjRA0b-hkg/maxresdefault.jpg
dad,dad grandma,"Son CATCHES Dad With GRANDMA, What Happens Is Shocking | Illumeably",Illumeably,1328179,2.25,https://www.youtube.com/watch?v=czQyC1Uy4q4,https://i.ytimg.com/vi/czQyC1Uy4q4/maxresdefault.jpg
dad,dad swap live's,10 Year Old Son and Dad SWAP LIVE'S for a DAY! | The Royalty Family,The Royalty Family,38013340,2.24,https://www.youtube.com/watch?v=4qKOPhqge34,https://i.ytimg.com/vi/4qKOPhqge34/maxresdefault.jpg
dad,dad fat shames daughter,Dad FAT SHAMES Daughter!!!! FORCES HER to Lose Weight,Life Lessons With Luis,4302682,2.24,https://www.youtube.com/watch?v=6xXblu0ACCs,https://i.ytimg.com/vi/6xXblu0ACCs/maxresdefault.jpg
dad,dad gets her pregnant,DAD Gets Her Pregnant! | SAMEER BHAVNANI,Sameer Bhavnani,1165648,2.14,https://www.youtube.com/watch?v=Ljp2qyb5P24,https://i.ytimg.com/vi/Ljp2qyb5P24/maxresdefault.jpg
dad,dad abandoned,My Dad Abandoned Us for Millions and Instantly Regretted It,Story Time Animated,1627062,2.14,https://www.youtube.com/watch?v=VBw3tkmIvGg,https://i.ytimg.com/vi/VBw3tkmIvGg/maxresdefault.jpg
dad,dad money in 33,I spent all my dad money in 33 days,MSA,31403819,2.01,https://www.youtube.com/watch?v=-RnJvd75MoM,https://i.ytimg.com/vi/-RnJvd75MoM/maxresdefault.jpg
secret,secret,She Overheard The One SECRET I Never Wanted Her To Know,Story Time Animated,2354600,3.1,https://www.youtube.com/watch?v=IdW8au8Ft5c,https://i.ytimg.com/vi/IdW8au8Ft5c/maxresdefault.jpg
secret,secret,I Traveled to a Deserted Island in the North Pacific That Has a Terrifying Secret,Dr. NoSleep Podcast,56603,3.09,https://www.youtube.com/watch?v=EPqmeGxKi0U,https://i.ytimg.com/vi/EPqmeGxKi0U/maxresdefault.jpg
secret,secret,The Town's Annual Festival Has a Dark Secret,Dr. NoSleep Podcast,47515,2.59,https://www.youtube.com/watch?v=90nIvob0i1o,https://i.ytimg.com/vi/90nIvob0i1o/maxresdefault.jpg
secret,secret,This YouTuber’s Mansion Holds a Dark Secret...,Dr. NoSleep Podcast,38332,2.09,https://www.youtube.com/watch?v=7UlBVPTmyck,https://i.ytimg.com/vi/7UlBVPTmyck/maxresdefault.jpg
secret,secret,The Martian Dunes Hide a Horrifying Secret,Dr. NoSleep Podcast,36728,2.0,https://www.youtube.com/watch?v=Xxo-mb3g2Kw,https://i.ytimg.com/vi/Xxo-mb3g2Kw/maxresdefault.jpg
secret,secret houses,7 SECRET Houses You'd NEVER Find!,Unspeakable,46953689,3.82,https://www.youtube.com/watch?v=QY4UgV9raqo,https://i.ytimg.com/vi/QY4UgV9raqo/maxresdefault.jpg
secret,secret millionaire,Family Finds Out POOR DAD Is SECRET MILLIONAIRE | Dhar Mann Studios,Dhar Mann Studios,17805630,3.34,https://www.youtube.com/watch?v=7nxhA8EcSJM,https://i.ytimg.com/vi/7nxhA8EcSJM/maxresdefault.jpg
secret,secret labs,I Hunt Down Creatures Escaped from Secret Labs,Dr. NoSleep Podcast,59992,3.27,https://www.youtube.com/watch?v=lUFOF_Ht8kI,https://i.ytimg.com/vi/lUFOF_Ht8kI/maxresdefault.jpg
secret,secret power,They Called Me BARBIE Until I Showed Them My Secret Power,Story Time Animated,2443290,3.21,https://www.youtube.com/watch?v=JS9dm_cVS3Q,https://i.ytimg.com/vi/JS9dm_cVS3Q/maxresdefault.jpg
secret,secret lover,"Wife Lies About Secret Lover Being Her Cousin, End Will Shock You.",Vid Chronicles,619769,2.83,https://www.youtube.com/watch?v=FmsbAPXgyEQ,https://i.ytimg.com/vi/FmsbAPXgyEQ/maxresdefault.jpg
secret,secret tunnel to escape,Kid BUILDS SECRET TUNNEL To ESCAPE SCHOOL - Jay's World S3 E03 | Dhar Mann Studios,Dhar Mann Studios,13872534,2.6,https://www.youtube.com/watch?v=bA2h2lj3Ilc,https://i.ytimg.com/vi/bA2h2lj3Ilc/maxresdefault.jpg
secret,secret nightclub at mom's,Kid BUILDS SECRET NIGHTCLUB At Mom's Work - Jay's World S3 E02 | Dhar Mann Studios,Dhar Mann Studios,13853735,2.6,https://www.youtube.com/watch?v=LiYjZ_GMIKI,https://i.ytimg.com/vi/LiYjZ_GMIKI/maxresdefault.jpg
secret,secret hotels,I Stayed in Secret Hotels,Ryan Trahan,24104458,2.39,https://www.youtube.com/watch?v=_wbuASKwwm0,https://i.ytimg.com/vi/_wbuASKwwm0/maxresdefault.jpg
secret,secret crush on nerd,POPULAR GIRL Has SECRET CRUSH On NERD | Dhar Mann Studios,Dhar Mann Studios,12316683,2.31,https://www.youtube.com/watch?v=ka5VgMsLyGY,https://i.ytimg.com/vi/ka5VgMsLyGY/maxresdefault.jpg
secret,secret british person,6 Americans vs 1 Secret British Person,Beta Squad,24002499,2.29,https://www.youtube.com/watch?v=xQUwmtSXLuo,https://i.ytimg.com/vi/xQUwmtSXLuo/maxresdefault.jpg
secret,secret black person finale,6 White People Vs 1 Secret Black Person (FINALE),Beta Squad,23736105,2.27,https://www.youtube.com/watch?v=bXP_BIrF3Ak,https://i.ytimg.com/vi/bXP_BIrF3Ak/maxresdefault.jpg
secret,secret male,6 Females vs 1 Secret Male,Beta Squad,22580250,2.16,https://www.youtube.com/watch?v=60AbAymEkls,https://i.ytimg.com/vi/60AbAymEkls/maxresdefault.jpg
secret,secret new iphone,TEEN Caught Taking TOP SECRET New IPHONE from Apple before Release Date.,Totally Studios,2861577,2.03,https://www.youtube.com/watch?v=UD922nOKK-8,https://i.ytimg.com/vi/UD922nOKK-8/maxresdefault.jpg
secret,secret tall person,6 Short People vs 1 Secret Tall Person,Beta Squad,21261643,2.03,https://www.youtube.com/watch?v=KSQWkAmnTWo,https://i.ytimg.com/vi/KSQWkAmnTWo/maxresdefault.jpg
last,last laugh,Crazy Karen Calls Police on Black Teenager Who Needed Help. Teen Gets Last Laugh.,SoulSnack,2217136,3.52,https://www.youtube.com/watch?v=71GBzqCRqH8,https://i.ytimg.com/vi/71GBzqCRqH8/maxresdefault.jpg
last,last laugh,Racist Karen Rejects Customer With Black American Express Card. He Gets The Last Laugh.,SoulSnack,1919742,3.05,https://www.youtube.com/watch?v=3ZGLxYyN820,https://i.ytimg.com/vi/3ZGLxYyN820/maxresdefault.jpg
last,last,LAST TO LEAVE THE BOX FT AMP,Beta Squad,42487877,4.06,https://www.youtube.com/watch?v=J7exm02NVHo,https://i.ytimg.com/vi/J7exm02NVHo/maxresdefault.jpg
last,last,"I Solve Disappearances in National Parks, but This Case Might Be My Last",Dr. NoSleep Podcast,43018,2.35,https://www.youtube.com/watch?v=aqTojiIDJmM,https://i.ytimg.com/vi/aqTojiIDJmM/maxresdefault.jpg
last,last to leave pool,"LAST TO LEAVE POOL WINS $100,000",Stokes Twins,125525065,2.45,https://www.youtube.com/watch?v=abXVkk_8Zxo,https://i.ytimg.com/vi/abXVkk_8Zxo/maxresdefault.jpg
last,last to leave pool,24 Hour LAST TO LEAVE POOL Challenge!!! | The Royalty Family,The Royalty Family,38420652,2.26,https://www.youtube.com/watch?v=AkI3Z7ZeqF4,https://i.ytimg.com/vi/AkI3Z7ZeqF4/maxresdefault.jpg
last,last to leave circle,"Last To Leave Circle Wins $500,000",MrBeast,563301672,3.73,https://www.youtube.com/watch?v=zxYjTTXc-J8,https://i.ytimg.com/vi/zxYjTTXc-J8/maxresdefault.jpg
last,last guest full movie,The Last Guest: FULL MOVIE (A Roblox Action Story),ObliviousHD,104700797,3.44,https://www.youtube.com/watch?v=1ZM6ztUlLWY,https://i.ytimg.com/vi/1ZM6ztUlLWY/hqdefault.jpg
last,last to leave 100,LAST To LEAVE 100 Buttons But Only ONE Escapes!,Unspeakable,39460376,3.21,https://www.youtube.com/watch?v=ojA8H9lEVAQ,https://i.ytimg.com/vi/ojA8H9lEVAQ/maxresdefault.jpg
last,last to leave capsule,"Last To Leave Capsule Hotel Wins $100,000",Stokes Twins,140973263,2.75,https://www.youtube.com/watch?v=aAFMeSRVTuw,https://i.ytimg.com/vi/aAFMeSRVTuw/maxresdefault.jpg
last,last to leave bathroom,"LAST TO LEAVE BATHROOM WINS $10,000",Stokes Twins,141221975,2.75,https://www.youtube.com/watch?v=3gLMOOUMiog,https://i.ytimg.com/vi/3gLMOOUMiog/maxresdefault.jpg
last,last to stop kissing,"LAST TO STOP KISSING WINS $10,000!",Ben Azelart,67601582,2.4,https://www.youtube.com/watch?v=wMN4_spBXLQ,https://i.ytimg.com/vi/wMN4_spBXLQ/maxresdefault.jpg
last,last guest,"Roblox Music Video ♪ ""Believer"" (The Last Guest)",ObliviousHD,66284964,2.18,https://www.youtube.com/watch?v=zIss90uMcz0,https://i.ytimg.com/vi/zIss90uMcz0/hqdefault.jpg
last,last night dead,"I Work In A Morgue, Last Night The Dead Started Whispering",Dr. NoSleep Podcast,37748,2.06,https://www.youtube.com/watch?v=2ZQn0ZILzd8,https://i.ytimg.com/vi/2ZQn0ZILzd8/maxresdefault.jpg
last,last one standing floating,Last One Standing: Floating NERF Island Battle,Dude Perfect,100848544,2.05,https://www.youtube.com/watch?v=muzeGsrYpnQ,https://i.ytimg.com/vi/muzeGsrYpnQ/maxresdefault.jpg
room,room,I Built a SECRET Pool in My Room!,Ben Azelart,189138406,6.72,https://www.youtube.com/watch?v=jxQi7525h4o,https://i.ytimg.com/vi/jxQi7525h4o/maxresdefault.jpg
room,room,I Built a SECRET Bunk Bed in My Room!,Ben Azelart,123512888,4.39,https://www.youtube.com/watch?v=OetqlKApkvo,https://i.ytimg.com/vi/OetqlKApkvo/maxresdefault.jpg
room,room,I Built a SECRET McDonald’s In My Room!,Stokes Twins,222667471,4.34,https://www.youtube.com/watch?v=7mBh601vrPw,https://i.ytimg.com/vi/7mBh601vrPw/maxresdefault.jpg
room,room,I Built a SECRET Movie Theater in My Room!,Ben Azelart,121442404,4.32,https://www.youtube.com/watch?v=0ah5yCEGitQ,https://i.ytimg.com/vi/0ah5yCEGitQ/maxresdefault.jpg
room,room,I Built a SECRET McDonald's in My Room!,Ben Azelart,117719077,4.19,https://www.youtube.com/watch?v=v3mTRLpA2Rk,https://i.ytimg.com/vi/v3mTRLpA2Rk/maxresdefault.jpg
room,room,I Survived the World's Loudest Room,Ryan Trahan,38784208,3.84,https://www.youtube.com/watch?v=PNk8OrXtj8I,https://i.ytimg.com/vi/PNk8OrXtj8I/maxresdefault.jpg
room,room,"$1 vs $1,000,000 Hotel Room!",MrBeast,472209653,3.13,https://www.youtube.com/watch?v=iogcY_4xGjo,https://i.ytimg.com/vi/iogcY_4xGjo/maxresdefault.jpg
room,room,I Tried Every Room on the Most Expensive Cruise,Ryan Trahan,29234198,2.9,https://www.youtube.com/watch?v=z2SPBQMrye8,https://i.ytimg.com/vi/z2SPBQMrye8/maxresdefault.jpg
room,room,I Survived the World's Quietest Room,Ryan Trahan,26354748,2.61,https://www.youtube.com/watch?v=Qpn-G-OFbkM,https://i.ytimg.com/vi/Qpn-G-OFbkM/maxresdefault.jpg
room,room,I Built a SECRET Lego Store in My Room!,Ben Azelart,70382384,2.5,https://www.youtube.com/watch?v=9Q-l4W0gOgE,https://i.ytimg.com/vi/9Q-l4W0gOgE/maxresdefault.jpg
room,room,Man Wants To See Waitress In His Room | @DramatizeMe,DramatizeMe,1657570,2.01,https://www.youtube.com/watch?v=GV8WqiOhC88,https://i.ytimg.com/vi/GV8WqiOhC88/maxresdefault.jpg
room,room to hide,He Built A SECRET GAMING ROOM To Hide From His MEAN MOM! (A Roblox Movie),ShanePlays 2,10016462,4.12,https://www.youtube.com/watch?v=Inmc6ZpG-BY,https://i.ytimg.com/vi/Inmc6ZpG-BY/maxresdefault.jpg
room,room and hid,I Built a 7-11 in my Room and Hid it from my Mom!,The Royalty Family,38327748,2.25,https://www.youtube.com/watch?v=6ZwBHQH61QU,https://i.ytimg.com/vi/6ZwBHQH61QU/maxresdefault.jpg
room,room transformation,Surprising Our Son with DREAM Room Transformation,The Royalty Family,36851083,2.17,https://www.youtube.com/watch?v=Lq4UK822eys,https://i.ytimg.com/vi/Lq4UK822eys/maxresdefault.jpg
room,room in my house,"There's A Hidden Room In My House, It Leads To Another Dimension",Dr. NoSleep Podcast,37567,2.05,https://www.youtube.com/watch?v=ifsFSwkqHZ4,https://i.ytimg.com/vi/ifsFSwkqHZ4/maxresdefault.jpg
black,black rookie cop,Police Arrest Black Rookie Cop. Then This Happens.,SoulSnack,3386152,5.37,https://www.youtube.com/watch?v=XdcTmzYVIzQ,https://i.ytimg.com/vi/XdcTmzYVIzQ/maxresdefault.jpg
black,black rookie cop,Evil Judge Humiliates Black Rookie Cop. (Then This Happens),SoulSnack,2137510,3.39,https://www.youtube.com/watch?v=W65L03IBPoU,https://i.ytimg.com/vi/W65L03IBPoU/maxresdefault.jpg
black,black police captain,Cowboy Cops Pull Over Black Police Captain. Then This Happens,SoulSnack,1692589,2.69,https://www.youtube.com/watch?v=bpjlgwxJQ6w,https://i.ytimg.com/vi/bpjlgwxJQ6w/maxresdefault.jpg
black,black police captain,Racist Cop Pulls Over Black Police Captain’s Teen Son.,SoulSnack,1545787,2.45,https://www.youtube.com/watch?v=EYEFIf7sGGA,https://i.ytimg.com/vi/EYEFIf7sGGA/maxresdefault.jpg
black,black judge for driving,Hillbilly Cops Pull Over Powerful Black Judge for Driving While Black. Then This Happens,SoulSnack,3402990,5.4,https://www.youtube.com/watch?v=VmR2KaMlo_o,https://i.ytimg.com/vi/VmR2KaMlo_o/maxresdefault.jpg
black,black billionaire lives,Racist Realtor Rejects Black Billionaire. Lives To Regret It,SoulSnack,3132748,4.97,https://www.youtube.com/watch?v=gz4dT7D1suw,https://i.ytimg.com/vi/gz4dT7D1suw/maxresdefault.jpg
black,black grand mother,Racist Karen Cop EATS Black Grand Mother! | Sameer Bhavnani,Sameer Bhavnani,2355031,4.32,https://www.youtube.com/watch?v=ha_MhVJQAF8,https://i.ytimg.com/vi/ha_MhVJQAF8/maxresdefault.jpg
black,black fishing lives,Crazy Karen Harasses Black Family Fishing. Lives to Regret It,SoulSnack,2707891,4.3,https://www.youtube.com/watch?v=u10WX-8h7_w,https://i.ytimg.com/vi/u10WX-8h7_w/maxresdefault.jpg
black,black handicap teen,Crazy Karen Attacks Black Handicap Teen for His New Xbox,SoulSnack,2433950,3.86,https://www.youtube.com/watch?v=Hg9r619Skr4,https://i.ytimg.com/vi/Hg9r619Skr4/maxresdefault.jpg
black,black girl of stealing,Teacher Accuses 7 Year Old Black Girl Of Stealing Her Phone,SoulSnack,2381697,3.78,https://www.youtube.com/watch?v=W3CsaFd3h9A,https://i.ytimg.com/vi/W3CsaFd3h9A/maxresdefault.jpg
black,black,Angry Old Man Doesn’t Allow Black Family Inside Their Own Home.,SoulSnack,2276926,3.61,https://www.youtube.com/watch?v=w3pG_gEehEU,https://i.ytimg.com/vi/w3pG_gEehEU/maxresdefault.jpg
black,black person ft ksi,GUESS THE BLACK PERSON FT KSI,Beta Squad,37824222,3.61,https://www.youtube.com/watch?v=xYQ28eu35gI,https://i.ytimg.com/vi/xYQ28eu35gI/maxresdefault.jpg
black,black teenager,Crazy Karen Calls Police on Black Teenager Who Needed Help. Teen Gets Last Laugh.,SoulSnack,2217136,3.52,https://www.youtube.com/watch?v=71GBzqCRqH8,https://i.ytimg.com/vi/71GBzqCRqH8/maxresdefault.jpg
black,black american express card,Racist Karen Rejects Customer With Black American Express Card. He Gets The Last Laugh.,SoulSnack,1919742,3.05,https://www.youtube.com/watch?v=3ZGLxYyN820,https://i.ytimg.com/vi/3ZGLxYyN820/maxresdefault.jpg
black,black doctor,"White Car Salesman Shames Rich Black Doctor, then this Happens.",SoulSnack,1894420,3.01,https://www.youtube.com/watch?v=lhFJnnufIF4,https://i.ytimg.com/vi/lhFJnnufIF4/maxresdefault.jpg
black,black grandma,Racist Cop Pulls Over Black Grandma. Then This Happens,SoulSnack,1868991,2.97,https://www.youtube.com/watch?v=TTqPVOoluis,https://i.ytimg.com/vi/TTqPVOoluis/maxresdefault.jpg
black,black student,Racist Driving Instructor Fails Black Student For No Reason,SoulSnack,1676851,2.66,https://www.youtube.com/watch?v=x29plZ5rV4E,https://i.ytimg.com/vi/x29plZ5rV4E/maxresdefault.jpg
black,black waiter lesson,Rude Karen's Son Saved From Choking by Kind Black Waiter. Lesson In Karma,SoulSnack,1612631,2.56,https://www.youtube.com/watch?v=OGmh48PSAb8,https://i.ytimg.com/vi/OGmh48PSAb8/maxresdefault.jpg
black,black realtor and black,Racist Neighbor Karen Calls Police on Black Realtor and Black Client,SoulSnack,1605826,2.55,https://www.youtube.com/watch?v=EDOWXV14OAc,https://i.ytimg.com/vi/EDOWXV14OAc/maxresdefault.jpg
black,black man's home,Racist Home Appraiser Lowballs Black Man's Home. Then This Happens.,SoulSnack,1511349,2.4,https://www.youtube.com/watch?v=GyJvgS9Wud4,https://i.ytimg.com/vi/GyJvgS9Wud4/maxresdefault.jpg
black,black teenager food,Restaurant Refuses To Serve Black Teenager Food. Then This Happens,SoulSnack,1441820,2.29,https://www.youtube.com/watch?v=3oASZgIRqOU,https://i.ytimg.com/vi/3oASZgIRqOU/maxresdefault.jpg
black,black boy,Racist Cop Arrests 7 Year Old Black Boy. Then This Happens,SoulSnack,1428271,2.27,https://www.youtube.com/watch?v=dr72I2Nd5fM,https://i.ytimg.com/vi/dr72I2Nd5fM/maxresdefault.jpg
black,black person finale,6 White People Vs 1 Secret Black Person (FINALE),Beta Squad,23736105,2.27,https://www.youtube.com/watch?v=bXP_BIrF3Ak,https://i.ytimg.com/vi/bXP_BIrF3Ak/maxresdefault.jpg
black,black burn victim,Foster Parent Leaves Black Burn Victim In Hot Car. Then This Happens,SoulSnack,1366914,2.17,https://www.youtube.com/watch?v=-1QxpX5w9Xo,https://i.ytimg.com/vi/-1QxpX5w9Xo/maxresdefault.jpg
black,black eye lives,Abusive Teacher Gives Black Eye! Lives to Regret It... | Sameer Bhavnani,Sameer Bhavnani,1107722,2.03,https://www.youtube.com/watch?v=wiiT_RMoj3w,https://i.ytimg.com/vi/wiiT_RMoj3w/maxresdefault.jpg
black,black kid's dreadlocks,Evil Barber Cuts Black Kid's DreadLocks Off On Purpose. Then This Happens.,SoulSnack,1276606,2.03,https://www.youtube.com/watch?v=EKfAqbneqj4,https://i.ytimg.com/vi/EKfAqbneqj4/maxresdefault.jpg
kid,kid,Friend’s Mom Takes New XBOX Series X from Kid. Does she get caught?,Totally Studios,5419412,3.85,https://www.youtube.com/watch?v=9_pa2O2_ags,https://i.ytimg.com/vi/9_pa2O2_ags/maxresdefault.jpg
kid,kid,Karen STEALS PLAYSTATION 5 from KID. Does He Get the PS5 Back at the End or Instantly Regret It?,Totally Studios,4555069,3.23,https://www.youtube.com/watch?v=_F5NL-W5Kfk,https://i.ytimg.com/vi/_F5NL-W5Kfk/maxresdefault.jpg
kid,kid goes to jail,"NOT GUILTY Kid GOES TO JAIL, What Happens IS SHOCKING | The Beast Family",The Beast Family,13693730,10.73,https://www.youtube.com/watch?v=eW18OhhcGyU,https://i.ytimg.com/vi/eW18OhhcGyU/maxresdefault.jpg
kid,kid has a girlfriend,"Mom FINDS OUT Kid Has A GIRLFRIEND, What Happens Next Is Shocking | The Beast Family",The Beast Family,9829013,7.7,https://www.youtube.com/watch?v=CoPh4GFZgDA,https://i.ytimg.com/vi/CoPh4GFZgDA/maxresdefault.jpg
kid,kid thrown off plane,Karen has Kid THROWN OFF Plane for ROBLOX. Must See Ending.,Totally Studios,10039793,7.13,https://www.youtube.com/watch?v=h5952FYqerM,https://i.ytimg.com/vi/h5952FYqerM/maxresdefault.jpg
kid,kid in pool,Evil Babysitter DROWNS KID in Pool!!!! Leaves Her For Dead!!!!,Life Lessons With Luis,11056993,5.76,https://www.youtube.com/watch?v=j1YlMYuM7jg,https://i.ytimg.com/vi/j1YlMYuM7jg/maxresdefault.jpg
kid,kid siblings get sad,"Mom CHOOSES FAVORITE KID, Siblings GET SAD | THE BEAST FAMILY",The Beast Family,6306374,4.94,https://www.youtube.com/watch?v=ZYM_lRvkYyI,https://i.ytimg.com/vi/ZYM_lRvkYyI/maxresdefault.jpg
kid,kid becomes roblox billionaire,Kid becomes Roblox BILLIONAIRE after Account Deleted. What about the Cute Girl?,Totally Studios,6655143,4.72,https://www.youtube.com/watch?v=jC-TgCGSoWg,https://i.ytimg.com/vi/jC-TgCGSoWg/maxresdefault.jpg
kid,kid is a rap,BULLY Doesn't Know POOR KID Is A RAP GOD [Inspired By Eminem]  (PG-13) | Dhar Mann Studios,Dhar Mann Studios,18598983,3.49,https://www.youtube.com/watch?v=odIoBdfLaMs,https://i.ytimg.com/vi/odIoBdfLaMs/maxresdefault.jpg
kid,kid shamed for old,POOR KID Shamed For Old Shoes Ft. Foltyn | Dhar Mann Studios,Dhar Mann Studios,13718646,2.57,https://www.youtube.com/watch?v=67LgaIGcjCU,https://i.ytimg.com/vi/67LgaIGcjCU/maxresdefault.jpg
kid,kid hacks minecraft server,Kid HACKS Minecraft Server at School. Will He Get Caught?,Totally Studios,3616621,2.57,https://www.youtube.com/watch?v=gR3iEiI3pOE,https://i.ytimg.com/vi/gR3iEiI3pOE/maxresdefault.jpg
kid,kid saves plane,Kid SAVES PLANE Full of Passengers when Pilots Can’t Fly.,Totally Studios,3535405,2.51,https://www.youtube.com/watch?v=skIhO1B1FfU,https://i.ytimg.com/vi/skIhO1B1FfU/maxresdefault.jpg
kid,kid becomes a millionaire,BULLIED KID Becomes A Millionaire Ft. Salish Matter | Dhar Mann Studios,Dhar Mann Studios,13062756,2.45,https://www.youtube.com/watch?v=HpsMYs9KuBM,https://i.ytimg.com/vi/HpsMYs9KuBM/maxresdefault.jpg
kid,kid fakes dying,Kid FAKES Dying to SKIP School. Does He Get Caught?,Totally Studios,3198958,2.27,https://www.youtube.com/watch?v=FYuTGv2xIhc,https://i.ytimg.com/vi/FYuTGv2xIhc/maxresdefault.jpg
kid,kid toys,I Bought Banned Kid Toys,Ryan Trahan,22712034,2.25,https://www.youtube.com/watch?v=vejwjx4V4JY,https://i.ytimg.com/vi/vejwjx4V4JY/maxresdefault.jpg
kid,kid kicked,FARTING KID Kicked Out of School. Crazy Ending.,Totally Studios,3028438,2.15,https://www.youtube.com/watch?v=rMw2jSy88mM,https://i.ytimg.com/vi/rMw2jSy88mM/maxresdefault.jpg
kid,kid disrespect pregnant girl,Mom Lets Her Kid Disrespect Pregnant Girl | @DramatizeMe,DramatizeMe,1765381,2.14,https://www.youtube.com/watch?v=KnX0VDjbPnU,https://i.ytimg.com/vi/KnX0VDjbPnU/maxresdefault.jpg
kid,kid survives world's,Kid Survives The World's Cheapest Mom | Dhar Mann Studios,Dhar Mann Studios,11293175,2.12,https://www.youtube.com/watch?v=-1Jkd8muBuo,https://i.ytimg.com/vi/-1Jkd8muBuo/maxresdefault.jpg
kid,kid steals shy kid's,New Cool Kid STEALS SHY KID'S Girl | Dhar Mann Studios,Dhar Mann Studios,11314407,2.12,https://www.youtube.com/watch?v=ruMqtIASAww,https://i.ytimg.com/vi/ruMqtIASAww/maxresdefault.jpg
kid,kid kicked off plane,Kid Kicked Off Plane for MINECRAFT. What went wrong? With Surprise Ending.,Totally Studios,2967051,2.11,https://www.youtube.com/watch?v=rXAGkmTbgMk,https://i.ytimg.com/vi/rXAGkmTbgMk/maxresdefault.jpg
husband,husband gives cheating wife,"Husband Gives Cheating Wife Surprise Of Her Life, This Will Shock You. @PixUltraa",Vid Chronicles,4976310,22.76,https://www.youtube.com/watch?v=BvhUzNoVdRA,https://i.ytimg.com/vi/BvhUzNoVdRA/maxresdefault.jpg
husband,husband sells wife,Husband Sells Wife to Best Friend... YOU WON'T BELIEVE THE ENDING! | Sameer Bhavnani,Sameer Bhavnani,6169312,11.33,https://www.youtube.com/watch?v=t6UumZZXUh0,https://i.ytimg.com/vi/t6UumZZXUh0/maxresdefault.jpg
husband,husband is next door,Wife Cheats While Husband is Next Door  | @DramatizeMe,DramatizeMe,6978368,8.47,https://www.youtube.com/watch?v=pv7ThizF4t8,https://i.ytimg.com/vi/pv7ThizF4t8/maxresdefault.jpg
husband,husband cheats,Husband Cheats On The Plane | @DramatizeMe,DramatizeMe,4524569,5.49,https://www.youtube.com/watch?v=lJMKqQowMLo,https://i.ytimg.com/vi/lJMKqQowMLo/maxresdefault.jpg
husband,husband cheats wife,Husband Cheats With Wife’s Best Friend | @DramatizeMe,DramatizeMe,4136715,5.02,https://www.youtube.com/watch?v=qzfyrDcmz7Y,https://i.ytimg.com/vi/qzfyrDcmz7Y/maxresdefault.jpg
husband,husband abuses his wife,"Husband Abuses His Wife, He Instantly Regrets It.",Vid Chronicles,1053175,4.82,https://www.youtube.com/watch?v=dWbH1zI687I,https://i.ytimg.com/vi/dWbH1zI687I/maxresdefault.jpg
husband,husband after losing,Wife DIVORCES Military Husband After LOSING HIS LEGS!!!! Shocking Ending!!!!,Life Lessons With Luis,8456623,4.41,https://www.youtube.com/watch?v=mBfsKSnMQqs,https://i.ytimg.com/vi/mBfsKSnMQqs/maxresdefault.jpg
husband,husband forces pretty wife,Husband Forces Pretty Wife to HIDE FACE,Illumeably,2556999,4.34,https://www.youtube.com/watch?v=vl-bS06PkTs,https://i.ytimg.com/vi/vl-bS06PkTs/maxresdefault.jpg
husband,husband shows wife cheating,Husband Shows Wife Cheating Video At Her Party ,Vid Chronicles,743903,3.4,https://www.youtube.com/watch?v=TMx4Zlflovc,https://i.ytimg.com/vi/TMx4Zlflovc/maxresdefault.jpg
husband,husband keeps wasting money,"BROKE HUSBAND Keeps WASTING Money, What Happens Next Is Shocking | Illumeably",Illumeably,1800817,3.05,https://www.youtube.com/watch?v=TzVWSNBG-U4,https://i.ytimg.com/vi/TzVWSNBG-U4/maxresdefault.jpg
husband,husband cheating,"Wife Catches Husband Cheating With His Homeboy, Watch What Happens.",Vid Chronicles,597569,2.73,https://www.youtube.com/watch?v=9R4AslWAliU,https://i.ytimg.com/vi/9R4AslWAliU/maxresdefault.jpg
husband,husband divorces wife,Husband DIVORCES Wife for FARTING! He Lives to Regret It... | SAMEER BHAVNANI,Sameer Bhavnani,1474986,2.71,https://www.youtube.com/watch?v=uscTuAEZ2k8,https://i.ytimg.com/vi/uscTuAEZ2k8/maxresdefault.jpg
husband,husband you won't believe,Wife Hires HITMAN to KILL HUSBAND!!!! You Won't Believe What Happens Next,Life Lessons With Luis,4959904,2.58,https://www.youtube.com/watch?v=pM_df-im-Cw,https://i.ytimg.com/vi/pM_df-im-Cw/maxresdefault.jpg
husband,husband and kids,Wife Leaves Husband And Kids For Rich Man | Vid Chronicles,Vid Chronicles,529555,2.42,https://www.youtube.com/watch?v=pMZaOcWsgtQ,https://i.ytimg.com/vi/pMZaOcWsgtQ/maxresdefault.jpg
husband,husband to save,"Mentally Disturbed Wife Cheats on Husband to Save Her Marriage, UNEXPECTED ENDING | Sameer Bhavnani",Sameer Bhavnani,1255028,2.3,https://www.youtube.com/watch?v=YDO1xlEUMPQ,https://i.ytimg.com/vi/YDO1xlEUMPQ/maxresdefault.jpg
husband,husband,Wife Is Forced To Abandon Disabled Husband | @DramatizeMe,DramatizeMe,1746603,2.12,https://www.youtube.com/watch?v=EUldYSBwur8,https://i.ytimg.com/vi/EUldYSBwur8/maxresdefault.jpg
husband,husband leaves wife,Husband LEAVES WIFE with NO LEGS!!!! He Lives to Regret It!!!!,Life Lessons With Luis,3982412,2.07,https://www.youtube.com/watch?v=n6Z9bQ54qOs,https://i.ytimg.com/vi/n6Z9bQ54qOs/maxresdefault.jpg
lives regret,lives regret,"Girl WISHES For A NEW FAMILY, She Lives To Regret It | The Beast Family",The Beast Family,14823995,11.62,https://www.youtube.com/watch?v=wI3qu4Ajijk,https://i.ytimg.com/vi/wI3qu4Ajijk/maxresdefault.jpg
lives regret,lives regret,Racist Realtor Rejects Black Billionaire. Lives To Regret It,SoulSnack,3132748,4.97,https://www.youtube.com/watch?v=gz4dT7D1suw,https://i.ytimg.com/vi/gz4dT7D1suw/maxresdefault.jpg
lives regret,lives regret,Evil Mom Leaves Son In Scorching Hot Car. Soon Lives To Regret It.,SoulSnack,3124007,4.96,https://www.youtube.com/watch?v=jBJL_-e-0O8,https://i.ytimg.com/vi/jBJL_-e-0O8/maxresdefault.jpg
lives regret,lives regret,Crazy Karen Harasses Black Family Fishing. Lives to Regret It,SoulSnack,2707891,4.3,https://www.youtube.com/watch?v=u10WX-8h7_w,https://i.ytimg.com/vi/u10WX-8h7_w/maxresdefault.jpg
lives regret,lives regret,"Mom REJECTS Son's Disabled Girlfriend, She Lives To Regret It | Illumeably",Illumeably,2331457,3.95,https://www.youtube.com/watch?v=zslQ_eJS1rs,https://i.ytimg.com/vi/zslQ_eJS1rs/maxresdefault.jpg
lives regret,lives regret,"Parent CHOOSES FAVORITE CHILD, Family Lives To Regret It | The Beast Family",The Beast Family,5033940,3.94,https://www.youtube.com/watch?v=g-AD_j1Zdjk,https://i.ytimg.com/vi/g-AD_j1Zdjk/maxresdefault.jpg
lives regret,lives regret,"Girl EATS TOO MUCH MrBeast CHOCOLATE, She Lives To Regret It | THE BEAST FAMILY",The Beast Family,4814719,3.77,https://www.youtube.com/watch?v=Mi62PlhH4Vk,https://i.ytimg.com/vi/Mi62PlhH4Vk/maxresdefault.jpg
lives regret,lives regret,"SNEAKY Girl KEEPS LYING, She Lives To Regret It | The Beast Family",The Beast Family,4341508,3.4,https://www.youtube.com/watch?v=a2RHMmyZ9Lo,https://i.ytimg.com/vi/a2RHMmyZ9Lo/maxresdefault.jpg
lives regret,lives regret,"Guy Leaves Girlfriend For ""HOT CHICK"", He Lives To Regret It.",Vid Chronicles,627366,2.87,https://www.youtube.com/watch?v=_J7dkjPu1Dc,https://i.ytimg.com/vi/_J7dkjPu1Dc/maxresdefault.jpg
lives regret,lives regret,Husband DIVORCES Wife for FARTING! He Lives to Regret It... | SAMEER BHAVNANI,Sameer Bhavnani,1474986,2.71,https://www.youtube.com/watch?v=uscTuAEZ2k8,https://i.ytimg.com/vi/uscTuAEZ2k8/maxresdefault.jpg
lives regret,lives regret,Uber Driver Catches Girlfriend CHEATING! She Lives to Regret It... | Sameer Bhavnani,Sameer Bhavnani,1304005,2.39,https://www.youtube.com/watch?v=rWnQOWY3g_g,https://i.ytimg.com/vi/rWnQOWY3g_g/maxresdefault.jpg
lives regret,lives regret,"GOLD DIGGER Dumps Her POOR GUY, She Lives To Regret It | Illumeably",Illumeably,1234543,2.09,https://www.youtube.com/watch?v=2gZuGKTJxcY,https://i.ytimg.com/vi/2gZuGKTJxcY/maxresdefault.jpg
lives regret,lives regret,Husband LEAVES WIFE with NO LEGS!!!! He Lives to Regret It!!!!,Life Lessons With Luis,3982412,2.07,https://www.youtube.com/watch?v=n6Z9bQ54qOs,https://i.ytimg.com/vi/n6Z9bQ54qOs/maxresdefault.jpg
lives regret,lives regret,Abusive Teacher Gives Black Eye! Lives to Regret It... | Sameer Bhavnani,Sameer Bhavnani,1107722,2.03,https://www.youtube.com/watch?v=wiiT_RMoj3w,https://i.ytimg.com/vi/wiiT_RMoj3w/maxresdefault.jpg
lives regret,lives regret,"Boyfriend Treats His Girl TERRIBLY, He Lives To Regret It | Illumeably",Illumeably,1187039,2.01,https://www.youtube.com/watch?v=SIpK0JNasT4,https://i.ytimg.com/vi/SIpK0JNasT4/maxresdefault.jpg
roblox movie,roblox movie,A Dollar Turned Him Into A Millionaire: A Roblox Movie,ShanePlays 2,20023405,8.23,https://www.youtube.com/watch?v=3FFMAYkpmIA,https://i.ytimg.com/vi/3FFMAYkpmIA/maxresdefault.jpg
roblox movie,roblox movie,He Was Buried Alive: A Roblox Movie,ShanePlays 2,16423998,6.75,https://www.youtube.com/watch?v=w2nuPsaK_-I,https://i.ytimg.com/vi/w2nuPsaK_-I/maxresdefault.jpg
roblox movie,roblox movie,100 Years As A Superhero: A Roblox Movie,ShanePlays 2,13462057,5.53,https://www.youtube.com/watch?v=pou00Ozwi1A,https://i.ytimg.com/vi/pou00Ozwi1A/maxresdefault.jpg
roblox movie,roblox movie,He Was ADOPTED By TRILLIONAIRES! (A Roblox Movie),ShanePlays 2,13102322,5.38,https://www.youtube.com/watch?v=WXKEj72e-9w,https://i.ytimg.com/vi/WXKEj72e-9w/maxresdefault.jpg
roblox movie,roblox movie,ADOPTED By A FAMOUS Family! (A Roblox Movie),ShanePlays 2,12807722,5.26,https://www.youtube.com/watch?v=okC1DllLXWM,https://i.ytimg.com/vi/okC1DllLXWM/maxresdefault.jpg
roblox movie,roblox movie,The Separated Twins: A Roblox Movie,ShanePlays 2,10453231,4.3,https://www.youtube.com/watch?v=w8gxa8LX7jA,https://i.ytimg.com/vi/w8gxa8LX7jA/maxresdefault.jpg
roblox movie,roblox movie,He Built A SECRET GAMING ROOM To Hide From His MEAN MOM! (A Roblox Movie),ShanePlays 2,10016462,4.12,https://www.youtube.com/watch?v=Inmc6ZpG-BY,https://i.ytimg.com/vi/Inmc6ZpG-BY/maxresdefault.jpg
roblox movie,roblox movie,Growing Up FAMOUS! (A Roblox Movie),ShanePlays 2,9407631,3.87,https://www.youtube.com/watch?v=63n9PP_hFaI,https://i.ytimg.com/vi/63n9PP_hFaI/maxresdefault.jpg
roblox movie,roblox movie,He SAVED A YOUTUBERS LIFE! (A Roblox Movie),ShanePlays 2,9232983,3.79,https://www.youtube.com/watch?v=BmYoeS0eJZU,https://i.ytimg.com/vi/BmYoeS0eJZU/maxresdefault.jpg
roblox movie,roblox movie,Surviving On A Penny:  A Roblox Movie,ShanePlays 2,8979319,3.69,https://www.youtube.com/watch?v=7xBokGhT02Q,https://i.ytimg.com/vi/7xBokGhT02Q/maxresdefault.jpg
roblox movie,roblox movie,MEAN Mom KICKED OUT Her ONLY Son! (A Roblox Movie),ShanePlays 2,8940998,3.67,https://www.youtube.com/watch?v=2lPWcSKlo6o,https://i.ytimg.com/vi/2lPWcSKlo6o/maxresdefault.jpg
roblox movie,roblox movie,ABANDONED At Birth! (A Roblox Movie),ShanePlays 2,8603949,3.54,https://www.youtube.com/watch?v=jSLFnR1GWlk,https://i.ytimg.com/vi/jSLFnR1GWlk/maxresdefault.jpg
roblox movie,roblox movie,He Lived Forever: A Roblox Movie,ShanePlays 2,8528636,3.5,https://www.youtube.com/watch?v=XZ0sqbInfqc,https://i.ytimg.com/vi/XZ0sqbInfqc/maxresdefault.jpg
roblox movie,roblox movie,Big Brother Hated Little Brother: A Roblox Movie,ShanePlays 2,8326218,3.42,https://www.youtube.com/watch?v=i_RmmB8b2ak,https://i.ytimg.com/vi/i_RmmB8b2ak/maxresdefault.jpg
roblox movie,roblox movie,Big Sister Hated Little Twin Brothers: A Roblox Movie,ShanePlays 2,7758178,3.19,https://www.youtube.com/watch?v=58-uQZQhvIA,https://i.ytimg.com/vi/58-uQZQhvIA/maxresdefault.jpg
roblox movie,roblox movie,Attack on Titan: A Roblox Movie,ShanePlays 2,7664098,3.15,https://www.youtube.com/watch?v=ru-JlCN4evM,https://i.ytimg.com/vi/ru-JlCN4evM/maxresdefault.jpg
roblox movie,roblox movie,The Spoiled Sister: A Roblox Movie,ShanePlays 2,7620968,3.13,https://www.youtube.com/watch?v=7Duy5w06kmw,https://i.ytimg.com/vi/7Duy5w06kmw/maxresdefault.jpg
roblox movie,roblox movie,His Girlfriend Became A Zombie: A Roblox Movie,ShanePlays 2,7533369,3.1,https://www.youtube.com/watch?v=h7EQfB-Kd7A,https://i.ytimg.com/vi/h7EQfB-Kd7A/maxresdefault.jpg
roblox movie,roblox movie,Born To Be Hated: A Roblox Movie,ShanePlays 2,7443250,3.06,https://www.youtube.com/watch?v=vitQiVZQ_U0,https://i.ytimg.com/vi/vitQiVZQ_U0/maxresdefault.jpg
roblox movie,roblox movie,He SAVED A TRILLIONAIRES Life! (A Roblox Movie),ShanePlays 2,7332538,3.01,https://www.youtube.com/watch?v=tpzm6JRbfsA,https://i.ytimg.com/vi/tpzm6JRbfsA/maxresdefault.jpg
roblox movie,roblox movie,His STEP MOM Was Secretly A CRIMINAL! (A Roblox Movie),ShanePlays 2,7285734,2.99,https://www.youtube.com/watch?v=xUo0Cm4LWT4,https://i.ytimg.com/vi/xUo0Cm4LWT4/maxresdefault.jpg
roblox movie,roblox movie,SPOILED Brother Had A FAKE FUNERAL! (A Roblox Movie),ShanePlays 2,7052817,2.9,https://www.youtube.com/watch?v=c5W12wfA4QE,https://i.ytimg.com/vi/c5W12wfA4QE/maxresdefault.jpg
roblox movie,roblox movie,Big Sister Hated Little Brother: A Roblox Movie,ShanePlays 2,6897936,2.83,https://www.youtube.com/watch?v=oUSh3WcTeQ0,https://i.ytimg.com/vi/oUSh3WcTeQ0/maxresdefault.jpg
roblox movie,roblox movie,A Penny Changed His Life: A Roblox Movie,ShanePlays 2,6732887,2.77,https://www.youtube.com/watch?v=ZqTCKAODt8I,https://i.ytimg.com/vi/ZqTCKAODt8I/maxresdefault.jpg
roblox movie,roblox movie,ADOPTED By A STRICT FAMILY! (A Roblox Movie),ShanePlays 2,6727324,2.76,https://www.youtube.com/watch?v=PytY2o3umwI,https://i.ytimg.com/vi/PytY2o3umwI/maxresdefault.jpg
roblox movie,roblox movie,His Adopted Brother Hated Him: A Roblox Movie,ShanePlays 2,6706788,2.76,https://www.youtube.com/watch?v=JsBEv5NpACI,https://i.ytimg.com/vi/JsBEv5NpACI/maxresdefault.jpg
roblox movie,roblox movie,Rich Family Lost Everything: A Roblox Movie,ShanePlays 2,6577415,2.7,https://www.youtube.com/watch?v=XoXXxw71MeA,https://i.ytimg.com/vi/XoXXxw71MeA/maxresdefault.jpg
roblox movie,roblox movie,He Was Abandoned On The Holidays: A Roblox Movie,ShanePlays 2,6578791,2.7,https://www.youtube.com/watch?v=FroVt3txLE0,https://i.ytimg.com/vi/FroVt3txLE0/maxresdefault.jpg
roblox movie,roblox movie,Mean STEP MOM Only Loved HER Son! (A Roblox Movie),ShanePlays 2,6222356,2.56,https://www.youtube.com/watch?v=neGO8i5PEhA,https://i.ytimg.com/vi/neGO8i5PEhA/maxresdefault.jpg
roblox movie,roblox movie,He SAVED A FAMOUS Persons LIFE! (A Roblox Movie),ShanePlays 2,6227723,2.56,https://www.youtube.com/watch?v=vckreAKsBVM,https://i.ytimg.com/vi/vckreAKsBVM/maxresdefault.jpg
roblox movie,roblox movie,Born Into A Spy Family: A Roblox Movie,ShanePlays 2,5925346,2.43,https://www.youtube.com/watch?v=IDYUiZxLDPo,https://i.ytimg.com/vi/IDYUiZxLDPo/maxresdefault.jpg
roblox movie,roblox movie,ADOPTED Brother Made His Family HATE HIM! (A Roblox Movie),ShanePlays 2,5725330,2.35,https://www.youtube.com/watch?v=_EdiV08-Hyo,https://i.ytimg.com/vi/_EdiV08-Hyo/maxresdefault.jpg
roblox movie,roblox movie,A PENNY Turned Him Into A TRILLIONAIRE! (A Roblox Movie),ShanePlays 2,5518529,2.27,https://www.youtube.com/watch?v=Fm04pL6JUmo,https://i.ytimg.com/vi/Fm04pL6JUmo/maxresdefault.jpg
roblox movie,roblox movie,SPOILED Sister RUINED His Life! (A Roblox Movie),ShanePlays 2,5210614,2.14,https://www.youtube.com/watch?v=GNiSKaa5DPo,https://i.ytimg.com/vi/GNiSKaa5DPo/maxresdefault.jpg
roblox movie,roblox movie,He Became The Greatest Of All Time (A Roblox Movie),ShanePlays 2,5135036,2.11,https://www.youtube.com/watch?v=tSciTCvonyg,https://i.ytimg.com/vi/tSciTCvonyg/maxresdefault.jpg
roblox movie,roblox movie,How He SURVIVED On A PENNY! (A Roblox Movie),ShanePlays 2,5012081,2.06,https://www.youtube.com/watch?v=YLC8p4HJL_8,https://i.ytimg.com/vi/YLC8p4HJL_8/maxresdefault.jpg
brother,brother,ADOPTED Brother Made His Family HATE HIM! (A Roblox Movie),ShanePlays 2,5725330,2.35,https://www.youtube.com/watch?v=_EdiV08-Hyo,https://i.ytimg.com/vi/_EdiV08-Hyo/maxresdefault.jpg
brother,brother,Man Shares His Wife With His Brother | @DramatizeMe,DramatizeMe,1920100,2.33,https://www.youtube.com/watch?v=IH7eP193x44,https://i.ytimg.com/vi/IH7eP193x44/maxresdefault.jpg
brother,brother,I Found my Long Lost Twin Brother,The Royalty Family,38691703,2.28,https://www.youtube.com/watch?v=gJlwNKEdH-U,https://i.ytimg.com/vi/gJlwNKEdH-U/maxresdefault.jpg
brother,brother jealous sibling,"Girl CHOOSES FAVORITE BABY Brother, JEALOUS SIBLING Does Something HE REGRETS | The Beast Family",The Beast Family,13469162,10.56,https://www.youtube.com/watch?v=poVl9oPfILs,https://i.ytimg.com/vi/poVl9oPfILs/maxresdefault.jpg
brother,brother sibling get sad,"Sister CHOOSES FAVORITE BROTHER, Sibling GET SAD | The Beast Family",The Beast Family,7565778,5.93,https://www.youtube.com/watch?v=E6oL0h_WnwM,https://i.ytimg.com/vi/E6oL0h_WnwM/maxresdefault.jpg
brother,brother hated little brother,Big Brother Hated Little Brother: A Roblox Movie,ShanePlays 2,8326218,3.42,https://www.youtube.com/watch?v=i_RmmB8b2ak,https://i.ytimg.com/vi/i_RmmB8b2ak/maxresdefault.jpg
brother,brother almost died 18,My Brother Almost Died (18 Times...),Haminations,69647699,3.1,https://www.youtube.com/watch?v=STPzH0Uob54,https://i.ytimg.com/vi/STPzH0Uob54/maxresdefault.jpg
brother,brother gets jealous,"Brother Gets JEALOUS of Sister, What Happens Next Is Shocking",The Beast Family,3853735,3.02,https://www.youtube.com/watch?v=K6s34KPYroQ,https://i.ytimg.com/vi/K6s34KPYroQ/maxresdefault.jpg
brother,brother had a fake,SPOILED Brother Had A FAKE FUNERAL! (A Roblox Movie),ShanePlays 2,7052817,2.9,https://www.youtube.com/watch?v=c5W12wfA4QE,https://i.ytimg.com/vi/c5W12wfA4QE/maxresdefault.jpg
brother,brother a roblox movie,Big Sister Hated Little Brother: A Roblox Movie,ShanePlays 2,6897936,2.83,https://www.youtube.com/watch?v=oUSh3WcTeQ0,https://i.ytimg.com/vi/oUSh3WcTeQ0/maxresdefault.jpg
brother,brother hated,His Adopted Brother Hated Him: A Roblox Movie,ShanePlays 2,6706788,2.76,https://www.youtube.com/watch?v=JsBEv5NpACI,https://i.ytimg.com/vi/JsBEv5NpACI/maxresdefault.jpg
brother,brother was murdered,My Twin Brother Was MURDERED…,Stokes Twins,132474793,2.58,https://www.youtube.com/watch?v=P8gXGWH49ao,https://i.ytimg.com/vi/P8gXGWH49ao/maxresdefault.jpg
brother,brother a heartfelt,Sister Gets Pregnant By Step Brother... A Heartfelt Story | Sameer Bhavnani,Sameer Bhavnani,1389000,2.55,https://www.youtube.com/watch?v=kV1VypA-c_c,https://i.ytimg.com/vi/kV1VypA-c_c/maxresdefault.jpg
brother,brother donates kidney,Brother DONATES KIDNEY to SAVE SISTERS LIFE!!!! (You Won’t Believe How This Ends),Life Lessons With Luis,4716066,2.46,https://www.youtube.com/watch?v=XlPBHTvlmFU,https://i.ytimg.com/vi/XlPBHTvlmFU/maxresdefault.jpg
caught,caught,Friend’s Mom Takes New XBOX Series X from Kid. Does she get caught?,Totally Studios,5419412,3.85,https://www.youtube.com/watch?v=9_pa2O2_ags,https://i.ytimg.com/vi/9_pa2O2_ags/maxresdefault.jpg
caught,caught,Cop Profiles Undercover Cop And Gets Caught,SoulSnack,2015510,3.2,https://www.youtube.com/watch?v=V4T3Msol-Es,https://i.ytimg.com/vi/V4T3Msol-Es/maxresdefault.jpg
caught,caught,MOM Takes New iPHONE from Teen on a PLANE. Does She Get Caught?,Totally Studios,3825602,2.72,https://www.youtube.com/watch?v=d-06F5E1unM,https://i.ytimg.com/vi/d-06F5E1unM/maxresdefault.jpg
caught,caught,Kid HACKS Minecraft Server at School. Will He Get Caught?,Totally Studios,3616621,2.57,https://www.youtube.com/watch?v=gR3iEiI3pOE,https://i.ytimg.com/vi/gR3iEiI3pOE/maxresdefault.jpg
caught,caught,10 of the Freakiest Alleged Poltergeists Caught on Video,Mr. Nightmare,6949918,2.28,https://www.youtube.com/watch?v=E7nFf-ld7Fk,https://i.ytimg.com/vi/E7nFf-ld7Fk/maxresdefault.jpg
caught,caught,Kid FAKES Dying to SKIP School. Does He Get Caught?,Totally Studios,3198958,2.27,https://www.youtube.com/watch?v=FYuTGv2xIhc,https://i.ytimg.com/vi/FYuTGv2xIhc/maxresdefault.jpg
caught,caught cheating,"MARRIED People CAUGHT CHEATING, What Happens Is Shocking | Illumeably",Illumeably,3609934,6.12,https://www.youtube.com/watch?v=M6Q2xwv2MYo,https://i.ytimg.com/vi/M6Q2xwv2MYo/maxresdefault.jpg
caught,caught strangers lying,I Caught Strangers Lying In Public,Airrack,29081464,2.81,https://www.youtube.com/watch?v=PJqlSJ8pzy8,https://i.ytimg.com/vi/PJqlSJ8pzy8/maxresdefault.jpg
caught,caught selling drugs,Evil COP Caught SELLING DRUGS to Kids!!!! SHOCKING ENDING!!!!,Life Lessons With Luis,4582997,2.39,https://www.youtube.com/watch?v=0ahJcgQCj3A,https://i.ytimg.com/vi/0ahJcgQCj3A/maxresdefault.jpg
caught,caught by footprints,Cheater Caught By Footprints  | @DramatizeMe,DramatizeMe,1962610,2.38,https://www.youtube.com/watch?v=1sxVTjR6XzY,https://i.ytimg.com/vi/1sxVTjR6XzY/maxresdefault.jpg
caught,caught by ring doorbell,3 Scary Footages Caught By Ring Doorbell Security Cameras (Horror Stories Animated),IMR Scary Tales,826329,2.36,https://www.youtube.com/watch?v=o2BuwBkHZAE,https://i.ytimg.com/vi/o2BuwBkHZAE/maxresdefault.jpg
caught,caught stealing from customers,Nail Salon Caught STEALING from Customers.,Totally Studios,3017917,2.14,https://www.youtube.com/watch?v=9ENIRLgS734,https://i.ytimg.com/vi/9ENIRLgS734/maxresdefault.jpg
caught,caught on ring cameras,Scary Videos Caught on Ring Cameras (Vol. 3),Mr. Nightmare,6408451,2.11,https://www.youtube.com/watch?v=r-ViIM4eZiI,https://i.ytimg.com/vi/r-ViIM4eZiI/maxresdefault.jpg
caught,caught taking top secret,TEEN Caught Taking TOP SECRET New IPHONE from Apple before Release Date.,Totally Studios,2861577,2.03,https://www.youtube.com/watch?v=UD922nOKK-8,https://i.ytimg.com/vi/UD922nOKK-8/maxresdefault.jpg
caught,caught two timing,"Man is CAUGHT TWO-TIMING On VALENTINE'S DAY, What Happens Is Shocking | Illumeably",Illumeably,1198874,2.03,https://www.youtube.com/watch?v=xCvLeN-eqS0,https://i.ytimg.com/vi/xCvLeN-eqS0/maxresdefault.jpg
parents,parents,"Big Brother AND Sister DONT LISTEN to PARENTS, What Happens Is Shocking | THE BEAST FAMILY",The Beast Family,8696016,6.81,https://www.youtube.com/watch?v=G4RtLO-C470,https://i.ytimg.com/vi/G4RtLO-C470/maxresdefault.jpg
parents,parents,growing up with STRICT PARENTS,Socks Animations ,17049828,2.82,https://www.youtube.com/watch?v=GQYddnarWnY,https://i.ytimg.com/vi/GQYddnarWnY/maxresdefault.jpg
parents,parents lied,My Parents LIED About My Blindness Until I Found The Dark Truth,Story Time Animated,1659887,2.18,https://www.youtube.com/watch?v=SFkxspWIsSY,https://i.ytimg.com/vi/SFkxspWIsSY/maxresdefault.jpg
parents,parents lied,100 Myths Your Parents LIED About..,Stokes Twins,110396321,2.15,https://www.youtube.com/watch?v=5r1TQOTumKM,https://i.ytimg.com/vi/5r1TQOTumKM/maxresdefault.jpg
parents,parents forced,My Parents FORCED Me To Cry Because My Tears Are MONEY,Story Time Animated,4953000,6.52,https://www.youtube.com/watch?v=JGCDhqapqUA,https://i.ytimg.com/vi/JGCDhqapqUA/maxresdefault.jpg
parents,parents have been hiding,My parents have been hiding this for years,Story Time Animated,3106980,4.09,https://www.youtube.com/watch?v=B94BvkRvqbo,https://i.ytimg.com/vi/B94BvkRvqbo/maxresdefault.jpg
parents,parents they learn,"SIBLINGS go to Swimming Pool without PARENTS, They Learn Their Lesson | The Beast Family",The Beast Family,4842823,3.8,https://www.youtube.com/watch?v=orHomI4YsW0,https://i.ytimg.com/vi/orHomI4YsW0/maxresdefault.jpg
parents,parents turn into kids,KIDS Turn Into ADULTS & PARENTS Turn Into KIDS for 24 HOURS CHALLENGE! | THE BEAST FAMILY,The Beast Family,4335531,3.4,https://www.youtube.com/watch?v=loQwGhiq2SE,https://i.ytimg.com/vi/loQwGhiq2SE/maxresdefault.jpg
parents,parents goodbye son w,FERRAN Has NEW PARENTS! Goodbye Son...W/ Rebecca Zamolo | The Royalty Family,The Royalty Family,45777742,2.69,https://www.youtube.com/watch?v=atOfjAiSdFo,https://i.ytimg.com/vi/atOfjAiSdFo/maxresdefault.jpg
parents,parents sell daughter,"Parents SELL DAUGHTER To OLD RICH MAN, What Happens Is Shocking | Illumeably",Illumeably,1504259,2.55,https://www.youtube.com/watch?v=FZR-MgJLteM,https://i.ytimg.com/vi/FZR-MgJLteM/maxresdefault.jpg
parents,parents thought,My Parents Thought They Were Imaginary... They Were DEAD,Story Time Animated,1912926,2.52,https://www.youtube.com/watch?v=eztZ--SPgpc,https://i.ytimg.com/vi/eztZ--SPgpc/maxresdefault.jpg
parents,parents for 500 000,"100 Kids Fight Parents For $500,000",MrBeast,349561891,2.32,https://www.youtube.com/watch?v=0CTp1a-aCUM,https://i.ytimg.com/vi/0CTp1a-aCUM/maxresdefault.jpg
parents,parents leave girl home,"Parents LEAVE GIRL HOME ALONE, What She Does IS SHOCKING | THE BEAST FAMILY",The Beast Family,2960671,2.32,https://www.youtube.com/watch?v=sep6Kr6JTBc,https://i.ytimg.com/vi/sep6Kr6JTBc/maxresdefault.jpg
parents,parents are poor,I Didn't Know My Real Parents Are Poor,Story Time Animated,1720751,2.26,https://www.youtube.com/watch?v=slHJVZRTysg,https://i.ytimg.com/vi/slHJVZRTysg/maxresdefault.jpg
parents,parents for a day,Surviving The Most EVIL Parents for a Day,The Royalty Family,36531315,2.15,https://www.youtube.com/watch?v=kMFY7aJ1tvk,https://i.ytimg.com/vi/kMFY7aJ1tvk/maxresdefault.jpg
daughter,daughter,"Mom Keeps Daughter Away From Family Members, Then This Happens.",Vid Chronicles,1281364,5.86,https://www.youtube.com/watch?v=1wzGJ3ONsvI,https://i.ytimg.com/vi/1wzGJ3ONsvI/maxresdefault.jpg
daughter,daughter,Creepy STEP-DAD Touches Daughter in Her..... YOU WON'T BELIEVE WHAT MOM DOES NEXT!!!!!,Life Lessons With Luis,5875917,3.06,https://www.youtube.com/watch?v=Dv5noaK1ktY,https://i.ytimg.com/vi/Dv5noaK1ktY/maxresdefault.jpg
daughter,daughter,The Richest Family In My Town Claims I'm Their Daughter,MSA,38460643,2.46,https://www.youtube.com/watch?v=S_REUE9Mow0,https://i.ytimg.com/vi/S_REUE9Mow0/maxresdefault.jpg
daughter,daughter,Dad Favors Son OVER HIS DAUGHTER | Dhar Mann Studios,Dhar Mann Studios,12635793,2.37,https://www.youtube.com/watch?v=HnEySA--vDw,https://i.ytimg.com/vi/HnEySA--vDw/maxresdefault.jpg
daughter,daughter pregnant,STEP DAD Gets Daughter PREGNANT!!!!,Life Lessons With Luis,10691629,5.57,https://www.youtube.com/watch?v=Er7cnRqC5-o,https://i.ytimg.com/vi/Er7cnRqC5-o/maxresdefault.jpg
daughter,daughter s future husbands,Mother Tests Her Daughter’s Future Husbands | @DramatizeMe,DramatizeMe,2775305,3.37,https://www.youtube.com/watch?v=p1tUwPOmv70,https://i.ytimg.com/vi/p1tUwPOmv70/maxresdefault.jpg
daughter,daughter cheat on valentine's,"Mom WATCHES Daughter CHEAT On Valentine's Day, What Happens Is Shocking | Illumeably",Illumeably,1532416,2.6,https://www.youtube.com/watch?v=oDuBOGNWxvE,https://i.ytimg.com/vi/oDuBOGNWxvE/maxresdefault.jpg
daughter,daughter in law,"Mother-In-Law RUINS Marriage, Then Daughter-In-Law Makes An Unexpected Decision | Illumeably",Illumeably,1527899,2.59,https://www.youtube.com/watch?v=rVFLfgGxYEs,https://i.ytimg.com/vi/rVFLfgGxYEs/maxresdefault.jpg
daughter,daughter pulled over shocking,Police Captain's Daughter Pulled Over. Shocking Ending.,SoulSnack,1607871,2.55,https://www.youtube.com/watch?v=cBDP4WdcmNA,https://i.ytimg.com/vi/cBDP4WdcmNA/maxresdefault.jpg
daughter,daughter to old rich,"Parents SELL DAUGHTER To OLD RICH MAN, What Happens Is Shocking | Illumeably",Illumeably,1504259,2.55,https://www.youtube.com/watch?v=FZR-MgJLteM,https://i.ytimg.com/vi/FZR-MgJLteM/maxresdefault.jpg
daughter,daughter of a billionaire,My Life As The Daughter Of A Billionaire,MSA,39238725,2.51,https://www.youtube.com/watch?v=DgpyKvlHqFU,https://i.ytimg.com/vi/DgpyKvlHqFU/maxresdefault.jpg
daughter,daughter out of house,"Mom LOCKS Daughter Out Of House, What Happens Is Shocking | Illumeably",Illumeably,1454393,2.47,https://www.youtube.com/watch?v=ZC59UQwwWL8,https://i.ytimg.com/vi/ZC59UQwwWL8/maxresdefault.jpg
daughter,daughter forces,Dad FAT SHAMES Daughter!!!! FORCES HER to Lose Weight,Life Lessons With Luis,4302682,2.24,https://www.youtube.com/watch?v=6xXblu0ACCs,https://i.ytimg.com/vi/6xXblu0ACCs/maxresdefault.jpg
daughter,daughter marry for money,Mom Forces DAUGHTER MARRY For MONEY! | Dhar Mann Studios,Dhar Mann Studios,11096315,2.08,https://www.youtube.com/watch?v=0eal3y2WIYQ,https://i.ytimg.com/vi/0eal3y2WIYQ/maxresdefault.jpg
daughter,daughter brings drug dealer,"Daughter Brings DRUG DEALER Home FOR CHRISTMAS, What Happens Is Shocking | Illumeably",Illumeably,1186632,2.01,https://www.youtube.com/watch?v=UWgnvzdMjeA,https://i.ytimg.com/vi/UWgnvzdMjeA/maxresdefault.jpg
evil,evil 10 year olds,I Exposed 5 of the World's Most Evil 10 Year Olds!,Stokes Twins,128230374,2.5,https://www.youtube.com/watch?v=z3L_ng4q5aw,https://i.ytimg.com/vi/z3L_ng4q5aw/maxresdefault.jpg
evil,evil 10 year olds,I Exposed the World’s Most Evil 10 Year Olds!,Stokes Twins,113709508,2.22,https://www.youtube.com/watch?v=PCE_DfFsTZM,https://i.ytimg.com/vi/PCE_DfFsTZM/maxresdefault.jpg
evil,evil babysitter drowns kid,Evil Babysitter DROWNS KID in Pool!!!! Leaves Her For Dead!!!!,Life Lessons With Luis,11056993,5.76,https://www.youtube.com/watch?v=j1YlMYuM7jg,https://i.ytimg.com/vi/j1YlMYuM7jg/maxresdefault.jpg
evil,evil mom leaves son,Evil Mom Leaves Son In Scorching Hot Car. Soon Lives To Regret It.,SoulSnack,3124007,4.96,https://www.youtube.com/watch?v=jBJL_-e-0O8,https://i.ytimg.com/vi/jBJL_-e-0O8/maxresdefault.jpg
evil,evil mother in law,EVIL Mother In-Law Electrocutes WIFE! SHOCKING END... | SAMEER BHAVNANI,Sameer Bhavnani,2103608,3.86,https://www.youtube.com/watch?v=6JYLrvM3yjA,https://i.ytimg.com/vi/6JYLrvM3yjA/maxresdefault.jpg
evil,evil judge humiliates black,Evil Judge Humiliates Black Rookie Cop. (Then This Happens),SoulSnack,2137510,3.39,https://www.youtube.com/watch?v=W65L03IBPoU,https://i.ytimg.com/vi/W65L03IBPoU/maxresdefault.jpg
evil,evil toy,"Family BUYS EVIL TOY, What Happens NEXT Is Shocking!",The Beast Family,3940288,3.09,https://www.youtube.com/watch?v=dos6AKorcwY,https://i.ytimg.com/vi/dos6AKorcwY/maxresdefault.jpg
evil,evil,"My Mom Thinks I’m an Angel, but I’m Actually EVIL",Story Time Animated,2199952,2.89,https://www.youtube.com/watch?v=tysS4PDcA80,https://i.ytimg.com/vi/tysS4PDcA80/maxresdefault.jpg
evil,evil cheating gold digger,Son Saves His Father from Evil Cheating Gold-Digger,SoulSnack,1814225,2.88,https://www.youtube.com/watch?v=87oRjgWawvc,https://i.ytimg.com/vi/87oRjgWawvc/maxresdefault.jpg
evil,evil cop caught selling,Evil COP Caught SELLING DRUGS to Kids!!!! SHOCKING ENDING!!!!,Life Lessons With Luis,4582997,2.39,https://www.youtube.com/watch?v=0ahJcgQCj3A,https://i.ytimg.com/vi/0ahJcgQCj3A/maxresdefault.jpg
evil,evil sister,I Can't Escape My Evil Sister,Story Time Animated,1807886,2.38,https://www.youtube.com/watch?v=4jUTkE3LyVs,https://i.ytimg.com/vi/4jUTkE3LyVs/maxresdefault.jpg
evil,evil parents,Surviving The Most EVIL Parents for a Day,The Royalty Family,36531315,2.15,https://www.youtube.com/watch?v=kMFY7aJ1tvk,https://i.ytimg.com/vi/kMFY7aJ1tvk/maxresdefault.jpg
evil,evil barber cuts black,Evil Barber Cuts Black Kid's DreadLocks Off On Purpose. Then This Happens.,SoulSnack,1276606,2.03,https://www.youtube.com/watch?v=EKfAqbneqj4,https://i.ytimg.com/vi/EKfAqbneqj4/maxresdefault.jpg
teen,teen,Crazy Karen Attacks Black Handicap Teen for His New Xbox,SoulSnack,2433950,3.86,https://www.youtube.com/watch?v=Hg9r619Skr4,https://i.ytimg.com/vi/Hg9r619Skr4/maxresdefault.jpg
teen,teen,WORLD'S MOST Spoiled Teen | Dhar Mann Studios,Dhar Mann Studios,10950158,2.05,https://www.youtube.com/watch?v=-izIZbDfDz8,https://i.ytimg.com/vi/-izIZbDfDz8/maxresdefault.jpg
teen,teen mom throws baby,Teen Mom Throws Baby In Dumpster. Then This Happens,SoulSnack,2910159,4.62,https://www.youtube.com/watch?v=82IkX7HM8-g,https://i.ytimg.com/vi/82IkX7HM8-g/maxresdefault.jpg
teen,teen gets first,Teen Gets FIRST NEW iPHONE from Apple. Then what Happens?,Totally Studios,5785785,4.11,https://www.youtube.com/watch?v=ngwd_F8ALI8,https://i.ytimg.com/vi/ngwd_F8ALI8/maxresdefault.jpg
teen,teen gets last laugh,Crazy Karen Calls Police on Black Teenager Who Needed Help. Teen Gets Last Laugh.,SoulSnack,2217136,3.52,https://www.youtube.com/watch?v=71GBzqCRqH8,https://i.ytimg.com/vi/71GBzqCRqH8/maxresdefault.jpg
teen,teen forced to steal,FASTEST TEEN Forced To Steal and Run From Cops! | Dhar Mann Studios,Dhar Mann Studios,18107611,3.39,https://www.youtube.com/watch?v=8eyV196Tj_U,https://i.ytimg.com/vi/8eyV196Tj_U/maxresdefault.jpg
teen,teen actress,"I’m A Famous Teen Actress, I Do What I Want",MSA,49994992,3.2,https://www.youtube.com/watch?v=k544WY0yWjM,https://i.ytimg.com/vi/k544WY0yWjM/maxresdefault.jpg
teen,teen prodigy's disturbing masterpiece,Teen prodigy's DISTURBING masterpiece will make even the toughest people squirm,MrBallen,7631823,2.86,https://www.youtube.com/watch?v=MclMKi4zDBw,https://i.ytimg.com/vi/MclMKi4zDBw/maxresdefault.jpg
teen,teen on a plane,MOM Takes New iPHONE from Teen on a PLANE. Does She Get Caught?,Totally Studios,3825602,2.72,https://www.youtube.com/watch?v=d-06F5E1unM,https://i.ytimg.com/vi/d-06F5E1unM/maxresdefault.jpg
teen,teen son,Racist Cop Pulls Over Black Police Captain’s Teen Son.,SoulSnack,1545787,2.45,https://www.youtube.com/watch?v=EYEFIf7sGGA,https://i.ytimg.com/vi/EYEFIf7sGGA/maxresdefault.jpg
teen,teen saves,BROKE TEEN Saves Family By Becoming BOXING LEGEND | Dhar Mann Studios,Dhar Mann Studios,12383920,2.32,https://www.youtube.com/watch?v=2uHUpFosgNw,https://i.ytimg.com/vi/2uHUpFosgNw/maxresdefault.jpg
teen,teen finds love,LONELY TEEN Finds Love In VIRTUAL REALITY | Dhar Mann Studios,Dhar Mann Studios,11586296,2.17,https://www.youtube.com/watch?v=77v4yQmzdnM,https://i.ytimg.com/vi/77v4yQmzdnM/maxresdefault.jpg
teen,teen kicked,PREGNANT TEEN Kicked Out Of Her House,Illumeably,1240312,2.1,https://www.youtube.com/watch?v=Oy2YHkJL83E,https://i.ytimg.com/vi/Oy2YHkJL83E/maxresdefault.jpg
teen,teen caught taking top,TEEN Caught Taking TOP SECRET New IPHONE from Apple before Release Date.,Totally Studios,2861577,2.03,https://www.youtube.com/watch?v=UD922nOKK-8,https://i.ytimg.com/vi/UD922nOKK-8/maxresdefault.jpg
people,people vs 1 secret,6 White People Vs 1 Secret Black Person (FINALE),Beta Squad,23736105,2.27,https://www.youtube.com/watch?v=bXP_BIrF3Ak,https://i.ytimg.com/vi/bXP_BIrF3Ak/maxresdefault.jpg
people,people vs 1 secret,6 Short People vs 1 Secret Tall Person,Beta Squad,21261643,2.03,https://www.youtube.com/watch?v=KSQWkAmnTWo,https://i.ytimg.com/vi/KSQWkAmnTWo/maxresdefault.jpg
people,people to moon,There’s a Very Good Reason Why NASA Hasn’t Sent People to the Moon Since 1972,Dr. NoSleep Podcast,127791,6.97,https://www.youtube.com/watch?v=b2FGA6kfmPY,https://i.ytimg.com/vi/b2FGA6kfmPY/maxresdefault.jpg
people,people caught cheating,"MARRIED People CAUGHT CHEATING, What Happens Is Shocking | Illumeably",Illumeably,3609934,6.12,https://www.youtube.com/watch?v=M6Q2xwv2MYo,https://i.ytimg.com/vi/M6Q2xwv2MYo/maxresdefault.jpg
people,people you won't believe,I Met 7 People You Won't Believe Exist!,Stokes Twins,163181844,3.18,https://www.youtube.com/watch?v=-j8WOAHw5d4,https://i.ytimg.com/vi/-j8WOAHw5d4/maxresdefault.jpg
people,people at gym,GYM STEREOTYPES | The Most Annoying People at the Gym,Dude Perfect,148424712,3.01,https://www.youtube.com/watch?v=nU4EJfX2aXE,https://i.ytimg.com/vi/nU4EJfX2aXE/maxresdefault.jpg
people,people at sleepovers,Types of People at Sleepovers,Tyler Vitelli,2622901,2.95,https://www.youtube.com/watch?v=fzcYp4t9U3k,https://i.ytimg.com/vi/fzcYp4t9U3k/hqdefault.jpg
people,people squirm,Teen prodigy's DISTURBING masterpiece will make even the toughest people squirm,MrBallen,7631823,2.86,https://www.youtube.com/watch?v=MclMKi4zDBw,https://i.ytimg.com/vi/MclMKi4zDBw/maxresdefault.jpg
people,people are disappearing,People Are Disappearing From My Apartment Building,Dr. NoSleep Podcast,39687,2.16,https://www.youtube.com/watch?v=55PWzrO_Yz4,https://i.ytimg.com/vi/55PWzrO_Yz4/maxresdefault.jpg
people,people vs world's deadliest,"10 People Vs World's Deadliest Laser Maze for $250,000",MrBeast,320109691,2.12,https://www.youtube.com/watch?v=QjvpjXdgugA,https://i.ytimg.com/vi/QjvpjXdgugA/maxresdefault.jpg
people,people top 3 strange,They all heard dead people • Top 3 Strange But True (*MATURE AUDIENCES*),MrBallen,5548208,2.08,https://www.youtube.com/watch?v=eCdzzoB7jrQ,https://i.ytimg.com/vi/eCdzzoB7jrQ/hqdefault.jpg
billionaire,billionaire,The ONE WORD That Made Me a BILLIONAIRE,Story Time Animated,2874622,3.78,https://www.youtube.com/watch?v=171z9ZWQKyA,https://i.ytimg.com/vi/171z9ZWQKyA/maxresdefault.jpg
billionaire,billionaire,My Life As The Daughter Of A Billionaire,MSA,39238725,2.51,https://www.youtube.com/watch?v=DgpyKvlHqFU,https://i.ytimg.com/vi/DgpyKvlHqFU/maxresdefault.jpg
billionaire,billionaire,I Control the school Billionaire,Story Time Animated,1650646,2.17,https://www.youtube.com/watch?v=ZZRH1lQzPFg,https://i.ytimg.com/vi/ZZRH1lQzPFg/maxresdefault.jpg
billionaire,billionaire falls in love,Billionaire FALLS IN LOVE with Homeless Girl! MUST SEE ENDING! Ft. FREIDA PINTO | SAMEER BHAVNANI,Sameer Bhavnani,3541373,6.5,https://www.youtube.com/watch?v=B-EkPM0u92s,https://i.ytimg.com/vi/B-EkPM0u92s/maxresdefault.jpg
billionaire,billionaire lives to regret,Racist Realtor Rejects Black Billionaire. Lives To Regret It,SoulSnack,3132748,4.97,https://www.youtube.com/watch?v=gz4dT7D1suw,https://i.ytimg.com/vi/gz4dT7D1suw/maxresdefault.jpg
billionaire,billionaire after account deleted,Kid becomes Roblox BILLIONAIRE after Account Deleted. What about the Cute Girl?,Totally Studios,6655143,4.72,https://www.youtube.com/watch?v=jC-TgCGSoWg,https://i.ytimg.com/vi/jC-TgCGSoWg/maxresdefault.jpg
billionaire,billionaire hired,A Billionaire Hired Me To Date His Son,MSA,60506894,3.87,https://www.youtube.com/watch?v=RrgLyLTscdQ,https://i.ytimg.com/vi/RrgLyLTscdQ/maxresdefault.jpg
billionaire,billionaire fakes as homeless,Billionaire FAKES As HOMELESS To Catch Cheaters,Illumeably,2196975,3.73,https://www.youtube.com/watch?v=bKXmQtDDES0,https://i.ytimg.com/vi/bKXmQtDDES0/maxresdefault.jpg
billionaire,billionaire mafia boy,A Billionaire Mafia Boy is Obsessed with Me,MSA,48839846,3.13,https://www.youtube.com/watch?v=_tXe2EZcvaA,https://i.ytimg.com/vi/_tXe2EZcvaA/maxresdefault.jpg
billionaire,billionaire would fight,I Had NO IDEA These Billionaire Twins Would Fight Over Me,Story Time Animated,1840469,2.42,https://www.youtube.com/watch?v=NxxCLacpS6s,https://i.ytimg.com/vi/NxxCLacpS6s/maxresdefault.jpg
boyfriend,boyfriend,"Father Confronts Abusive Boyfriend, Then this happens... | Sameer Bhavnani",Sameer Bhavnani,1752045,3.22,https://www.youtube.com/watch?v=Mb70URajp-4,https://i.ytimg.com/vi/Mb70URajp-4/maxresdefault.jpg
boyfriend,boyfriend,I Found Out I’m SECRETLY Allergic To My Boyfriend,Story Time Animated,2171811,2.86,https://www.youtube.com/watch?v=UVMH91tC2fY,https://i.ytimg.com/vi/UVMH91tC2fY/maxresdefault.jpg
boyfriend,boyfriend,My best friend stole my boyfriend,MSA,41765044,2.67,https://www.youtube.com/watch?v=7nFb0mlKjr4,https://i.ytimg.com/vi/7nFb0mlKjr4/maxresdefault.jpg
boyfriend,boyfriend,Boyfriend Tries to Find Girlfriend Blindfolded! *emotional*,Ben Azelart,69526433,2.47,https://www.youtube.com/watch?v=glq14UJ8XgA,https://i.ytimg.com/vi/glq14UJ8XgA/maxresdefault.jpg
boyfriend,boyfriend paralyzes girlfriend,STALKER Boyfriend Paralyzes Girlfriend with INJECTION! | SAMEER BHAVNANI,Sameer Bhavnani,3058261,5.62,https://www.youtube.com/watch?v=NSEB1D7kUkQ,https://i.ytimg.com/vi/NSEB1D7kUkQ/maxresdefault.jpg
boyfriend,boyfriend thinks,My Boyfriend Thinks I'm A Barbie Doll,Story Time Animated,3911070,5.15,https://www.youtube.com/watch?v=hMD-Qrcx8g0,https://i.ytimg.com/vi/hMD-Qrcx8g0/maxresdefault.jpg
boyfriend,boyfriend has hot girl,"Boyfriend Has Hot Girl Best Friend, What He Does Is Shocking | Sameer Bhavnani",Sameer Bhavnani,2073454,3.81,https://www.youtube.com/watch?v=OunPevT4HKE,https://i.ytimg.com/vi/OunPevT4HKE/maxresdefault.jpg
boyfriend,boyfriend in bed,"Woman Catches Boyfriend In Bed with Her Mom, End Will Shock You.",Vid Chronicles,738855,3.38,https://www.youtube.com/watch?v=bX4wVdZqQEo,https://i.ytimg.com/vi/bX4wVdZqQEo/maxresdefault.jpg
boyfriend,boyfriend not allowed,"Boyfriend NOT ALLOWED To HAVE FRIENDS, What Happens Is Shocking | Illumeably",Illumeably,1646913,2.79,https://www.youtube.com/watch?v=yFkQGGAVrIU,https://i.ytimg.com/vi/yFkQGGAVrIU/maxresdefault.jpg
boyfriend,boyfriend for rich man,"Girlfriend Brutally Dumps Poor Boyfriend For Rich Man, Ending Is Shocking | Illumeably",Illumeably,1389673,2.36,https://www.youtube.com/watch?v=hEC3XCHoujs,https://i.ytimg.com/vi/hEC3XCHoujs/maxresdefault.jpg
boyfriend,boyfriend fell in love,My Bestie’s Boyfriend Fell In Love With Me,MSA,33826207,2.17,https://www.youtube.com/watch?v=IeZSoXk5uqg,https://i.ytimg.com/vi/IeZSoXk5uqg/maxresdefault.jpg
boyfriend,boyfriend instantly regrets,"Father Slaps TikToker Boyfriend, Instantly Regrets It! | Sameer Bhavnani",Sameer Bhavnani,1095879,2.01,https://www.youtube.com/watch?v=RQbNBN2pQkE,https://i.ytimg.com/vi/RQbNBN2pQkE/maxresdefault.jpg
boyfriend,boyfriend treats his girl,"Boyfriend Treats His Girl TERRIBLY, He Lives To Regret It | Illumeably",Illumeably,1187039,2.01,https://www.youtube.com/watch?v=SIpK0JNasT4,https://i.ytimg.com/vi/SIpK0JNasT4/maxresdefault.jpg
cartoon animation,cartoon animation,CATNAP: The Story So Far... (Cartoon Animation),GameToons,16399799,5.15,https://www.youtube.com/watch?v=gQFafqJPHjk,https://i.ytimg.com/vi/gQFafqJPHjk/maxresdefault.jpg
cartoon animation,cartoon animation,SKIBIDI TOILET: The FINALE (Cartoon Animation),GameToons,12759040,4.0,https://www.youtube.com/watch?v=ZTnqbsbm99o,https://i.ytimg.com/vi/ZTnqbsbm99o/maxresdefault.jpg
cartoon animation,cartoon animation,The SAD STORY of POPPY PLAYTIME... (Cartoon Animation),GameToons,12427226,3.9,https://www.youtube.com/watch?v=Z_pe0V72B94,https://i.ytimg.com/vi/Z_pe0V72B94/maxresdefault.jpg
cartoon animation,cartoon animation,SPRUNKI: CIVIL WAR! (Cartoon Animation),GameToons,10709589,3.36,https://www.youtube.com/watch?v=ILXQncUvWhw,https://i.ytimg.com/vi/ILXQncUvWhw/maxresdefault.jpg
cartoon animation,cartoon animation,CATNAP: ABANDONED at BIRTH... (Cartoon Animation),GameToons,10413139,3.27,https://www.youtube.com/watch?v=XTABaZmT0iQ,https://i.ytimg.com/vi/XTABaZmT0iQ/maxresdefault.jpg
cartoon animation,cartoon animation,ZOOKEEPER's SAD ORIGIN STORY... (Cartoon Animation),GameToons,9587613,3.01,https://www.youtube.com/watch?v=LagWKNf99zQ,https://i.ytimg.com/vi/LagWKNf99zQ/maxresdefault.jpg
cartoon animation,cartoon animation,SURVIVING on SPRUNKI ISLAND... (Cartoon Animation),GameToons,9423272,2.96,https://www.youtube.com/watch?v=s2bsspVgVdk,https://i.ytimg.com/vi/s2bsspVgVdk/maxresdefault.jpg
cartoon animation,cartoon animation,PINKI Fixes OREN's BROKEN HEART... (Cartoon Animation),GameToons,9342914,2.93,https://www.youtube.com/watch?v=9Y1di-zR78E,https://i.ytimg.com/vi/9Y1di-zR78E/maxresdefault.jpg
cartoon animation,cartoon animation,CHOO CHOO CHARLES vs. THOMAS.EXE?! (Cartoon Animation),GameToons,8932833,2.8,https://www.youtube.com/watch?v=TA6ndzC4PlY,https://i.ytimg.com/vi/TA6ndzC4PlY/maxresdefault.jpg
cartoon animation,cartoon animation,CATNAP Has Only 24 HOURS to LIVE!? (Cartoon Animation),GameToons,8626216,2.71,https://www.youtube.com/watch?v=G0KKI0OBkDM,https://i.ytimg.com/vi/G0KKI0OBkDM/maxresdefault.jpg
cartoon animation,cartoon animation,The FULL Story of Garten of Banban... (Cartoon Animation),GameToons,8317038,2.61,https://www.youtube.com/watch?v=_2s7XSU2Bl0,https://i.ytimg.com/vi/_2s7XSU2Bl0/maxresdefault.jpg
cartoon animation,cartoon animation,ZOOKEEPER is NOT a MONSTER... (Cartoon Animation),GameToons,8297614,2.6,https://www.youtube.com/watch?v=S9OU3y6LA5U,https://i.ytimg.com/vi/S9OU3y6LA5U/maxresdefault.jpg
cartoon animation,cartoon animation,DOGDAY BUYS HIS FIRST HOUSE?!  (Cartoon Animation),GameToons,8286291,2.6,https://www.youtube.com/watch?v=kBN6h0xBVXo,https://i.ytimg.com/vi/kBN6h0xBVXo/maxresdefault.jpg
cartoon animation,cartoon animation,CATNAP is MOVING AWAY?! (Cartoon Animation),GameToons,8071084,2.53,https://www.youtube.com/watch?v=XSMJSDaGgs8,https://i.ytimg.com/vi/XSMJSDaGgs8/maxresdefault.jpg
cartoon animation,cartoon animation,SAVED by CATNAP?! (Cartoon Animation),GameToons,8025513,2.52,https://www.youtube.com/watch?v=6f3lsMSb2a4,https://i.ytimg.com/vi/6f3lsMSb2a4/maxresdefault.jpg
cartoon animation,cartoon animation,GRAY & WENDA GET MARRIED?! (Cartoon Animation),GameToons,7876259,2.47,https://www.youtube.com/watch?v=zofiNxYZ2D4,https://i.ytimg.com/vi/zofiNxYZ2D4/maxresdefault.jpg
cartoon animation,cartoon animation,"RAINBOW FRIENDS, But They're DINOSAURS?! (Cartoon Animation)",GameToons,7633961,2.4,https://www.youtube.com/watch?v=3Q5IJi3s3Hw,https://i.ytimg.com/vi/3Q5IJi3s3Hw/maxresdefault.jpg
cartoon animation,cartoon animation,BASE DEFENSE: 99 Nights in Roblox Forest! (Cartoon Animation),GameToons,7549490,2.37,https://www.youtube.com/watch?v=M_HqWwWF_6g,https://i.ytimg.com/vi/M_HqWwWF_6g/maxresdefault.jpg
cartoon animation,cartoon animation,DOGDAY: ABANDONED AT BIRTH... (Cartoon Animation),GameToons,7533691,2.36,https://www.youtube.com/watch?v=saQchZJ7m2E,https://i.ytimg.com/vi/saQchZJ7m2E/maxresdefault.jpg
cartoon animation,cartoon animation,SPRUNKI: PHASE 0?! (Cartoon Animation),GameToons,7500783,2.35,https://www.youtube.com/watch?v=N7habMq_PRY,https://i.ytimg.com/vi/N7habMq_PRY/maxresdefault.jpg
cartoon animation,cartoon animation,SPRUNKI: WAR of the CONDIMENTS! (Cartoon Animation),GameToons,7347394,2.31,https://www.youtube.com/watch?v=n9N_D2c001A,https://i.ytimg.com/vi/n9N_D2c001A/maxresdefault.jpg
cartoon animation,cartoon animation,RAINBOW FRIENDS Chapter 2: The Story So Far... (Cartoon Animation),GameToons,7056718,2.21,https://www.youtube.com/watch?v=-KOaMQsxmi4,https://i.ytimg.com/vi/-KOaMQsxmi4/maxresdefault.jpg
cartoon animation,cartoon animation,"CHAPTER 3, But EVERYONE's a BABY?! (Cartoon Animation)",GameToons,6998761,2.2,https://www.youtube.com/watch?v=HsYO1yIHqXw,https://i.ytimg.com/vi/HsYO1yIHqXw/maxresdefault.jpg
cartoon animation,cartoon animation,HAUNTED by the SPRUNKI SLIDE EATER... (Cartoon Animation),GameToons,6877326,2.16,https://www.youtube.com/watch?v=m8lvUO7QDxU,https://i.ytimg.com/vi/m8lvUO7QDxU/maxresdefault.jpg
cartoon animation,cartoon animation,The END of CHAPTER 3... (Cartoon Animation),GameToons,6800039,2.13,https://www.youtube.com/watch?v=tbCm_-MlBG4,https://i.ytimg.com/vi/tbCm_-MlBG4/maxresdefault.jpg
cartoon animation,cartoon animation,The TRUE Story of the REJECT CRITTER... (Cartoon Animation),GameToons,6604133,2.07,https://www.youtube.com/watch?v=Hfq-6v5K0XA,https://i.ytimg.com/vi/Hfq-6v5K0XA/maxresdefault.jpg
cartoon animation,cartoon animation,"CHAPTER 3, But They're ZOONOMALY?! (Cartoon Animation)",GameToons,6536845,2.05,https://www.youtube.com/watch?v=wtCI2ORwOiw,https://i.ytimg.com/vi/wtCI2ORwOiw/maxresdefault.jpg
cartoon animation,cartoon animation,SAVED By ZOOKEEPER?! (Cartoon Animation),GameToons,6547433,2.05,https://www.youtube.com/watch?v=qxiy2Y6EPsQ,https://i.ytimg.com/vi/qxiy2Y6EPsQ/maxresdefault.jpg
cartoon animation,cartoon animation,"RAINBOW FRIENDS, But They're GARTEN OF BANBAN?! (Cartoon Animation)",GameToons,6505131,2.04,https://www.youtube.com/watch?v=Mb7FBxFGv4U,https://i.ytimg.com/vi/Mb7FBxFGv4U/maxresdefault.jpg
cartoon animation,cartoon animation,CRAFTYCORN BUYS HER FIRST HOUSE?! (Cartoon Animation),GameToons,6454238,2.03,https://www.youtube.com/watch?v=nX0_Rt38TTI,https://i.ytimg.com/vi/nX0_Rt38TTI/maxresdefault.jpg
cartoon animation,cartoon animation,CATNAP HAS KITTENS! (Cartoon Animation),GameToons,6450130,2.02,https://www.youtube.com/watch?v=qYLtPicCYuI,https://i.ytimg.com/vi/qYLtPicCYuI/maxresdefault.jpg
cartoon animation,cartoon animation,CATNAP BUYS HIS FIRST HOUSE?! (Cartoon Animation),GameToons,6396947,2.01,https://www.youtube.com/watch?v=JPuD9AawGeA,https://i.ytimg.com/vi/JPuD9AawGeA/maxresdefault.jpg
cartoon animation,cartoon animation,ORIGIN of the WUBBOX! (Cartoon Animation),GameToons,6397490,2.01,https://www.youtube.com/watch?v=oAibkmhAwrk,https://i.ytimg.com/vi/oAibkmhAwrk/maxresdefault.jpg
cartoon animation,cartoon animation,RAINBOW FRIENDS: WAR! (Cartoon Animation),GameToons,6393076,2.01,https://www.youtube.com/watch?v=P2xMc3AcjGw,https://i.ytimg.com/vi/P2xMc3AcjGw/maxresdefault.jpg
teacher,teacher,3 True School Teacher Horror Stories Animated,IMR Scary Tales,946109,2.7,https://www.youtube.com/watch?v=Tg0EcLQ1RN8,https://i.ytimg.com/vi/Tg0EcLQ1RN8/maxresdefault.jpg
teacher,teacher,TEACHER WON'T Show HER FACE Inside SCHOOL | Dhar Mann Studios,Dhar Mann Studios,12307155,2.31,https://www.youtube.com/watch?v=tcUx5UjfRsM,https://i.ytimg.com/vi/tcUx5UjfRsM/maxresdefault.jpg
teacher,teacher takes a huge,Teacher TAKES A HUGE 💩 on ESSAY! What Happens Next... | SAMEER BHAVNANI,Sameer Bhavnani,2577858,4.73,https://www.youtube.com/watch?v=NSt2QlhY1fk,https://i.ytimg.com/vi/NSt2QlhY1fk/maxresdefault.jpg
teacher,teacher stories ft brodyanimates,Teacher Stories (ft. BrodyAnimates),Infamous Swoosh,15629837,4.39,https://www.youtube.com/watch?v=5mKdhxPmQ84,https://i.ytimg.com/vi/5mKdhxPmQ84/maxresdefault.jpg
teacher,teacher told kids lies,My Salty Teacher Told Kids Lies About Me,storybooth,17372757,3.8,https://www.youtube.com/watch?v=hxP-TJQZjQY,https://i.ytimg.com/vi/hxP-TJQZjQY/maxresdefault.jpg
teacher,teacher accuses 7 year,Teacher Accuses 7 Year Old Black Girl Of Stealing Her Phone,SoulSnack,2381697,3.78,https://www.youtube.com/watch?v=W3CsaFd3h9A,https://i.ytimg.com/vi/W3CsaFd3h9A/maxresdefault.jpg
teacher,teacher saves girl,Teacher Saves Girl From Male Student | @DramatizeMe,DramatizeMe,2949728,3.58,https://www.youtube.com/watch?v=owvQ6-TKxgM,https://i.ytimg.com/vi/owvQ6-TKxgM/maxresdefault.jpg
teacher,teacher is secretly,TEACHER Is SECRETLY A POP STAR | Dhar Mann Studios,Dhar Mann Studios,14713295,2.76,https://www.youtube.com/watch?v=-w9Jgvbw6GE,https://i.ytimg.com/vi/-w9Jgvbw6GE/maxresdefault.jpg
teacher,teacher gives black eye,Abusive Teacher Gives Black Eye! Lives to Regret It... | Sameer Bhavnani,Sameer Bhavnani,1107722,2.03,https://www.youtube.com/watch?v=wiiT_RMoj3w,https://i.ytimg.com/vi/wiiT_RMoj3w/maxresdefault.jpg
built secret,built secret pool,I Built a SECRET Pool in My Room!,Ben Azelart,189138406,6.72,https://www.youtube.com/watch?v=jxQi7525h4o,https://i.ytimg.com/vi/jxQi7525h4o/maxresdefault.jpg
built secret,built secret zoo,I Built a SECRET Zoo In My House!,Ben Azelart,137949276,4.9,https://www.youtube.com/watch?v=9qmfPvrm6ew,https://i.ytimg.com/vi/9qmfPvrm6ew/maxresdefault.jpg
built secret,built secret tree house,I Built a SECRET Tree House in My Backyard!,Ben Azelart,129850738,4.62,https://www.youtube.com/watch?v=S-urPnZysx0,https://i.ytimg.com/vi/S-urPnZysx0/maxresdefault.jpg
built secret,built secret bunk bed,I Built a SECRET Bunk Bed in My Room!,Ben Azelart,123512888,4.39,https://www.youtube.com/watch?v=OetqlKApkvo,https://i.ytimg.com/vi/OetqlKApkvo/maxresdefault.jpg
built secret,built secret mcdonald,I Built a SECRET McDonald’s In My Room!,Stokes Twins,222667471,4.34,https://www.youtube.com/watch?v=7mBh601vrPw,https://i.ytimg.com/vi/7mBh601vrPw/maxresdefault.jpg
built secret,built secret movie theater,I Built a SECRET Movie Theater in My Room!,Ben Azelart,121442404,4.32,https://www.youtube.com/watch?v=0ah5yCEGitQ,https://i.ytimg.com/vi/0ah5yCEGitQ/maxresdefault.jpg
built secret,built secret mcdonald's,I Built a SECRET McDonald's in My Room!,Ben Azelart,117719077,4.19,https://www.youtube.com/watch?v=v3mTRLpA2Rk,https://i.ytimg.com/vi/v3mTRLpA2Rk/maxresdefault.jpg
built secret,built secret survival bunker,I Built a SECRET Survival Bunker!,Ben Azelart,116503429,4.14,https://www.youtube.com/watch?v=Xu4qqpjWbvI,https://i.ytimg.com/vi/Xu4qqpjWbvI/maxresdefault.jpg
built secret,built secret gaming room,He Built A SECRET GAMING ROOM To Hide From His MEAN MOM! (A Roblox Movie),ShanePlays 2,10016462,4.12,https://www.youtube.com/watch?v=Inmc6ZpG-BY,https://i.ytimg.com/vi/Inmc6ZpG-BY/maxresdefault.jpg
built secret,built secret soccer field,I Built a SECRET Soccer Field in My House!,Ben Azelart,92780114,3.3,https://www.youtube.com/watch?v=7K9jWptv61M,https://i.ytimg.com/vi/7K9jWptv61M/maxresdefault.jpg
built secret,built secret lamborghini dealership,I Built a SECRET Lamborghini Dealership!,Stokes Twins,128331984,2.5,https://www.youtube.com/watch?v=dRrTj0x8Td4,https://i.ytimg.com/vi/dRrTj0x8Td4/maxresdefault.jpg
built secret,built secret lego store,I Built a SECRET Lego Store in My Room!,Ben Azelart,70382384,2.5,https://www.youtube.com/watch?v=9Q-l4W0gOgE,https://i.ytimg.com/vi/9Q-l4W0gOgE/maxresdefault.jpg
challenge,challenge,"1,000 DARES in 24 HOURS CHALLENGE!",Unspeakable,92722348,7.54,https://www.youtube.com/watch?v=EyapLNkauTQ,https://i.ytimg.com/vi/EyapLNkauTQ/maxresdefault.jpg
challenge,challenge,Friends Copy a Dangerous TV Challenge — Part 2,Sameer Bhavnani,3014469,5.53,https://www.youtube.com/watch?v=U2uPJu_AeKk,https://i.ytimg.com/vi/U2uPJu_AeKk/maxresdefault.jpg
challenge,challenge,"First To Get 1,000,000 Followers Challenge",Unspeakable,41866756,3.41,https://www.youtube.com/watch?v=0CendwbAYRA,https://i.ytimg.com/vi/0CendwbAYRA/maxresdefault.jpg
challenge,challenge,KIDS Turn Into ADULTS & PARENTS Turn Into KIDS for 24 HOURS CHALLENGE! | THE BEAST FAMILY,The Beast Family,4335531,3.4,https://www.youtube.com/watch?v=loQwGhiq2SE,https://i.ytimg.com/vi/loQwGhiq2SE/maxresdefault.jpg
challenge,challenge,"Last to FALL ASLEEP Wins $10,000 CHALLENGE!!! 😴 | The Royalty Family",The Royalty Family,43752621,2.57,https://www.youtube.com/watch?v=wfcZR1rCqvU,https://i.ytimg.com/vi/wfcZR1rCqvU/maxresdefault.jpg
challenge,challenge,TRY NOT TO LAUGH OR GRIN CHALLENGE!,Unspeakable,28474126,2.32,https://www.youtube.com/watch?v=lglSgoGdDUo,https://i.ytimg.com/vi/lglSgoGdDUo/maxresdefault.jpg
challenge,challenge,24 Hour LAST TO LEAVE POOL Challenge!!! | The Royalty Family,The Royalty Family,38420652,2.26,https://www.youtube.com/watch?v=AkI3Z7ZeqF4,https://i.ytimg.com/vi/AkI3Z7ZeqF4/maxresdefault.jpg
challenge,challenge,World's BIGGEST Game Of LIFE Gameboard Challenge!,Unspeakable,25871478,2.1,https://www.youtube.com/watch?v=apULwqv5D5o,https://i.ytimg.com/vi/apULwqv5D5o/maxresdefault.jpg
challenge,challenge,LAST TO FALL ASLEEP CHALLENGE,Beta Squad,21825255,2.08,https://www.youtube.com/watch?v=OfALmGupms8,https://i.ytimg.com/vi/OfALmGupms8/maxresdefault.jpg
challenge,challenge sis vs bro,WE HAD TO EAT REAL WORMS! GUMMY FOOD VS REAL FOOD CHALLENGE! | SIS VS BRO | THE BEAST FAMILY,The Beast Family,5966637,4.68,https://www.youtube.com/watch?v=z4VUVyNfR9w,https://i.ytimg.com/vi/z4VUVyNfR9w/maxresdefault.jpg
challenge,challenge sis vs bro,TIKTOK JELLY FRUIT FOOD CANDY CHALLENGE (SIS VS BRO) | THE BEAST FAMILY,The Beast Family,5478635,4.29,https://www.youtube.com/watch?v=zaqf7SH8XsE,https://i.ytimg.com/vi/zaqf7SH8XsE/maxresdefault.jpg
challenge,challenge 24 hours,OVERNIGHT In My TANK Challenge! 24 HOURS,Unspeakable,33862622,2.75,https://www.youtube.com/watch?v=uwS5-YcNyGI,https://i.ytimg.com/vi/uwS5-YcNyGI/maxresdefault.jpg
wins,wins 10 000,"LAST TO LEAVE BATHROOM WINS $10,000",Stokes Twins,141221975,2.75,https://www.youtube.com/watch?v=3gLMOOUMiog,https://i.ytimg.com/vi/3gLMOOUMiog/maxresdefault.jpg
wins,wins 10 000,"LAST TO STOP KISSING WINS $10,000!",Ben Azelart,67601582,2.4,https://www.youtube.com/watch?v=wMN4_spBXLQ,https://i.ytimg.com/vi/wMN4_spBXLQ/maxresdefault.jpg
wins,wins 10 000,"LAST TO FALL ASLEEP WINS $10,000",Stokes Twins,112727440,2.2,https://www.youtube.com/watch?v=4PaqJhHM9-s,https://i.ytimg.com/vi/4PaqJhHM9-s/maxresdefault.jpg
wins,wins 100 000,"Last To Leave Capsule Hotel Wins $100,000",Stokes Twins,140973263,2.75,https://www.youtube.com/watch?v=aAFMeSRVTuw,https://i.ytimg.com/vi/aAFMeSRVTuw/maxresdefault.jpg
wins,wins 100 000,"LAST TO LEAVE POOL WINS $100,000",Stokes Twins,125525065,2.45,https://www.youtube.com/watch?v=abXVkk_8Zxo,https://i.ytimg.com/vi/abXVkk_8Zxo/maxresdefault.jpg
wins,wins,My sister wins everything,Story Time Animated,1901846,2.5,https://www.youtube.com/watch?v=2jGfHWJaCbA,https://i.ytimg.com/vi/2jGfHWJaCbA/maxresdefault.jpg
wins,wins,Whoever CRASHES Through the Wall Wins,Dude Perfect,103209693,2.09,https://www.youtube.com/watch?v=cqylLiMzk54,https://i.ytimg.com/vi/cqylLiMzk54/maxresdefault.jpg
wins,wins 500 000,"Last To Leave Circle Wins $500,000",MrBeast,563301672,3.73,https://www.youtube.com/watch?v=zxYjTTXc-J8,https://i.ytimg.com/vi/zxYjTTXc-J8/maxresdefault.jpg
wins,wins 10 000 challenge,"Last to FALL ASLEEP Wins $10,000 CHALLENGE!!! 😴 | The Royalty Family",The Royalty Family,43752621,2.57,https://www.youtube.com/watch?v=wfcZR1rCqvU,https://i.ytimg.com/vi/wfcZR1rCqvU/maxresdefault.jpg
wins,wins 100ft drop,"*EXTREME* LAST TO FALL, WINS! 100FT DROP...",Unspeakable,27673970,2.25,https://www.youtube.com/watch?v=PeUJDIvLCAk,https://i.ytimg.com/vi/PeUJDIvLCAk/maxresdefault.jpg
wins,wins 250 000,"Ages 1 - 100 Decide Who Wins $250,000",MrBeast,337971537,2.24,https://www.youtube.com/watch?v=l-nMKJ5J3Uc,https://i.ytimg.com/vi/l-nMKJ5J3Uc/maxresdefault.jpg
wins,wins trophy,The First Ever Bubble Wrap Battle: Who Wins the Trophy?,Dude Perfect,106840099,2.17,https://www.youtube.com/watch?v=LoaEy7CCC1E,https://i.ytimg.com/vi/LoaEy7CCC1E/maxresdefault.jpg
disturbing,disturbing internet rabbit holes,5 Most Disturbing Internet Rabbit Holes,Chilling Scares,9679735,2.97,https://www.youtube.com/watch?v=jTKLn6yLqik,https://i.ytimg.com/vi/jTKLn6yLqik/maxresdefault.jpg
disturbing,disturbing children's drawings,3 Disturbing Children's Drawings with Backstories,Mr. Nightmare,8724923,2.87,https://www.youtube.com/watch?v=zm5B4IjYlaE,https://i.ytimg.com/vi/zm5B4IjYlaE/maxresdefault.jpg
disturbing,disturbing masterpiece,Teen prodigy's DISTURBING masterpiece will make even the toughest people squirm,MrBallen,7631823,2.86,https://www.youtube.com/watch?v=MclMKi4zDBw,https://i.ytimg.com/vi/MclMKi4zDBw/maxresdefault.jpg
disturbing,disturbing recordings,5 Disturbing Recordings Left by Missing Persons,Chilling Scares,9139236,2.81,https://www.youtube.com/watch?v=CWipxBgwVPQ,https://i.ytimg.com/vi/CWipxBgwVPQ/maxresdefault.jpg
disturbing,disturbing iphone,3 Disturbing iPhone Horror Stories Animated,IMR Scary Tales,966091,2.75,https://www.youtube.com/watch?v=cERWEBjZt-0,https://i.ytimg.com/vi/cERWEBjZt-0/maxresdefault.jpg
disturbing,disturbing cases of real,5 Most Disturbing Cases of Real Found Footage,Chilling Scares,8735600,2.68,https://www.youtube.com/watch?v=SA_sR84QkqQ,https://i.ytimg.com/vi/SA_sR84QkqQ/maxresdefault.jpg
disturbing,disturbing roommate,3 True Disturbing Roommate Horror Stories Animated,IMR Scary Tales,910421,2.59,https://www.youtube.com/watch?v=AWS1niPdUNg,https://i.ytimg.com/vi/AWS1niPdUNg/maxresdefault.jpg
disturbing,disturbing snapchat snap map,3 Disturbing Snapchat/Snap Map Horror Stories,Mr. Nightmare,7769814,2.55,https://www.youtube.com/watch?v=EWX6O-OTwZA,https://i.ytimg.com/vi/EWX6O-OTwZA/hqdefault.jpg
disturbing,disturbing peace,Racist Cop Arrest for Disturbing the Peace! Then This Happens... | Sameer Bhavnani,Sameer Bhavnani,1341070,2.46,https://www.youtube.com/watch?v=PZYHiQPIBAA,https://i.ytimg.com/vi/PZYHiQPIBAA/maxresdefault.jpg
disturbing,disturbing reddit threads,5 Most Disturbing Reddit Threads,Chilling Scares,7585849,2.33,https://www.youtube.com/watch?v=uUGkCILhQro,https://i.ytimg.com/vi/uUGkCILhQro/maxresdefault.jpg
disturbing,disturbing backstories v3,4 Children's Drawings With Disturbing Backstories (V3),Mr. Nightmare,7061329,2.32,https://www.youtube.com/watch?v=AeFPU-LfNwo,https://i.ytimg.com/vi/AeFPU-LfNwo/maxresdefault.jpg
disturbing,disturbing caving,5 Most Disturbing Caving Videos,Chilling Scares,7497827,2.3,https://www.youtube.com/watch?v=AUD0fjnikC4,https://i.ytimg.com/vi/AUD0fjnikC4/maxresdefault.jpg
disturbing,disturbing real tinder,2 Disturbing REAL Tinder Horror Stories,Mr. Nightmare,6858492,2.25,https://www.youtube.com/watch?v=WB6GUNvVMW0,https://i.ytimg.com/vi/WB6GUNvVMW0/maxresdefault.jpg
disturbing,disturbing 4chan threads,6 Most Disturbing 4Chan Threads,Chilling Scares,6640492,2.04,https://www.youtube.com/watch?v=4c8uTVaB9Ow,https://i.ytimg.com/vi/4c8uTVaB9Ow/maxresdefault.jpg
world,world s shortest woman,I Spent 24 Hours With The World’s SHORTEST Woman!,Stokes Twins,237841182,4.63,https://www.youtube.com/watch?v=TzebVGUMrGU,https://i.ytimg.com/vi/TzebVGUMrGU/maxresdefault.jpg
world,world in first class,I Flew Around the World in First Class,Ryan Trahan,46247821,4.58,https://www.youtube.com/watch?v=mDnQnoNhez0,https://i.ytimg.com/vi/mDnQnoNhez0/maxresdefault.jpg
world,world,I Stayed in Every Hotel at Disney World,Ryan Trahan,40933784,4.06,https://www.youtube.com/watch?v=iEcr07-aOmg,https://i.ytimg.com/vi/iEcr07-aOmg/maxresdefault.jpg
world,world war,3 World War Horror Stories Animated,IMR Scary Tales,1093804,3.12,https://www.youtube.com/watch?v=DoP4eW3vCfA,https://i.ytimg.com/vi/DoP4eW3vCfA/hqdefault.jpg
world,world s deadliest obstacle,World’s Deadliest Obstacle Course!,MrBeast,449751287,2.98,https://www.youtube.com/watch?v=PWirijQkH4M,https://i.ytimg.com/vi/PWirijQkH4M/maxresdefault.jpg
world,world s tallest man,I Spent 24 Hours with the World’s Tallest Man!,Stokes Twins,148760342,2.9,https://www.youtube.com/watch?v=psgYshOi9v8,https://i.ytimg.com/vi/psgYshOi9v8/maxresdefault.jpg
world,world record edition,World Record Edition | Dude Perfect,Dude Perfect,127456039,2.59,https://www.youtube.com/watch?v=gm2_6DX_0Bw,https://i.ytimg.com/vi/gm2_6DX_0Bw/maxresdefault.jpg
world,world s most dangerous,I Exposed The World’s Most DANGEROUS Theme Parks!,Stokes Twins,117995118,2.3,https://www.youtube.com/watch?v=sIISgvptmSw,https://i.ytimg.com/vi/sIISgvptmSw/maxresdefault.jpg
world,world s largest slice,I Ate The World’s Largest Slice Of Pizza,MrBeast,342955871,2.27,https://www.youtube.com/watch?v=Rj_vssRaZlQ,https://i.ytimg.com/vi/Rj_vssRaZlQ/maxresdefault.jpg
world,world s most evil,I Exposed the World’s Most Evil 10 Year Olds!,Stokes Twins,113709508,2.22,https://www.youtube.com/watch?v=PCE_DfFsTZM,https://i.ytimg.com/vi/PCE_DfFsTZM/maxresdefault.jpg
world,world and nowhere,"I Live in a Post-Apocalyptic World, and Nowhere Is Safe",Dr. NoSleep Podcast,40467,2.21,https://www.youtube.com/watch?v=8DTRKXFuzJM,https://i.ytimg.com/vi/8DTRKXFuzJM/maxresdefault.jpg
cheating,cheating,"MARRIED People CAUGHT CHEATING, What Happens Is Shocking | Illumeably",Illumeably,3609934,6.12,https://www.youtube.com/watch?v=M6Q2xwv2MYo,https://i.ytimg.com/vi/M6Q2xwv2MYo/maxresdefault.jpg
cheating,cheating,Man Marks His Wife To Reveal Her Cheating | @DramatizeMe,DramatizeMe,5002684,6.07,https://www.youtube.com/watch?v=WsUNLoBbswA,https://i.ytimg.com/vi/WsUNLoBbswA/maxresdefault.jpg
cheating,cheating,Husband Shows Wife Cheating Video At Her Party ,Vid Chronicles,743903,3.4,https://www.youtube.com/watch?v=TMx4Zlflovc,https://i.ytimg.com/vi/TMx4Zlflovc/maxresdefault.jpg
cheating,cheating,Best Friends Find Their Partners Cheating | @DramatizeMe,DramatizeMe,1868884,2.27,https://www.youtube.com/watch?v=Iq-zQBTiMus,https://i.ytimg.com/vi/Iq-zQBTiMus/maxresdefault.jpg
cheating,cheating,Cheating,Domics,14499462,2.16,https://www.youtube.com/watch?v=s2rHn28wyvI,https://i.ytimg.com/vi/s2rHn28wyvI/maxresdefault.jpg
cheating,cheating wife surprise,"Husband Gives Cheating Wife Surprise Of Her Life, This Will Shock You. @PixUltraa",Vid Chronicles,4976310,22.76,https://www.youtube.com/watch?v=BvhUzNoVdRA,https://i.ytimg.com/vi/BvhUzNoVdRA/maxresdefault.jpg
cheating,cheating wife failed,Cheating Wife Failed At Hiding Truth | @DramatizeMe,DramatizeMe,3871322,4.7,https://www.youtube.com/watch?v=_UjYk7QWkUc,https://i.ytimg.com/vi/_UjYk7QWkUc/maxresdefault.jpg
cheating,cheating gold digger,Son Saves His Father from Evil Cheating Gold-Digger,SoulSnack,1814225,2.88,https://www.youtube.com/watch?v=87oRjgWawvc,https://i.ytimg.com/vi/87oRjgWawvc/maxresdefault.jpg
cheating,cheating his homeboy,"Wife Catches Husband Cheating With His Homeboy, Watch What Happens.",Vid Chronicles,597569,2.73,https://www.youtube.com/watch?v=9R4AslWAliU,https://i.ytimg.com/vi/9R4AslWAliU/maxresdefault.jpg
cheating,cheating she lives,Uber Driver Catches Girlfriend CHEATING! She Lives to Regret It... | Sameer Bhavnani,Sameer Bhavnani,1304005,2.39,https://www.youtube.com/watch?v=rWnQOWY3g_g,https://i.ytimg.com/vi/rWnQOWY3g_g/maxresdefault.jpg
years,years,I haven't seen another human for years,Story Time Animated,4957825,6.52,https://www.youtube.com/watch?v=4FVdxUT19zA,https://i.ytimg.com/vi/4FVdxUT19zA/maxresdefault.jpg
years,years,My parents have been hiding this for years,Story Time Animated,3106980,4.09,https://www.youtube.com/watch?v=B94BvkRvqbo,https://i.ytimg.com/vi/B94BvkRvqbo/maxresdefault.jpg
years,years,I hid my natural beauty for years,Story Time Animated,2951910,3.88,https://www.youtube.com/watch?v=2Gjn9mDdmZk,https://i.ytimg.com/vi/2Gjn9mDdmZk/maxresdefault.jpg
years,years,I've Been Lied To For YEARS,Story Time Animated,2472062,3.25,https://www.youtube.com/watch?v=mL0SqC7iYLs,https://i.ytimg.com/vi/mL0SqC7iYLs/maxresdefault.jpg
years,years,"I Work The Graveyard Shift At A Gas Station, The Same Car Has Been Here For Years",Dr. NoSleep Podcast,42352,2.31,https://www.youtube.com/watch?v=0UtcuW0KtlU,https://i.ytimg.com/vi/0UtcuW0KtlU/maxresdefault.jpg
years,years,"MrBeast Videos in 1,000 Years",Torec,5523277,2.11,https://www.youtube.com/watch?v=L6jiOOYkDCs,https://i.ytimg.com/vi/L6jiOOYkDCs/maxresdefault.jpg
years,years as a superhero,100 Years As A Superhero: A Roblox Movie,ShanePlays 2,13462057,5.53,https://www.youtube.com/watch?v=pou00Ozwi1A,https://i.ytimg.com/vi/pou00Ozwi1A/maxresdefault.jpg
years,years of school lunches,Eating 100 Years of School Lunches!,Stokes Twins,186444192,3.63,https://www.youtube.com/watch?v=41tkMAUJr8k,https://i.ytimg.com/vi/41tkMAUJr8k/maxresdefault.jpg
years,years ago,"We Found Human Remains on the Moon — From 700,000 Years Ago",Dr. NoSleep Podcast,53063,2.89,https://www.youtube.com/watch?v=Y7Z_sbYjBro,https://i.ytimg.com/vi/Y7Z_sbYjBro/maxresdefault.jpg
years,years old,My Mom is 500 years old,Story Time Animated,1548690,2.04,https://www.youtube.com/watch?v=27enH6x-dsc,https://i.ytimg.com/vi/27enH6x-dsc/maxresdefault.jpg
pregnant,pregnant,Karen Thrown OFF Plane for FAKING Pregnant.,Totally Studios,10712605,7.6,https://www.youtube.com/watch?v=CiXa-qB30wo,https://i.ytimg.com/vi/CiXa-qB30wo/maxresdefault.jpg
pregnant,pregnant,STEP DAD Gets Daughter PREGNANT!!!!,Life Lessons With Luis,10691629,5.57,https://www.youtube.com/watch?v=Er7cnRqC5-o,https://i.ytimg.com/vi/Er7cnRqC5-o/maxresdefault.jpg
pregnant,pregnant,DAD Gets Her Pregnant! | SAMEER BHAVNANI,Sameer Bhavnani,1165648,2.14,https://www.youtube.com/watch?v=Ljp2qyb5P24,https://i.ytimg.com/vi/Ljp2qyb5P24/maxresdefault.jpg
pregnant,pregnant cheerleader kicked,PREGNANT Cheerleader KICKED Off Team by Coach. She Regrets it Immediately. Totally Studios.,Totally Studios,4306639,3.06,https://www.youtube.com/watch?v=_-89GUfI-3M,https://i.ytimg.com/vi/_-89GUfI-3M/maxresdefault.jpg
pregnant,pregnant on christmas,Mom FORCES Son's Wife To Get PREGNANT On Christmas | Illumeably,Illumeably,1746727,2.96,https://www.youtube.com/watch?v=opqb0-E8apk,https://i.ytimg.com/vi/opqb0-E8apk/maxresdefault.jpg
pregnant,pregnant girl accused,PREGNANT Girl Accused of STEALING from a Store. What Goes Wrong?,Totally Studios,3886561,2.76,https://www.youtube.com/watch?v=jnQT7vqEXhw,https://i.ytimg.com/vi/jnQT7vqEXhw/maxresdefault.jpg
pregnant,pregnant by step brother,Sister Gets Pregnant By Step Brother... A Heartfelt Story | Sameer Bhavnani,Sameer Bhavnani,1389000,2.55,https://www.youtube.com/watch?v=kV1VypA-c_c,https://i.ytimg.com/vi/kV1VypA-c_c/maxresdefault.jpg
pregnant,pregnant by husband's father,Wife Gets Pregnant by Husband's Father! A Heartfelt Drama | Sameer Bhavnani,Sameer Bhavnani,1329964,2.44,https://www.youtube.com/watch?v=K9wpQ67kCeQ,https://i.ytimg.com/vi/K9wpQ67kCeQ/maxresdefault.jpg
pregnant,pregnant must see ending,Dad Gets SON'S GIRLFRIEND Pregnant! MUST SEE ENDING... | Sameer Bhavnani,Sameer Bhavnani,1282646,2.36,https://www.youtube.com/watch?v=4WQPSLUi9NQ,https://i.ytimg.com/vi/4WQPSLUi9NQ/maxresdefault.jpg
pregnant,pregnant girl,Mom Lets Her Kid Disrespect Pregnant Girl | @DramatizeMe,DramatizeMe,1765381,2.14,https://www.youtube.com/watch?v=KnX0VDjbPnU,https://i.ytimg.com/vi/KnX0VDjbPnU/maxresdefault.jpg
pregnant,pregnant wife exposed,Pregnant Wife EXPOSED on Instagram Live!!!!,Life Lessons With Luis,4110546,2.14,https://www.youtube.com/watch?v=2WU7pwGOhR8,https://i.ytimg.com/vi/2WU7pwGOhR8/maxresdefault.jpg
pregnant,pregnant teen kicked,PREGNANT TEEN Kicked Out Of Her House,Illumeably,1240312,2.1,https://www.youtube.com/watch?v=Oy2YHkJL83E,https://i.ytimg.com/vi/Oy2YHkJL83E/maxresdefault.jpg
pregnant,pregnant girlfriend on christmas,Mom REJECTS Pregnant Girlfriend On Christmas | Illumeably,Illumeably,1230920,2.09,https://www.youtube.com/watch?v=-Lz_wavABYA,https://i.ytimg.com/vi/-Lz_wavABYA/maxresdefault.jpg
pregnant,pregnant by other man,RACIST Girl Gets PREGNANT by Other Man! TWISTED ENDING... | SAMEER BHAVNANI,Sameer Bhavnani,1131451,2.08,https://www.youtube.com/watch?v=Htcbj5MD848,https://i.ytimg.com/vi/Htcbj5MD848/maxresdefault.jpg
day,day,Eating 7-11 Food ONLY for a Day! 🍕🌭,The Royalty Family,63830451,3.75,https://www.youtube.com/watch?v=n0vB3GlGJts,https://i.ytimg.com/vi/n0vB3GlGJts/maxresdefault.jpg
day,day,I ATE Every DRIVE THRU in a Day,The Royalty Family,54923691,3.23,https://www.youtube.com/watch?v=ryNBItLZGc4,https://i.ytimg.com/vi/ryNBItLZGc4/maxresdefault.jpg
day,day,3 True 4th July Independence Day Horror Stories Animated,IMR Scary Tales,852115,2.43,https://www.youtube.com/watch?v=-U0Q4gs5B7M,https://i.ytimg.com/vi/-U0Q4gs5B7M/maxresdefault.jpg
day,day,10 Year Old Son and Dad SWAP LIVE'S for a DAY! | The Royalty Family,The Royalty Family,38013340,2.24,https://www.youtube.com/watch?v=4qKOPhqge34,https://i.ytimg.com/vi/4qKOPhqge34/maxresdefault.jpg
day,day,Going Back To MIDDLE SCHOOL For A Day!,Stokes Twins,110809264,2.16,https://www.youtube.com/watch?v=plcU6ocDGSw,https://i.ytimg.com/vi/plcU6ocDGSw/maxresdefault.jpg
day,day,Surviving The Most EVIL Parents for a Day,The Royalty Family,36531315,2.15,https://www.youtube.com/watch?v=kMFY7aJ1tvk,https://i.ytimg.com/vi/kMFY7aJ1tvk/maxresdefault.jpg
day,day,CRAZY Mom RUINS Son's WEDDING DAY | Illumeably,Illumeably,1183770,2.01,https://www.youtube.com/watch?v=51_xjnpJsBg,https://i.ytimg.com/vi/51_xjnpJsBg/maxresdefault.jpg
day,day you survive,"$10,000 Every Day You Survive In A Grocery Store",MrBeast,542557558,3.59,https://www.youtube.com/watch?v=tnTPaLOaHz8,https://i.ytimg.com/vi/tnTPaLOaHz8/maxresdefault.jpg
day,day you survive,"$10,000 Every Day You Survive In The Wilderness",MrBeast,404353653,2.68,https://www.youtube.com/watch?v=U_LlX4t0A9I,https://i.ytimg.com/vi/U_LlX4t0A9I/maxresdefault.jpg
day,day care,Kids Left Alone at Day Care. Then This Happens,SoulSnack,2677615,4.25,https://www.youtube.com/watch?v=FP6E5pZHROo,https://i.ytimg.com/vi/FP6E5pZHROo/maxresdefault.jpg
day,day hide,"If the Sky Goes Dark in the Middle of the Day, HIDE!!",Dr. NoSleep Podcast,43908,2.4,https://www.youtube.com/watch?v=AUqdGPQaEW8,https://i.ytimg.com/vi/AUqdGPQaEW8/maxresdefault.jpg
homeless,homeless girl arrested,"7 Year Old Homeless Girl, ARRESTED for STEALING",Life Lessons With Luis,13050373,6.8,https://www.youtube.com/watch?v=v0EZFbB2fvc,https://i.ytimg.com/vi/v0EZFbB2fvc/maxresdefault.jpg
homeless,homeless girl must,Billionaire FALLS IN LOVE with Homeless Girl! MUST SEE ENDING! Ft. FREIDA PINTO | SAMEER BHAVNANI,Sameer Bhavnani,3541373,6.5,https://www.youtube.com/watch?v=B-EkPM0u92s,https://i.ytimg.com/vi/B-EkPM0u92s/maxresdefault.jpg
homeless,homeless to catch cheaters,Billionaire FAKES As HOMELESS To Catch Cheaters,Illumeably,2196975,3.73,https://www.youtube.com/watch?v=bKXmQtDDES0,https://i.ytimg.com/vi/bKXmQtDDES0/maxresdefault.jpg
homeless,homeless man saves baby,Homeless Man Saves Baby Girl Trapped in Hot Car While The Mom Goes Shopping.,SoulSnack,2246833,3.57,https://www.youtube.com/watch?v=1SlLZ451iAc,https://i.ytimg.com/vi/1SlLZ451iAc/maxresdefault.jpg
homeless,homeless a house,"Stranger Buys Homeless Family A House, Watch What Happens.",Vid Chronicles,744541,3.41,https://www.youtube.com/watch?v=89S_KgiewcY,https://i.ytimg.com/vi/89S_KgiewcY/maxresdefault.jpg
homeless,homeless black teen mom,Millionaire Helps Homeless Black Teen Mom. Changes Her Life Forever.,SoulSnack,2012575,3.19,https://www.youtube.com/watch?v=F3QGHb4zupg,https://i.ytimg.com/vi/F3QGHb4zupg/maxresdefault.jpg
homeless,homeless mother becomes millionaire,Homeless Mother Becomes Millionaire | Vid Chronicles,Vid Chronicles,635678,2.91,https://www.youtube.com/watch?v=WwM5fzbDLxo,https://i.ytimg.com/vi/WwM5fzbDLxo/maxresdefault.jpg
homeless,homeless black man,Police Harass Homeless Black Man. The Ending Will Shock You,SoulSnack,1806487,2.87,https://www.youtube.com/watch?v=uS10X8DuGVE,https://i.ytimg.com/vi/uS10X8DuGVE/maxresdefault.jpg
homeless,homeless to date,"Rich Girl PAYS HOMELESS To DATE HER, What Happens Is Shocking | Illumeably",Illumeably,1607088,2.73,https://www.youtube.com/watch?v=s5JEPNL3WL0,https://i.ytimg.com/vi/s5JEPNL3WL0/maxresdefault.jpg
homeless,homeless woman rejects billionaire's,Homeless Woman REJECTS Billionaire's LOVE! | SAMEER BHAVNANI,Sameer Bhavnani,1353291,2.48,https://www.youtube.com/watch?v=hKFXh2wpt8M,https://i.ytimg.com/vi/hKFXh2wpt8M/maxresdefault.jpg
iphone,iphone,Crazy Karen Accuses Black Teen Of Stealing Her Iphone. Then This Happens,SoulSnack,2133772,3.39,https://www.youtube.com/watch?v=N5RmSxlg1JI,https://i.ytimg.com/vi/N5RmSxlg1JI/maxresdefault.jpg
iphone,iphone,3 Disturbing iPhone Horror Stories Animated,IMR Scary Tales,966091,2.75,https://www.youtube.com/watch?v=cERWEBjZt-0,https://i.ytimg.com/vi/cERWEBjZt-0/maxresdefault.jpg
iphone,iphone,"3 Scary True ""Find My iPhone"" Horror Stories",Mr. Nightmare,6451747,2.12,https://www.youtube.com/watch?v=7jrdwUfHQ_c,https://i.ytimg.com/vi/7jrdwUfHQ_c/hqdefault.jpg
iphone,iphone from apple,Teen Gets FIRST NEW iPHONE from Apple. Then what Happens?,Totally Studios,5785785,4.11,https://www.youtube.com/watch?v=ngwd_F8ALI8,https://i.ytimg.com/vi/ngwd_F8ALI8/maxresdefault.jpg
iphone,iphone from apple,TEEN Caught Taking TOP SECRET New IPHONE from Apple before Release Date.,Totally Studios,2861577,2.03,https://www.youtube.com/watch?v=UD922nOKK-8,https://i.ytimg.com/vi/UD922nOKK-8/maxresdefault.jpg
iphone,iphone 13 from small,Angry Old White Man Tries to Steal iPhone 13 from Small Children,SoulSnack,3205346,5.09,https://www.youtube.com/watch?v=EGszMYq8OMI,https://i.ytimg.com/vi/EGszMYq8OMI/maxresdefault.jpg
iphone,iphone on a plane,Karen FLUSHES IPHONE on a Plane. And she BANS PHONES in School. Surprise Ending.,Totally Studios,6688821,4.75,https://www.youtube.com/watch?v=RgYcbMQjhas,https://i.ytimg.com/vi/RgYcbMQjhas/maxresdefault.jpg
iphone,iphone from girl,Karen Takes New iPHONE from Girl on a PLANE. The Ending is a Surprise.,Totally Studios,4715049,3.35,https://www.youtube.com/watch?v=QZ1bauMgPmk,https://i.ytimg.com/vi/QZ1bauMgPmk/maxresdefault.jpg
iphone,iphone from teen,MOM Takes New iPHONE from Teen on a PLANE. Does She Get Caught?,Totally Studios,3825602,2.72,https://www.youtube.com/watch?v=d-06F5E1unM,https://i.ytimg.com/vi/d-06F5E1unM/maxresdefault.jpg
iphone,iphone from poor classmate,Rich Girl STEALS New iPHONE from Poor Classmate at School. Must See Surprise Ending.,Totally Studios,3590171,2.55,https://www.youtube.com/watch?v=0OPz7OKfBD8,https://i.ytimg.com/vi/0OPz7OKfBD8/maxresdefault.jpg
iphone,iphone must see ending,Girl THROWN OFF Plane for her iPHONE. Must See Ending.,Totally Studios,3295833,2.34,https://www.youtube.com/watch?v=HbEHEePWKTE,https://i.ytimg.com/vi/HbEHEePWKTE/maxresdefault.jpg
iphone,iphone 13 she cried,DESTROYING My Grandma's PHONE & SURPRISING Her with New iPHONE 13! (SHE CRIED),The Royalty Family,37415024,2.2,https://www.youtube.com/watch?v=feCr6_27ZrU,https://i.ytimg.com/vi/feCr6_27ZrU/maxresdefault.jpg
rich,rich,"The"" Rich"" family",Story Time Animated,2179955,2.87,https://www.youtube.com/watch?v=h5Vegil98io,https://i.ytimg.com/vi/h5Vegil98io/maxresdefault.jpg
rich,rich,I’m too rich I get everything I want,MSA,39396023,2.52,https://www.youtube.com/watch?v=8mY6zz-HRRI,https://i.ytimg.com/vi/8mY6zz-HRRI/maxresdefault.jpg
rich,rich,Mom Is Jealous Because I'm Rich,Story Time Animated,1736881,2.28,https://www.youtube.com/watch?v=nwJ5Z0LJY2Y,https://i.ytimg.com/vi/nwJ5Z0LJY2Y/maxresdefault.jpg
rich,rich,Man Lies To Fiance About How Rich He Is | @DramatizeMe,DramatizeMe,1807469,2.19,https://www.youtube.com/watch?v=dIVoTG5s6Tg,https://i.ytimg.com/vi/dIVoTG5s6Tg/maxresdefault.jpg
rich,rich dad what janitor,"POOR Janitor Meets Girlfriend's RICH DAD, What Janitor Does Is Shocking | Illumeably",Illumeably,2651578,4.5,https://www.youtube.com/watch?v=lmj4WZK8ZoI,https://i.ytimg.com/vi/lmj4WZK8ZoI/maxresdefault.jpg
rich,rich black doctor,"White Car Salesman Shames Rich Black Doctor, then this Happens.",SoulSnack,1894420,3.01,https://www.youtube.com/watch?v=lhFJnnufIF4,https://i.ytimg.com/vi/lhFJnnufIF4/maxresdefault.jpg
rich,rich girl pays homeless,"Rich Girl PAYS HOMELESS To DATE HER, What Happens Is Shocking | Illumeably",Illumeably,1607088,2.73,https://www.youtube.com/watch?v=s5JEPNL3WL0,https://i.ytimg.com/vi/s5JEPNL3WL0/maxresdefault.jpg
rich,rich lost,Rich Family Lost Everything: A Roblox Movie,ShanePlays 2,6577415,2.7,https://www.youtube.com/watch?v=XoXXxw71MeA,https://i.ytimg.com/vi/XoXXxw71MeA/maxresdefault.jpg
rich,rich girl steals,Rich Girl STEALS New iPHONE from Poor Classmate at School. Must See Surprise Ending.,Totally Studios,3590171,2.55,https://www.youtube.com/watch?v=0OPz7OKfBD8,https://i.ytimg.com/vi/0OPz7OKfBD8/maxresdefault.jpg
rich,rich for her friends,"POOR Girl PRETENDS To Be RICH For Her Friends, What Happens Is Shocking | Illumeably",Illumeably,1412138,2.39,https://www.youtube.com/watch?v=Css3T0bi6bY,https://i.ytimg.com/vi/Css3T0bi6bY/maxresdefault.jpg
woman,woman shuts down arrogant,СEO Woman Shuts Down Arrogant Man,DramatizeMe,5206131,6.32,https://www.youtube.com/watch?v=0NKGViIkhcA,https://i.ytimg.com/vi/0NKGViIkhcA/maxresdefault.jpg
woman,woman targets a game,A Woman Targets a Game Console,Sameer Bhavnani,3175858,5.83,https://www.youtube.com/watch?v=qQllhaQdQdQ,https://i.ytimg.com/vi/qQllhaQdQdQ/maxresdefault.jpg
woman,woman who is married,Policeman Arrests Black Woman Who Is Married to The Sheriff. Shocking Ending.,SoulSnack,3147509,5.0,https://www.youtube.com/watch?v=HrGr0Ues4ts,https://i.ytimg.com/vi/HrGr0Ues4ts/maxresdefault.jpg
woman,woman,I Spent 24 Hours With The World’s SHORTEST Woman!,Stokes Twins,237841182,4.63,https://www.youtube.com/watch?v=TzebVGUMrGU,https://i.ytimg.com/vi/TzebVGUMrGU/maxresdefault.jpg
woman,woman catches boyfriend,"Woman Catches Boyfriend In Bed with Her Mom, End Will Shock You.",Vid Chronicles,738855,3.38,https://www.youtube.com/watch?v=bX4wVdZqQEo,https://i.ytimg.com/vi/bX4wVdZqQEo/maxresdefault.jpg
woman,woman rejects billionaire's love,Homeless Woman REJECTS Billionaire's LOVE! | SAMEER BHAVNANI,Sameer Bhavnani,1353291,2.48,https://www.youtube.com/watch?v=hKFXh2wpt8M,https://i.ytimg.com/vi/hKFXh2wpt8M/maxresdefault.jpg
woman,woman saves girl trapped,Woman Saves Girl Trapped In Stranger’s Car | @DramatizeMe,DramatizeMe,1835554,2.23,https://www.youtube.com/watch?v=ujGexbqs68s,https://i.ytimg.com/vi/ujGexbqs68s/maxresdefault.jpg
famous,famous from tik tok,9 Year Old Signs For Help From Foster Home. (Famous From Tik Tok),SoulSnack,5277893,8.38,https://www.youtube.com/watch?v=nKBKdJTadCc,https://i.ytimg.com/vi/nKBKdJTadCc/maxresdefault.jpg
famous,famous a roblox,ADOPTED By A FAMOUS Family! (A Roblox Movie),ShanePlays 2,12807722,5.26,https://www.youtube.com/watch?v=okC1DllLXWM,https://i.ytimg.com/vi/okC1DllLXWM/maxresdefault.jpg
famous,famous a roblox movie,Growing Up FAMOUS! (A Roblox Movie),ShanePlays 2,9407631,3.87,https://www.youtube.com/watch?v=63n9PP_hFaI,https://i.ytimg.com/vi/63n9PP_hFaI/maxresdefault.jpg
famous,famous ft angelo marasigan,CRINGEY TIKTOKS Made Him Famous Ft. Angelo Marasigan | Dhar Mann Studios,Dhar Mann Studios,17555613,3.29,https://www.youtube.com/watch?v=jUjJD0D5Dno,https://i.ytimg.com/vi/jUjJD0D5Dno/maxresdefault.jpg
famous,famous teen actress,"I’m A Famous Teen Actress, I Do What I Want",MSA,49994992,3.2,https://www.youtube.com/watch?v=k544WY0yWjM,https://i.ytimg.com/vi/k544WY0yWjM/maxresdefault.jpg
famous,famous,No one knew my mom was famous,Story Time Animated,2053350,2.7,https://www.youtube.com/watch?v=m_AnyAQjtZQ,https://i.ytimg.com/vi/m_AnyAQjtZQ/maxresdefault.jpg
famous,famous youtuber houses,I Broke Into Famous YouTuber Houses!,Ben Azelart,74301435,2.64,https://www.youtube.com/watch?v=zZsI5nIlEdo,https://i.ytimg.com/vi/zZsI5nIlEdo/maxresdefault.jpg
famous,famous persons,He SAVED A FAMOUS Persons LIFE! (A Roblox Movie),ShanePlays 2,6227723,2.56,https://www.youtube.com/watch?v=vckreAKsBVM,https://i.ytimg.com/vi/vckreAKsBVM/maxresdefault.jpg
famous,famous kpop start,Im a famous kpop start but I hate my life,Story Time Animated,1730037,2.28,https://www.youtube.com/watch?v=ZVRmBOK_f8U,https://i.ytimg.com/vi/ZVRmBOK_f8U/maxresdefault.jpg
sister,sister,"Brother Gets JEALOUS of Sister, What Happens Next Is Shocking",The Beast Family,3853735,3.02,https://www.youtube.com/watch?v=K6s34KPYroQ,https://i.ytimg.com/vi/K6s34KPYroQ/maxresdefault.jpg
sister,sister,OVERPROTECTIVE Bros Control YOUNGER SISTER | Dhar Mann Studios,Dhar Mann Studios,15528131,2.91,https://www.youtube.com/watch?v=RymnNFKcZHM,https://i.ytimg.com/vi/RymnNFKcZHM/maxresdefault.jpg
sister,sister,I Can't Escape My Evil Sister,Story Time Animated,1807886,2.38,https://www.youtube.com/watch?v=4jUTkE3LyVs,https://i.ytimg.com/vi/4jUTkE3LyVs/maxresdefault.jpg
sister,sister chooses favorite brother,"Sister CHOOSES FAVORITE BROTHER, Sibling GET SAD | The Beast Family",The Beast Family,7565778,5.93,https://www.youtube.com/watch?v=E6oL0h_WnwM,https://i.ytimg.com/vi/E6oL0h_WnwM/maxresdefault.jpg
sister,sister hated little twin,Big Sister Hated Little Twin Brothers: A Roblox Movie,ShanePlays 2,7758178,3.19,https://www.youtube.com/watch?v=58-uQZQhvIA,https://i.ytimg.com/vi/58-uQZQhvIA/maxresdefault.jpg
sister,sister hated little brother,Big Sister Hated Little Brother: A Roblox Movie,ShanePlays 2,6897936,2.83,https://www.youtube.com/watch?v=oUSh3WcTeQ0,https://i.ytimg.com/vi/oUSh3WcTeQ0/maxresdefault.jpg
sister,sister gets pregnant,Sister Gets Pregnant By Step Brother... A Heartfelt Story | Sameer Bhavnani,Sameer Bhavnani,1389000,2.55,https://www.youtube.com/watch?v=kV1VypA-c_c,https://i.ytimg.com/vi/kV1VypA-c_c/maxresdefault.jpg
sister,sister wins,My sister wins everything,Story Time Animated,1901846,2.5,https://www.youtube.com/watch?v=2jGfHWJaCbA,https://i.ytimg.com/vi/2jGfHWJaCbA/maxresdefault.jpg
sister,sister hates,My Sister Hates Me Because I’m the PERFECT Child,Story Time Animated,1764913,2.32,https://www.youtube.com/watch?v=cNT61Y4bvSs,https://i.ytimg.com/vi/cNT61Y4bvSs/maxresdefault.jpg
sister,sister acts like,Sister Acts Like She's A Goddess,Story Time Animated,1728715,2.27,https://www.youtube.com/watch?v=JCppKpTofxM,https://i.ytimg.com/vi/JCppKpTofxM/maxresdefault.jpg
sister,sister went too far,My Jealous Sister Went Too Far,MSA,33489893,2.14,https://www.youtube.com/watch?v=I0D_8J89Wyw,https://i.ytimg.com/vi/I0D_8J89Wyw/maxresdefault.jpg
karen,karen thrown off plane,Karen Thrown OFF Plane for FAKING Pregnant.,Totally Studios,10712605,7.6,https://www.youtube.com/watch?v=CiXa-qB30wo,https://i.ytimg.com/vi/CiXa-qB30wo/maxresdefault.jpg
karen,karen kicked,"Kids Want KAREN KICKED OFF a Plane. Are the Kids, their Sitter, or Karen Thrown Off?",Totally Studios,10495065,7.45,https://www.youtube.com/watch?v=vZH-z99uRas,https://i.ytimg.com/vi/vZH-z99uRas/maxresdefault.jpg
karen,karen has kid thrown,Karen has Kid THROWN OFF Plane for ROBLOX. Must See Ending.,Totally Studios,10039793,7.13,https://www.youtube.com/watch?v=h5952FYqerM,https://i.ytimg.com/vi/h5952FYqerM/maxresdefault.jpg
karen,karen catches kids eating,Karen Catches Kids Eating TOO MUCH CANDY after Spring Break. What will Happen?,Totally Studios,7583530,5.38,https://www.youtube.com/watch?v=j-ReJNyxSiw,https://i.ytimg.com/vi/j-ReJNyxSiw/maxresdefault.jpg
karen,karen throws first class,Karen THROWS First Class Passenger OFF PLANE. What Happens Next?,Totally Studios,7445013,5.28,https://www.youtube.com/watch?v=cvz0Dd5BWnE,https://i.ytimg.com/vi/cvz0Dd5BWnE/maxresdefault.jpg
karen,karen flushes iphone,Karen FLUSHES IPHONE on a Plane. And she BANS PHONES in School. Surprise Ending.,Totally Studios,6688821,4.75,https://www.youtube.com/watch?v=RgYcbMQjhas,https://i.ytimg.com/vi/RgYcbMQjhas/maxresdefault.jpg
karen,karen kicked off plane,Karen KICKED OFF Plane for Crying Baby. Surprise at the End.,Totally Studios,5703326,4.05,https://www.youtube.com/watch?v=FVENBA3mtfw,https://i.ytimg.com/vi/FVENBA3mtfw/maxresdefault.jpg
karen,karen takes new iphone,Karen Takes New iPHONE from Girl on a PLANE. The Ending is a Surprise.,Totally Studios,4715049,3.35,https://www.youtube.com/watch?v=QZ1bauMgPmk,https://i.ytimg.com/vi/QZ1bauMgPmk/maxresdefault.jpg
karen,karen calls police,Racist Neighbor Karen Calls Police on Black Realtor and Black Client,SoulSnack,1605826,2.55,https://www.youtube.com/watch?v=EDOWXV14OAc,https://i.ytimg.com/vi/EDOWXV14OAc/maxresdefault.jpg
karen,karen freaks,Karen Freaks out and Accuses Black Man of Stealing His Own Bike.,SoulSnack,1357626,2.15,https://www.youtube.com/watch?v=M0SafjcUUMs,https://i.ytimg.com/vi/M0SafjcUUMs/maxresdefault.jpg
girlfriend,girlfriend,"Mom FINDS OUT Kid Has A GIRLFRIEND, What Happens Next Is Shocking | The Beast Family",The Beast Family,9829013,7.7,https://www.youtube.com/watch?v=CoPh4GFZgDA,https://i.ytimg.com/vi/CoPh4GFZgDA/maxresdefault.jpg
girlfriend,girlfriend,Man K!lled While ABUSING Girlfriend | Vid Chronicles ,Vid Chronicles,485955,2.22,https://www.youtube.com/watch?v=_mgglNd7hRw,https://i.ytimg.com/vi/_mgglNd7hRw/maxresdefault.jpg
girlfriend,girlfriend injection,STALKER Boyfriend Paralyzes Girlfriend with INJECTION! | SAMEER BHAVNANI,Sameer Bhavnani,3058261,5.62,https://www.youtube.com/watch?v=NSEB1D7kUkQ,https://i.ytimg.com/vi/NSEB1D7kUkQ/maxresdefault.jpg
girlfriend,girlfriend she lives,"Mom REJECTS Son's Disabled Girlfriend, She Lives To Regret It | Illumeably",Illumeably,2331457,3.95,https://www.youtube.com/watch?v=zslQ_eJS1rs,https://i.ytimg.com/vi/zslQ_eJS1rs/maxresdefault.jpg
girlfriend,girlfriend became a zombie,His Girlfriend Became A Zombie: A Roblox Movie,ShanePlays 2,7533369,3.1,https://www.youtube.com/watch?v=h7EQfB-Kd7A,https://i.ytimg.com/vi/h7EQfB-Kd7A/maxresdefault.jpg
girlfriend,girlfriend for hot chick,"Guy Leaves Girlfriend For ""HOT CHICK"", He Lives To Regret It.",Vid Chronicles,627366,2.87,https://www.youtube.com/watch?v=_J7dkjPu1Dc,https://i.ytimg.com/vi/_J7dkjPu1Dc/maxresdefault.jpg
girlfriend,girlfriend blindfolded emotional,Boyfriend Tries to Find Girlfriend Blindfolded! *emotional*,Ben Azelart,69526433,2.47,https://www.youtube.com/watch?v=glq14UJ8XgA,https://i.ytimg.com/vi/glq14UJ8XgA/maxresdefault.jpg
girlfriend,girlfriend cheating she lives,Uber Driver Catches Girlfriend CHEATING! She Lives to Regret It... | Sameer Bhavnani,Sameer Bhavnani,1304005,2.39,https://www.youtube.com/watch?v=rWnQOWY3g_g,https://i.ytimg.com/vi/rWnQOWY3g_g/maxresdefault.jpg
girlfriend,girlfriend pregnant must,Dad Gets SON'S GIRLFRIEND Pregnant! MUST SEE ENDING... | Sameer Bhavnani,Sameer Bhavnani,1282646,2.36,https://www.youtube.com/watch?v=4WQPSLUi9NQ,https://i.ytimg.com/vi/4WQPSLUi9NQ/maxresdefault.jpg
girlfriend,girlfriend brutally dumps poor,"Girlfriend Brutally Dumps Poor Boyfriend For Rich Man, Ending Is Shocking | Illumeably",Illumeably,1389673,2.36,https://www.youtube.com/watch?v=hEC3XCHoujs,https://i.ytimg.com/vi/hEC3XCHoujs/maxresdefault.jpg
girlfriend,girlfriend on christmas,Mom REJECTS Pregnant Girlfriend On Christmas | Illumeably,Illumeably,1230920,2.09,https://www.youtube.com/watch?v=-Lz_wavABYA,https://i.ytimg.com/vi/-Lz_wavABYA/maxresdefault.jpg
year old,year old signs,9 Year Old Signs For Help From Foster Home. (Famous From Tik Tok),SoulSnack,5277893,8.38,https://www.youtube.com/watch?v=nKBKdJTadCc,https://i.ytimg.com/vi/nKBKdJTadCc/maxresdefault.jpg
year old,year old homeless girl arrested,"7 Year Old Homeless Girl, ARRESTED for STEALING",Life Lessons With Luis,13050373,6.8,https://www.youtube.com/watch?v=v0EZFbB2fvc,https://i.ytimg.com/vi/v0EZFbB2fvc/maxresdefault.jpg
year old,year old disabled girl,Cops Harass 10 Year Old Disabled Girl. The Ending is Shocking.,SoulSnack,3544285,5.62,https://www.youtube.com/watch?v=O-LDiyAGG1E,https://i.ytimg.com/vi/O-LDiyAGG1E/maxresdefault.jpg
year old,year old runs,9 Year Old RUNS AWAY From Home..... MEETS KIDNAPPER!!!!!,Life Lessons With Luis,8361157,4.36,https://www.youtube.com/watch?v=t721REXlTj0,https://i.ytimg.com/vi/t721REXlTj0/maxresdefault.jpg
year old,year old black girl,Teacher Accuses 7 Year Old Black Girl Of Stealing Her Phone,SoulSnack,2381697,3.78,https://www.youtube.com/watch?v=W3CsaFd3h9A,https://i.ytimg.com/vi/W3CsaFd3h9A/maxresdefault.jpg
year old,year old son's cringe tiktoks,DAD Reacts to 11 Year old Son's CRINGE TIKTOKS!! 😂,The Royalty Family,62936194,3.7,https://www.youtube.com/watch?v=4SuPs7XrBW8,https://i.ytimg.com/vi/4SuPs7XrBW8/maxresdefault.jpg
year old,year old girl meets kidnapper,9 YEAR OLD Girl Meets KIDNAPPER!!! Surprise ENDING!!!!,Life Lessons With Luis,5295600,2.76,https://www.youtube.com/watch?v=0Z3CLkojZs4,https://i.ytimg.com/vi/0Z3CLkojZs4/maxresdefault.jpg
year old,year old black boy,Racist Cop Arrests 7 Year Old Black Boy. Then This Happens,SoulSnack,1428271,2.27,https://www.youtube.com/watch?v=dr72I2Nd5fM,https://i.ytimg.com/vi/dr72I2Nd5fM/maxresdefault.jpg
year old,year old son mom swap,12 Year old Son & Mom SWAP LIVES! *Instant Regret*,The Royalty Family,38352797,2.26,https://www.youtube.com/watch?v=ksJqjusYFt0,https://i.ytimg.com/vi/ksJqjusYFt0/maxresdefault.jpg
year old,year old son and dad,10 Year Old Son and Dad SWAP LIVE'S for a DAY! | The Royalty Family,The Royalty Family,38013340,2.24,https://www.youtube.com/watch?v=4qKOPhqge34,https://i.ytimg.com/vi/4qKOPhqge34/maxresdefault.jpg
year old,year old swaps bedrooms,10 year old SWAPS Bedrooms with 1 year old Baby!! (Hilarious) 😂 | The Royalty Family,The Royalty Family,36876876,2.17,https://www.youtube.com/watch?v=IuVOgv3z1Uo,https://i.ytimg.com/vi/IuVOgv3z1Uo/maxresdefault.jpg
baby,baby brother jealous sibling,"Girl CHOOSES FAVORITE BABY Brother, JEALOUS SIBLING Does Something HE REGRETS | The Beast Family",The Beast Family,13469162,10.56,https://www.youtube.com/watch?v=poVl9oPfILs,https://i.ytimg.com/vi/poVl9oPfILs/maxresdefault.jpg
baby,baby girl official music,Ferran - Baby Girl (Official Music Video) | The Royalty Family,The Royalty Family,130199731,7.66,https://www.youtube.com/watch?v=ez2PvU6T5pw,https://i.ytimg.com/vi/ez2PvU6T5pw/maxresdefault.jpg
baby,baby in dumpster,Teen Mom Throws Baby In Dumpster. Then This Happens,SoulSnack,2910159,4.62,https://www.youtube.com/watch?v=82IkX7HM8-g,https://i.ytimg.com/vi/82IkX7HM8-g/maxresdefault.jpg
baby,baby surprise,Karen KICKED OFF Plane for Crying Baby. Surprise at the End.,Totally Studios,5703326,4.05,https://www.youtube.com/watch?v=FVENBA3mtfw,https://i.ytimg.com/vi/FVENBA3mtfw/maxresdefault.jpg
baby,baby girl trapped,Homeless Man Saves Baby Girl Trapped in Hot Car While The Mom Goes Shopping.,SoulSnack,2246833,3.57,https://www.youtube.com/watch?v=1SlLZ451iAc,https://i.ytimg.com/vi/1SlLZ451iAc/maxresdefault.jpg
baby,baby chooses,"BABY CHOOSES WHAT FAMILY EATS, What Happens Is Shocking | THE BEAST FAMILY",The Beast Family,4062344,3.18,https://www.youtube.com/watch?v=oT-0hDoPdWw,https://i.ytimg.com/vi/oT-0hDoPdWw/maxresdefault.jpg
baby,baby cartoon animation,"CHAPTER 3, But EVERYONE's a BABY?! (Cartoon Animation)",GameToons,6998761,2.2,https://www.youtube.com/watch?v=HsYO1yIHqXw,https://i.ytimg.com/vi/HsYO1yIHqXw/maxresdefault.jpg
baby,baby hilarious,10 year old SWAPS Bedrooms with 1 year old Baby!! (Hilarious) 😂 | The Royalty Family,The Royalty Family,36876876,2.17,https://www.youtube.com/watch?v=IuVOgv3z1Uo,https://i.ytimg.com/vi/IuVOgv3z1Uo/maxresdefault.jpg
home,home,Man Brings Drunk Girl Home | @DramatizeMe,DramatizeMe,3511745,4.26,https://www.youtube.com/watch?v=6fR5686uN-I,https://i.ytimg.com/vi/6fR5686uN-I/maxresdefault.jpg
home,home,Angry Old Man Doesn’t Allow Black Family Inside Their Own Home.,SoulSnack,2276926,3.61,https://www.youtube.com/watch?v=w3pG_gEehEU,https://i.ytimg.com/vi/w3pG_gEehEU/maxresdefault.jpg
home,home,Wealthy Black Man Kicked Out Of Vacation Home. Then This Happens,SoulSnack,1317322,2.09,https://www.youtube.com/watch?v=qo7CZvQRczQ,https://i.ytimg.com/vi/qo7CZvQRczQ/maxresdefault.jpg
home,home alone,10 Scary TRUE Home Alone Stories,Mr. Nightmare,7168698,2.35,https://www.youtube.com/watch?v=iOy1b4K6D8s,https://i.ytimg.com/vi/iOy1b4K6D8s/hqdefault.jpg
home,home alone,"Parents LEAVE GIRL HOME ALONE, What She Does IS SHOCKING | THE BEAST FAMILY",The Beast Family,2960671,2.32,https://www.youtube.com/watch?v=sep6Kr6JTBc,https://i.ytimg.com/vi/sep6Kr6JTBc/maxresdefault.jpg
home,home famous from tik,9 Year Old Signs For Help From Foster Home. (Famous From Tik Tok),SoulSnack,5277893,8.38,https://www.youtube.com/watch?v=nKBKdJTadCc,https://i.ytimg.com/vi/nKBKdJTadCc/maxresdefault.jpg
home,home meets kidnapper,9 Year Old RUNS AWAY From Home..... MEETS KIDNAPPER!!!!!,Life Lessons With Luis,8361157,4.36,https://www.youtube.com/watch?v=t721REXlTj0,https://i.ytimg.com/vi/t721REXlTj0/maxresdefault.jpg
home,home appraiser lowballs black,Racist Home Appraiser Lowballs Black Man's Home. Then This Happens.,SoulSnack,1511349,2.4,https://www.youtube.com/watch?v=GyJvgS9Wud4,https://i.ytimg.com/vi/GyJvgS9Wud4/maxresdefault.jpg
home,home becomes millionaire,Boy Escapes Toxic Home Becomes Millionaire | Vid Chronicles,Vid Chronicles,517773,2.37,https://www.youtube.com/watch?v=cjP3zhIQJJc,https://i.ytimg.com/vi/cjP3zhIQJJc/maxresdefault.jpg
home,home for christmas,"Daughter Brings DRUG DEALER Home FOR CHRISTMAS, What Happens Is Shocking | Illumeably",Illumeably,1186632,2.01,https://www.youtube.com/watch?v=UWgnvzdMjeA,https://i.ytimg.com/vi/UWgnvzdMjeA/maxresdefault.jpg
built,built a waterpark,We Built a Waterpark Inside Our House!,The Royalty Family,65366340,3.84,https://www.youtube.com/watch?v=UfZnRKo5AYc,https://i.ytimg.com/vi/UfZnRKo5AYc/maxresdefault.jpg
built,built a waterpark,I Built a WATERPARK In My House!,Stokes Twins,168860595,3.29,https://www.youtube.com/watch?v=An52a50mVXs,https://i.ytimg.com/vi/An52a50mVXs/maxresdefault.jpg
built,built a theme park,I Built a Theme Park In My House!,Ben Azelart,93126640,3.31,https://www.youtube.com/watch?v=cw_TI06Bfds,https://i.ytimg.com/vi/cw_TI06Bfds/maxresdefault.jpg
built,built a theme park,I Built a Theme Park In My House!,Stokes Twins,106067629,2.07,https://www.youtube.com/watch?v=Hh5JHs4j5fI,https://i.ytimg.com/vi/Hh5JHs4j5fI/maxresdefault.jpg
built,built a survival shelter,I Built a Survival Shelter,Ryan Trahan,40454487,4.01,https://www.youtube.com/watch?v=qeo9iorAPj8,https://i.ytimg.com/vi/qeo9iorAPj8/maxresdefault.jpg
built,built a trampoline park,I Built a Trampoline Park in My House!,Ben Azelart,87689720,3.12,https://www.youtube.com/watch?v=2lBkf3RupBQ,https://i.ytimg.com/vi/2lBkf3RupBQ/maxresdefault.jpg
built,built a 100 000,"I BUILT A $100,000 DREAM DOG HOUSE!!",Ben Azelart,74891894,2.66,https://www.youtube.com/watch?v=zEMCRFnAUUM,https://i.ytimg.com/vi/zEMCRFnAUUM/maxresdefault.jpg
built,built willy wonka's chocolate,I Built Willy Wonka's Chocolate Factory!,MrBeast,384049658,2.54,https://www.youtube.com/watch?v=Hwybp38GnZw,https://i.ytimg.com/vi/Hwybp38GnZw/maxresdefault.jpg
built,built a 7 11,I Built a 7-11 in my Room and Hid it from my Mom!,The Royalty Family,38327748,2.25,https://www.youtube.com/watch?v=6ZwBHQH61QU,https://i.ytimg.com/vi/6ZwBHQH61QU/maxresdefault.jpg
built,built a tiny ecosystem,I Built a Tiny Ecosystem,Ryan Trahan,20778486,2.06,https://www.youtube.com/watch?v=NYnVf9XnDLI,https://i.ytimg.com/vi/NYnVf9XnDLI/maxresdefault.jpg
built,built a floating house,I Built a Floating House!,Ben Azelart,56449802,2.01,https://www.youtube.com/watch?v=TMrQPJnQMqY,https://i.ytimg.com/vi/TMrQPJnQMqY/maxresdefault.jpg
food,food,Eating 7-11 Food ONLY for a Day! 🍕🌭,The Royalty Family,63830451,3.75,https://www.youtube.com/watch?v=n0vB3GlGJts,https://i.ytimg.com/vi/n0vB3GlGJts/maxresdefault.jpg
food,food,"$1 vs $100,000 Rare Food",Nick DiGiovanni,108148231,3.14,https://www.youtube.com/watch?v=4mGVkTCx2ls,https://i.ytimg.com/vi/4mGVkTCx2ls/maxresdefault.jpg
food,food,Delivery Driver Eats Customer Food!,Totally Studios,3261328,2.31,https://www.youtube.com/watch?v=VjNK3JybNRU,https://i.ytimg.com/vi/VjNK3JybNRU/maxresdefault.jpg
food,food,Restaurant Refuses To Serve Black Teenager Food. Then This Happens,SoulSnack,1441820,2.29,https://www.youtube.com/watch?v=3oASZgIRqOU,https://i.ytimg.com/vi/3oASZgIRqOU/maxresdefault.jpg
food,food,Junk Food,TheOdd1sOut,91699198,2.2,https://www.youtube.com/watch?v=bTCQhMMfse0,https://i.ytimg.com/vi/bTCQhMMfse0/maxresdefault.jpg
food,food vs real food,WE HAD TO EAT REAL WORMS! GUMMY FOOD VS REAL FOOD CHALLENGE! | SIS VS BRO | THE BEAST FAMILY,The Beast Family,5966637,4.68,https://www.youtube.com/watch?v=z4VUVyNfR9w,https://i.ytimg.com/vi/z4VUVyNfR9w/maxresdefault.jpg
food,food candy challenge sis,TIKTOK JELLY FRUIT FOOD CANDY CHALLENGE (SIS VS BRO) | THE BEAST FAMILY,The Beast Family,5478635,4.29,https://www.youtube.com/watch?v=zaqf7SH8XsE,https://i.ytimg.com/vi/zaqf7SH8XsE/maxresdefault.jpg
food,food matt stonie,ESCAPING 100 LAYERS OF FOOD WITH MATT STONIE!,Unspeakable,31689797,2.58,https://www.youtube.com/watch?v=GYrPCNDA87s,https://i.ytimg.com/vi/GYrPCNDA87s/maxresdefault.jpg
food,food in every color,I Ate Rare Food In EVERY Color,Nick DiGiovanni,87367259,2.54,https://www.youtube.com/watch?v=GPgW3MWmQwM,https://i.ytimg.com/vi/GPgW3MWmQwM/maxresdefault.jpg
millionaire,millionaire,Family Finds Out POOR DAD Is SECRET MILLIONAIRE | Dhar Mann Studios,Dhar Mann Studios,17805630,3.34,https://www.youtube.com/watch?v=7nxhA8EcSJM,https://i.ytimg.com/vi/7nxhA8EcSJM/maxresdefault.jpg
millionaire,millionaire,Homeless Mother Becomes Millionaire | Vid Chronicles,Vid Chronicles,635678,2.91,https://www.youtube.com/watch?v=WwM5fzbDLxo,https://i.ytimg.com/vi/WwM5fzbDLxo/maxresdefault.jpg
millionaire,millionaire,Boy Escapes Toxic Home Becomes Millionaire | Vid Chronicles,Vid Chronicles,517773,2.37,https://www.youtube.com/watch?v=cjP3zhIQJJc,https://i.ytimg.com/vi/cjP3zhIQJJc/maxresdefault.jpg
millionaire,millionaire gives wealth,"Dying Millionaire Gives Wealth To Poor Girl Instead Of Wife, This Is Why.",Vid Chronicles,2033617,9.3,https://www.youtube.com/watch?v=MRBfJ5Due5c,https://i.ytimg.com/vi/MRBfJ5Due5c/maxresdefault.jpg
millionaire,millionaire a roblox movie,A Dollar Turned Him Into A Millionaire: A Roblox Movie,ShanePlays 2,20023405,8.23,https://www.youtube.com/watch?v=3FFMAYkpmIA,https://i.ytimg.com/vi/3FFMAYkpmIA/maxresdefault.jpg
millionaire,millionaire buys back grandma's,Doge Coin Millionaire Buys Back Grandma's House! | Sameer Bhavnani,Sameer Bhavnani,2578089,4.73,https://www.youtube.com/watch?v=lGPa9Z4yRbw,https://i.ytimg.com/vi/lGPa9Z4yRbw/maxresdefault.jpg
millionaire,millionaire helps homeless black,Millionaire Helps Homeless Black Teen Mom. Changes Her Life Forever.,SoulSnack,2012575,3.19,https://www.youtube.com/watch?v=F3QGHb4zupg,https://i.ytimg.com/vi/F3QGHb4zupg/maxresdefault.jpg
millionaire,millionaire ft salish matter,BULLIED KID Becomes A Millionaire Ft. Salish Matter | Dhar Mann Studios,Dhar Mann Studios,13062756,2.45,https://www.youtube.com/watch?v=HpsMYs9KuBM,https://i.ytimg.com/vi/HpsMYs9KuBM/maxresdefault.jpg
millionaire,millionaire magician ft sean,From Poor Student To MILLIONAIRE MAGICIAN Ft. Sean Does Magic | Dhar Mann Studios,Dhar Mann Studios,11799388,2.21,https://www.youtube.com/watch?v=TRTWeZayLbw,https://i.ytimg.com/vi/TRTWeZayLbw/maxresdefault.jpg
survived,survived on 0 01,I Survived On $0.01 For 30 Days,Ryan Trahan,31047954,3.08,https://www.youtube.com/watch?v=JEqi3VVLYkg,https://i.ytimg.com/vi/JEqi3VVLYkg/maxresdefault.jpg
survived,survived on 0 01,I Survived On $0.01 For 1 Week,Ryan Trahan,26024271,2.58,https://www.youtube.com/watch?v=ImjQjMCyJr4,https://i.ytimg.com/vi/ImjQjMCyJr4/maxresdefault.jpg
survived,survived sensory deprivation,I Survived Sensory Deprivation,Ryan Trahan,44879463,4.45,https://www.youtube.com/watch?v=Xh2TY0DMbas,https://i.ytimg.com/vi/Xh2TY0DMbas/maxresdefault.jpg
survived,survived a hurricane,We SURVIVED A Hurricane!,The Royalty Family,68741720,4.04,https://www.youtube.com/watch?v=dCShuM5XqvQ,https://i.ytimg.com/vi/dCShuM5XqvQ/maxresdefault.jpg
survived,survived skyblock in real,I Survived Skyblock In Real Life,Unspeakable,38537317,3.13,https://www.youtube.com/watch?v=BM7uyaTMW_Q,https://i.ytimg.com/vi/BM7uyaTMW_Q/maxresdefault.jpg
survived,survived in an ancient,"I Survived in an Ancient, then Futuristic Town",Ryan Trahan,25697311,2.55,https://www.youtube.com/watch?v=X3aoIWMC2qs,https://i.ytimg.com/vi/X3aoIWMC2qs/maxresdefault.jpg
survived,survived 100 babysitters,I Survived 100 Babysitters in 24 Hours!,The Royalty Family,42202530,2.48,https://www.youtube.com/watch?v=EFFROhvX8Us,https://i.ytimg.com/vi/EFFROhvX8Us/maxresdefault.jpg
survived,survived 7 days,I Survived 7 Days In An Abandoned City,MrBeast,373294578,2.47,https://www.youtube.com/watch?v=tWYsfOSY9vY,https://i.ytimg.com/vi/tWYsfOSY9vY/maxresdefault.jpg
survived,survived using only minecraft's,"I Survived Using Only Minecraft's ""Crafting Guide""",Ryan Trahan,24225979,2.4,https://www.youtube.com/watch?v=ehfisK6MASw,https://i.ytimg.com/vi/ehfisK6MASw/maxresdefault.jpg
survived,survived a nuke,I Survived a Nuke,Unspeakable,26840171,2.18,https://www.youtube.com/watch?v=aip3eCACB8Q,https://i.ytimg.com/vi/aip3eCACB8Q/maxresdefault.jpg
survived,survived on a penny,How He SURVIVED On A PENNY! (A Roblox Movie),ShanePlays 2,5012081,2.06,https://www.youtube.com/watch?v=YLC8p4HJL_8,https://i.ytimg.com/vi/YLC8p4HJL_8/maxresdefault.jpg
jealous,jealous sibling does something,"Girl CHOOSES FAVORITE BABY Brother, JEALOUS SIBLING Does Something HE REGRETS | The Beast Family",The Beast Family,13469162,10.56,https://www.youtube.com/watch?v=poVl9oPfILs,https://i.ytimg.com/vi/poVl9oPfILs/maxresdefault.jpg
jealous,jealous ft jordan matter,"We ADOPTED a GIRL, But Our SON Gets JEALOUS! ft/ Jordan Matter",The Royalty Family,85183388,5.01,https://www.youtube.com/watch?v=foQIRatJyj0,https://i.ytimg.com/vi/foQIRatJyj0/maxresdefault.jpg
jealous,jealous girl destroys brothers,"Jealous Girl DESTROYS BROTHERS BIRTHDAY, Instantly Regrets It | THE BEAST FAMILY",The Beast Family,5902083,4.63,https://www.youtube.com/watch?v=gVunRmNXxqc,https://i.ytimg.com/vi/gVunRmNXxqc/maxresdefault.jpg
jealous,jealous of my model,My Mom Is Jealous Of My Model Body,Story Time Animated,3414780,4.49,https://www.youtube.com/watch?v=J2C2jPA-v6M,https://i.ytimg.com/vi/J2C2jPA-v6M/maxresdefault.jpg
jealous,jealous of sister,"Brother Gets JEALOUS of Sister, What Happens Next Is Shocking",The Beast Family,3853735,3.02,https://www.youtube.com/watch?v=K6s34KPYroQ,https://i.ytimg.com/vi/K6s34KPYroQ/maxresdefault.jpg
jealous,jealous because i'm rich,Mom Is Jealous Because I'm Rich,Story Time Animated,1736881,2.28,https://www.youtube.com/watch?v=nwJ5Z0LJY2Y,https://i.ytimg.com/vi/nwJ5Z0LJY2Y/maxresdefault.jpg
jealous,jealous sister,My Jealous Sister Went Too Far,MSA,33489893,2.14,https://www.youtube.com/watch?v=I0D_8J89Wyw,https://i.ytimg.com/vi/I0D_8J89Wyw/maxresdefault.jpg
best friend,best friend,Dad Disciplines His HOT Best Friend! | SAMEER BHAVNANI,Sameer Bhavnani,6083050,11.17,https://www.youtube.com/watch?v=3UY44TCVdwU,https://i.ytimg.com/vi/3UY44TCVdwU/maxresdefault.jpg
best friend,best friend,Husband Cheats With Wife’s Best Friend | @DramatizeMe,DramatizeMe,4136715,5.02,https://www.youtube.com/watch?v=qzfyrDcmz7Y,https://i.ytimg.com/vi/qzfyrDcmz7Y/maxresdefault.jpg
best friend,best friend,"Boyfriend Has Hot Girl Best Friend, What He Does Is Shocking | Sameer Bhavnani",Sameer Bhavnani,2073454,3.81,https://www.youtube.com/watch?v=OunPevT4HKE,https://i.ytimg.com/vi/OunPevT4HKE/maxresdefault.jpg
best friend,best friend,Ex Best Friend,Domics,14886129,2.22,https://www.youtube.com/watch?v=2XCQOZc262M,https://i.ytimg.com/vi/2XCQOZc262M/maxresdefault.jpg
best friend,best friend,"Girl TESTS Boyfriend's LOYALTY With Her BEST FRIEND, What Happens Is Shocking | Illumeably",Illumeably,1181950,2.0,https://www.youtube.com/watch?v=_fk7poLVN4k,https://i.ytimg.com/vi/_fk7poLVN4k/maxresdefault.jpg
best friend,best friend you won't believe,Husband Sells Wife to Best Friend... YOU WON'T BELIEVE THE ENDING! | Sameer Bhavnani,Sameer Bhavnani,6169312,11.33,https://www.youtube.com/watch?v=t6UumZZXUh0,https://i.ytimg.com/vi/t6UumZZXUh0/maxresdefault.jpg
best friend,best friend stole my boyfriend,My best friend stole my boyfriend,MSA,41765044,2.67,https://www.youtube.com/watch?v=7nFb0mlKjr4,https://i.ytimg.com/vi/7nFb0mlKjr4/maxresdefault.jpg
best friend,best friend zone,Best Friend Zone,Domics,16987855,2.53,https://www.youtube.com/watch?v=5MexiC6Vz58,https://i.ytimg.com/vi/5MexiC6Vz58/maxresdefault.jpg
date,date,"Rich Girl PAYS HOMELESS To DATE HER, What Happens Is Shocking | Illumeably",Illumeably,1607088,2.73,https://www.youtube.com/watch?v=s5JEPNL3WL0,https://i.ytimg.com/vi/s5JEPNL3WL0/maxresdefault.jpg
date,date,"DISABLED Guy REJECTED On A Date, What Happens Is Shocking | Illumeably",Illumeably,1498186,2.54,https://www.youtube.com/watch?v=adgnNxEibgE,https://i.ytimg.com/vi/adgnNxEibgE/maxresdefault.jpg
date,date,My 7 Brothers Won't Let Me Date | Alan's Universe,Alan's Universe,69373202,2.1,https://www.youtube.com/watch?v=UEIUCXebSrw,https://i.ytimg.com/vi/UEIUCXebSrw/maxresdefault.jpg
date,date,TEEN Caught Taking TOP SECRET New IPHONE from Apple before Release Date.,Totally Studios,2861577,2.03,https://www.youtube.com/watch?v=UD922nOKK-8,https://i.ytimg.com/vi/UD922nOKK-8/maxresdefault.jpg
date,date his son,A Billionaire Hired Me To Date His Son,MSA,60506894,3.87,https://www.youtube.com/watch?v=RrgLyLTscdQ,https://i.ytimg.com/vi/RrgLyLTscdQ/maxresdefault.jpg
date,date criminal,Trusting Girl Went On Date With Criminal | @DramatizeMe,DramatizeMe,2371011,2.88,https://www.youtube.com/watch?v=GkME32B_IDQ,https://i.ytimg.com/vi/GkME32B_IDQ/maxresdefault.jpg
date,date autistic son,Mom PAYS GIRL to DATE AUTISTIC SON! The Ending Will SHOCK YOU | SAMEER BHAVNANI,Sameer Bhavnani,1450253,2.66,https://www.youtube.com/watch?v=7kIw9vxpBz4,https://i.ytimg.com/vi/7kIw9vxpBz4/maxresdefault.jpg
date,date until 18,My Brothers won't let me date until 18!,MSA,36608461,2.34,https://www.youtube.com/watch?v=JNb_qfFYPk4,https://i.ytimg.com/vi/JNb_qfFYPk4/maxresdefault.jpg
date,date two girls,"Guy CHANGES IDENTITY To Date Two Girls, What Happens Next Is Shocking | Illumeably",Illumeably,1287691,2.18,https://www.youtube.com/watch?v=esWR87AXaag,https://i.ytimg.com/vi/esWR87AXaag/maxresdefault.jpg
poor,poor janitor meets girlfriend's,"POOR Janitor Meets Girlfriend's RICH DAD, What Janitor Does Is Shocking | Illumeably",Illumeably,2651578,4.5,https://www.youtube.com/watch?v=lmj4WZK8ZoI,https://i.ytimg.com/vi/lmj4WZK8ZoI/maxresdefault.jpg
poor,poor kid,BULLY Doesn't Know POOR KID Is A RAP GOD [Inspired By Eminem]  (PG-13) | Dhar Mann Studios,Dhar Mann Studios,18598983,3.49,https://www.youtube.com/watch?v=odIoBdfLaMs,https://i.ytimg.com/vi/odIoBdfLaMs/maxresdefault.jpg
poor,poor dad is secret,Family Finds Out POOR DAD Is SECRET MILLIONAIRE | Dhar Mann Studios,Dhar Mann Studios,17805630,3.34,https://www.youtube.com/watch?v=7nxhA8EcSJM,https://i.ytimg.com/vi/7nxhA8EcSJM/maxresdefault.jpg
poor,poor kid shamed,POOR KID Shamed For Old Shoes Ft. Foltyn | Dhar Mann Studios,Dhar Mann Studios,13718646,2.57,https://www.youtube.com/watch?v=67LgaIGcjCU,https://i.ytimg.com/vi/67LgaIGcjCU/maxresdefault.jpg
poor,poor classmate at school,Rich Girl STEALS New iPHONE from Poor Classmate at School. Must See Surprise Ending.,Totally Studios,3590171,2.55,https://www.youtube.com/watch?v=0OPz7OKfBD8,https://i.ytimg.com/vi/0OPz7OKfBD8/maxresdefault.jpg
poor,poor boyfriend for rich,"Girlfriend Brutally Dumps Poor Boyfriend For Rich Man, Ending Is Shocking | Illumeably",Illumeably,1389673,2.36,https://www.youtube.com/watch?v=hEC3XCHoujs,https://i.ytimg.com/vi/hEC3XCHoujs/maxresdefault.jpg
poor,poor,I Didn't Know My Real Parents Are Poor,Story Time Animated,1720751,2.26,https://www.youtube.com/watch?v=slHJVZRTysg,https://i.ytimg.com/vi/slHJVZRTysg/maxresdefault.jpg
poor,poor bf,Girl Teases Friend For Having Poor BF | @DramatizeMe​,DramatizeMe,1831675,2.22,https://www.youtube.com/watch?v=b9HLoGsAl98,https://i.ytimg.com/vi/b9HLoGsAl98/maxresdefault.jpg
poor,poor student to millionaire,From Poor Student To MILLIONAIRE MAGICIAN Ft. Sean Does Magic | Dhar Mann Studios,Dhar Mann Studios,11799388,2.21,https://www.youtube.com/watch?v=TRTWeZayLbw,https://i.ytimg.com/vi/TRTWeZayLbw/maxresdefault.jpg
poor,poor guy she lives,"GOLD DIGGER Dumps Her POOR GUY, She Lives To Regret It | Illumeably",Illumeably,1234543,2.09,https://www.youtube.com/watch?v=2gZuGKTJxcY,https://i.ytimg.com/vi/2gZuGKTJxcY/maxresdefault.jpg
scripted drama,scripted drama,Employee Does Wrong and Learns a Lesson | Scripted Drama,Sameer Bhavnani,8581060,15.76,https://www.youtube.com/watch?v=ZBjbVNIyK9g,https://i.ytimg.com/vi/ZBjbVNIyK9g/maxresdefault.jpg
scripted drama,scripted drama,A Game Console Is Taken—and the Truth Comes Out | Scripted Drama,Sameer Bhavnani,4589039,8.43,https://www.youtube.com/watch?v=luqizqtAxmo,https://i.ytimg.com/vi/luqizqtAxmo/maxresdefault.jpg
scripted drama,scripted drama,A Neighbor Rescued From an Abduction | Scripted Drama,Sameer Bhavnani,4550561,8.36,https://www.youtube.com/watch?v=h6O7cpxbI58,https://i.ytimg.com/vi/h6O7cpxbI58/maxresdefault.jpg
scripted drama,scripted drama,An Obsession With a New Device Leads to Tragedy | Scripted Drama,Sameer Bhavnani,3636898,6.68,https://www.youtube.com/watch?v=n5XipsnjHE8,https://i.ytimg.com/vi/n5XipsnjHE8/maxresdefault.jpg
scripted drama,scripted drama,A Dietary Restriction Is Deliberately Ignored | Scripted Drama,Sameer Bhavnani,3460230,6.35,https://www.youtube.com/watch?v=QqeYDqVbGm0,https://i.ytimg.com/vi/QqeYDqVbGm0/maxresdefault.jpg
scripted drama,scripted drama,He Makes a Terrible Choice | Scripted Drama,Sameer Bhavnani,3155300,5.79,https://www.youtube.com/watch?v=3zQg5hH8LmU,https://i.ytimg.com/vi/3zQg5hH8LmU/maxresdefault.jpg
scripted drama,scripted drama,A Routine Encounter Reveals a Surprising Connection | Scripted Drama,Sameer Bhavnani,2155490,3.96,https://www.youtube.com/watch?v=Kzx1rlkNY3M,https://i.ytimg.com/vi/Kzx1rlkNY3M/maxresdefault.jpg
believe,believe,RACIST COP Arrests BLACK Military Veteran: YOU WON'T BELIEVE WHAT HE DOES!!!!,Life Lessons With Luis,7245857,3.78,https://www.youtube.com/watch?v=AakUbWzzfkk,https://i.ytimg.com/vi/AakUbWzzfkk/maxresdefault.jpg
believe,believe,We Can't Believe This Happened to Layla! 😢😥😭🤕 | THE BEAST FAMILY,The Beast Family,3295603,2.58,https://www.youtube.com/watch?v=AXPBQJlrhms,https://i.ytimg.com/vi/AXPBQJlrhms/maxresdefault.jpg
believe,believe,Wife Hires HITMAN to KILL HUSBAND!!!! You Won't Believe What Happens Next,Life Lessons With Luis,4959904,2.58,https://www.youtube.com/watch?v=pM_df-im-Cw,https://i.ytimg.com/vi/pM_df-im-Cw/maxresdefault.jpg
believe,believe,Father Meets DRUNK DRIVER who KILLED his Son!!!!! You WON'T Believe What he Does Next,Life Lessons With Luis,4263759,2.22,https://www.youtube.com/watch?v=drPo7fGzerI,https://i.ytimg.com/vi/drPo7fGzerI/maxresdefault.jpg
believe,believe exist,I Met 7 People You Won't Believe Exist!,Stokes Twins,163181844,3.18,https://www.youtube.com/watch?v=-j8WOAHw5d4,https://i.ytimg.com/vi/-j8WOAHw5d4/maxresdefault.jpg
believe,believe exist,4 YouTuber Homes You Won’t Believe Exist!,Stokes Twins,120845757,2.35,https://www.youtube.com/watch?v=WjQMBILy7q4,https://i.ytimg.com/vi/WjQMBILy7q4/maxresdefault.jpg
believe,believe ending,Husband Sells Wife to Best Friend... YOU WON'T BELIEVE THE ENDING! | Sameer Bhavnani,Sameer Bhavnani,6169312,11.33,https://www.youtube.com/watch?v=t6UumZZXUh0,https://i.ytimg.com/vi/t6UumZZXUh0/maxresdefault.jpg
believe,believe what mom,Creepy STEP-DAD Touches Daughter in Her..... YOU WON'T BELIEVE WHAT MOM DOES NEXT!!!!!,Life Lessons With Luis,5875917,3.06,https://www.youtube.com/watch?v=Dv5noaK1ktY,https://i.ytimg.com/vi/Dv5noaK1ktY/maxresdefault.jpg
believe,believe kids,CAN'T BELIEVE THE KIDS DID THIS | THE BEAST FAMILY,The Beast Family,3464198,2.71,https://www.youtube.com/watch?v=qtrP3omZPgk,https://i.ytimg.com/vi/qtrP3omZPgk/maxresdefault.jpg
believe,believe how this ends,Brother DONATES KIDNEY to SAVE SISTERS LIFE!!!! (You Won’t Believe How This Ends),Life Lessons With Luis,4716066,2.46,https://www.youtube.com/watch?v=XlPBHTvlmFU,https://i.ytimg.com/vi/XlPBHTvlmFU/maxresdefault.jpg
built secret rooms,built secret rooms,I Built 5 SECRET Rooms You’d Never Find!,Stokes Twins,221693860,4.32,https://www.youtube.com/watch?v=-5bcG6tZKx8,https://i.ytimg.com/vi/-5bcG6tZKx8/maxresdefault.jpg
built secret rooms,built secret rooms,I Built 50 SECRET Rooms You'd Never Find!,Ben Azelart,120859847,4.3,https://www.youtube.com/watch?v=tQlzkpxRskY,https://i.ytimg.com/vi/tQlzkpxRskY/maxresdefault.jpg
built secret rooms,built secret rooms,I Built 4 SECRET Rooms You'd Never Find!,Ben Azelart,114214696,4.06,https://www.youtube.com/watch?v=IPoX9QcIBcI,https://i.ytimg.com/vi/IPoX9QcIBcI/maxresdefault.jpg
built secret rooms,built secret rooms,I Built 7 SECRET Rooms You'd Never Find!,Stokes Twins,178199243,3.47,https://www.youtube.com/watch?v=71T_y3bnKCg,https://i.ytimg.com/vi/71T_y3bnKCg/maxresdefault.jpg
built secret rooms,built secret rooms,I Built 7 SECRET Rooms You'd NEVER Find!,Ben Azelart,94076598,3.34,https://www.youtube.com/watch?v=7nQr_qcFNPg,https://i.ytimg.com/vi/7nQr_qcFNPg/maxresdefault.jpg
built secret rooms,built secret rooms,I Built 10 SECRET Rooms You'd Never Find!,Ben Azelart,90088049,3.2,https://www.youtube.com/watch?v=Y03Lanegyk4,https://i.ytimg.com/vi/Y03Lanegyk4/maxresdefault.jpg
built secret rooms,built secret rooms in one color,I Built 4 SECRET Rooms In ONE COLOR!,Stokes Twins,282020793,5.5,https://www.youtube.com/watch?v=RqKDKaHPPlQ,https://i.ytimg.com/vi/RqKDKaHPPlQ/maxresdefault.jpg
built secret rooms,built secret rooms in one color,I Built 5 SECRET Rooms In ONE COLOR!,Stokes Twins,179283112,3.49,https://www.youtube.com/watch?v=cfFtBojH_-Y,https://i.ytimg.com/vi/cfFtBojH_-Y/maxresdefault.jpg
built secret rooms,built secret rooms in school,I Built 3 SECRET Rooms In School!,Stokes Twins,224432683,4.37,https://www.youtube.com/watch?v=wSxZzlKl0-U,https://i.ytimg.com/vi/wSxZzlKl0-U/maxresdefault.jpg
plane,plane,Husband Cheats On The Plane | @DramatizeMe,DramatizeMe,4524569,5.49,https://www.youtube.com/watch?v=lJMKqQowMLo,https://i.ytimg.com/vi/lJMKqQowMLo/maxresdefault.jpg
plane,plane,Karen THROWS First Class Passenger OFF PLANE. What Happens Next?,Totally Studios,7445013,5.28,https://www.youtube.com/watch?v=cvz0Dd5BWnE,https://i.ytimg.com/vi/cvz0Dd5BWnE/maxresdefault.jpg
plane,plane,MOM Takes New iPHONE from Teen on a PLANE. Does She Get Caught?,Totally Studios,3825602,2.72,https://www.youtube.com/watch?v=d-06F5E1unM,https://i.ytimg.com/vi/d-06F5E1unM/maxresdefault.jpg
plane,plane,Airline WEIGHS PASSENGERS Before Flying. Too Heavy for the Plane?,Totally Studios,3587187,2.55,https://www.youtube.com/watch?v=Twt4ILRIMsE,https://i.ytimg.com/vi/Twt4ILRIMsE/maxresdefault.jpg
plane,plane and she bans,Karen FLUSHES IPHONE on a Plane. And she BANS PHONES in School. Surprise Ending.,Totally Studios,6688821,4.75,https://www.youtube.com/watch?v=RgYcbMQjhas,https://i.ytimg.com/vi/RgYcbMQjhas/maxresdefault.jpg
plane,plane ticket,"$1 vs $500,000 Plane Ticket!",MrBeast,593599126,3.93,https://www.youtube.com/watch?v=1WEAJ-DFkHE,https://i.ytimg.com/vi/1WEAJ-DFkHE/maxresdefault.jpg
plane,plane ending,Karen Takes New iPHONE from Girl on a PLANE. The Ending is a Surprise.,Totally Studios,4715049,3.35,https://www.youtube.com/watch?v=QZ1bauMgPmk,https://i.ytimg.com/vi/QZ1bauMgPmk/maxresdefault.jpg
plane,plane from a chocolate,Kids SNEAK CANDY on a Plane from a Chocolate Factory. Do they get in TROUBLE for it?,Totally Studios,3778757,2.68,https://www.youtube.com/watch?v=5DopEdrf1wY,https://i.ytimg.com/vi/5DopEdrf1wY/maxresdefault.jpg
plane,plane full of passengers,Kid SAVES PLANE Full of Passengers when Pilots Can’t Fly.,Totally Studios,3535405,2.51,https://www.youtube.com/watch?v=skIhO1B1FfU,https://i.ytimg.com/vi/skIhO1B1FfU/maxresdefault.jpg
plane,plane stepmom,Kids Eat TOO MUCH HALLOWEEN CANDY on a Plane with Stepmom. The Ending is a Surprise. Totally Studios,Totally Studios,3523348,2.5,https://www.youtube.com/watch?v=u2S-IE9AVWI,https://i.ytimg.com/vi/u2S-IE9AVWI/maxresdefault.jpg
game,game console,A Game Console Is Taken—and the Truth Comes Out | Scripted Drama,Sameer Bhavnani,4589039,8.43,https://www.youtube.com/watch?v=luqizqtAxmo,https://i.ytimg.com/vi/luqizqtAxmo/maxresdefault.jpg
game,game console,A Woman Targets a Game Console,Sameer Bhavnani,3175858,5.83,https://www.youtube.com/watch?v=qQllhaQdQdQ,https://i.ytimg.com/vi/qQllhaQdQdQ/maxresdefault.jpg
game,game in real,"$456,000 Squid Game In Real Life!",MrBeast,961274515,6.37,https://www.youtube.com/watch?v=0e3GPea1Tyg,https://i.ytimg.com/vi/0e3GPea1Tyg/maxresdefault.jpg
game,game tier list,mobile game tier list,Socks Animations ,15734621,2.6,https://www.youtube.com/watch?v=HjLOsFwtzGQ,https://i.ytimg.com/vi/HjLOsFwtzGQ/maxresdefault.jpg
game,game myths in real,Busting 50 Game Myths in Real Life!,Unspeakable,29470601,2.4,https://www.youtube.com/watch?v=CFBQSKAfEAY,https://i.ytimg.com/vi/CFBQSKAfEAY/hqdefault.jpg
game,game,"She played his PSYCHOTIC game, and no one believed her...",MrBallen,5930403,2.22,https://www.youtube.com/watch?v=DCQ6jq5mcDM,https://i.ytimg.com/vi/DCQ6jq5mcDM/maxresdefault.jpg
game,game of gameboard,World's BIGGEST Game Of LIFE Gameboard Challenge!,Unspeakable,25871478,2.1,https://www.youtube.com/watch?v=apULwqv5D5o,https://i.ytimg.com/vi/apULwqv5D5o/maxresdefault.jpg
game,game you never played,The best pokemon game you never played,JaidenAnimations,46508689,2.09,https://www.youtube.com/watch?v=jJNgocrAbKA,https://i.ytimg.com/vi/jJNgocrAbKA/maxresdefault.jpg
friends,friends,"Boyfriend NOT ALLOWED To HAVE FRIENDS, What Happens Is Shocking | Illumeably",Illumeably,1646913,2.79,https://www.youtube.com/watch?v=yFkQGGAVrIU,https://i.ytimg.com/vi/yFkQGGAVrIU/maxresdefault.jpg
friends,friends,"POOR Girl PRETENDS To Be RICH For Her Friends, What Happens Is Shocking | Illumeably",Illumeably,1412138,2.39,https://www.youtube.com/watch?v=Css3T0bi6bY,https://i.ytimg.com/vi/Css3T0bi6bY/maxresdefault.jpg
friends,friends house,Police Officer Attacks Handicap Teenager On Way To His Friends House,SoulSnack,5150563,8.17,https://www.youtube.com/watch?v=lWCfKCrKeRc,https://i.ytimg.com/vi/lWCfKCrKeRc/maxresdefault.jpg
friends,friends copy a tv,Friends Copy a TV Show — Part 1,Sameer Bhavnani,3519268,6.46,https://www.youtube.com/watch?v=nRd4lgNgHOk,https://i.ytimg.com/vi/nRd4lgNgHOk/maxresdefault.jpg
friends,friends copy a dangerous,Friends Copy a Dangerous TV Challenge — Part 2,Sameer Bhavnani,3014469,5.53,https://www.youtube.com/watch?v=U2uPJu_AeKk,https://i.ytimg.com/vi/U2uPJu_AeKk/maxresdefault.jpg
friends,friends find their partners,Best Friends Find Their Partners Cheating | @DramatizeMe,DramatizeMe,1868884,2.27,https://www.youtube.com/watch?v=Iq-zQBTiMus,https://i.ytimg.com/vi/Iq-zQBTiMus/maxresdefault.jpg
island,island,7 Days Stranded On An Island,MrBeast,522215402,3.46,https://www.youtube.com/watch?v=erLbbextvlY,https://i.ytimg.com/vi/erLbbextvlY/maxresdefault.jpg
island,island,"$1 vs $250,000,000 Private Island!",MrBeast,421484102,2.79,https://www.youtube.com/watch?v=krsBRQbOPQ4,https://i.ytimg.com/vi/krsBRQbOPQ4/maxresdefault.jpg
island,island house packing,I FILLED MY ISLAND HOUSE WITH PACKING PEANUTS!,Unspeakable,103391067,8.41,https://www.youtube.com/watch?v=Y3sj_v62dpc,https://i.ytimg.com/vi/Y3sj_v62dpc/maxresdefault.jpg
island,island house ball,I FILLED MY ISLAND HOUSE WITH BALL PIT BALLS!,Unspeakable,46067404,3.75,https://www.youtube.com/watch?v=E1wBTSIajBc,https://i.ytimg.com/vi/E1wBTSIajBc/maxresdefault.jpg
island,island in north,I Traveled to a Deserted Island in the North Pacific That Has a Terrifying Secret,Dr. NoSleep Podcast,56603,3.09,https://www.youtube.com/watch?v=EPqmeGxKi0U,https://i.ytimg.com/vi/EPqmeGxKi0U/maxresdefault.jpg
island,island cartoon animation,SURVIVING on SPRUNKI ISLAND... (Cartoon Animation),GameToons,9423272,2.96,https://www.youtube.com/watch?v=s2bsspVgVdk,https://i.ytimg.com/vi/s2bsspVgVdk/maxresdefault.jpg
island,island battle,Last One Standing: Floating NERF Island Battle,Dude Perfect,100848544,2.05,https://www.youtube.com/watch?v=muzeGsrYpnQ,https://i.ytimg.com/vi/muzeGsrYpnQ/maxresdefault.jpg
girls,girls based,Blind Dating Girls Based On Their Outfits Ft FILLY,Beta Squad,26871243,2.57,https://www.youtube.com/watch?v=Sp99mTG-DW8,https://i.ytimg.com/vi/Sp99mTG-DW8/maxresdefault.jpg
girls,girls based,Blind Dating Girls Based On Their Outfits Ft Harry Pinero,Beta Squad,21793716,2.08,https://www.youtube.com/watch?v=eBYTol2UoHA,https://i.ytimg.com/vi/eBYTol2UoHA/maxresdefault.jpg
girls,girls to marry,Mom Invites Four Girls To Marry Her Son | @DramatizeMe,DramatizeMe,3290416,3.99,https://www.youtube.com/watch?v=mUe99wSXdLA,https://i.ytimg.com/vi/mUe99wSXdLA/maxresdefault.jpg
girls,girls set a trap,Girls Set A Trap For A Married Man | @DramatizeMe,DramatizeMe,3191074,3.87,https://www.youtube.com/watch?v=T3JdCb-Aa4c,https://i.ytimg.com/vi/T3JdCb-Aa4c/maxresdefault.jpg
girls,girls control school,Boys vs Girls: Control The School | Alan's Universe,Alan's Universe,93871675,2.84,https://www.youtube.com/watch?v=pN_kCx9bSAA,https://i.ytimg.com/vi/pN_kCx9bSAA/maxresdefault.jpg
girls,girls head shocking ending,Guy Pulls Hijab off Muslim Girls Head!!!! SHOCKING ENDING!!!!!,Life Lessons With Luis,4238583,2.21,https://www.youtube.com/watch?v=B0iY4opoy1M,https://i.ytimg.com/vi/B0iY4opoy1M/maxresdefault.jpg
girls,girls,"Guy CHANGES IDENTITY To Date Two Girls, What Happens Next Is Shocking | Illumeably",Illumeably,1287691,2.18,https://www.youtube.com/watch?v=esWR87AXaag,https://i.ytimg.com/vi/esWR87AXaag/maxresdefault.jpg
girls,girls for 500 000,"100 Boys Vs 100 Girls For $500,000",MrBeast,314957734,2.09,https://www.youtube.com/watch?v=tVWWp1PqDus,https://i.ytimg.com/vi/tVWWp1PqDus/maxresdefault.jpg
world's,world's most evil 10,I Exposed 5 of the World's Most Evil 10 Year Olds!,Stokes Twins,128230374,2.5,https://www.youtube.com/watch?v=z3L_ng4q5aw,https://i.ytimg.com/vi/z3L_ng4q5aw/maxresdefault.jpg
world's,world's most dangerous trap,World's Most Dangerous Trap!,MrBeast,362883680,2.4,https://www.youtube.com/watch?v=3OFj6l2tQ9s,https://i.ytimg.com/vi/3OFj6l2tQ9s/maxresdefault.jpg
world's,world's deepest hole now,"The CIA Dug The World's Deepest Hole, Now I Know Why",Dr. NoSleep Podcast,39374,2.15,https://www.youtube.com/watch?v=aPwA7VEWFZI,https://i.ytimg.com/vi/aPwA7VEWFZI/maxresdefault.jpg
world's,world's cheapest mom,Kid Survives The World's Cheapest Mom | Dhar Mann Studios,Dhar Mann Studios,11293175,2.12,https://www.youtube.com/watch?v=-1Jkd8muBuo,https://i.ytimg.com/vi/-1Jkd8muBuo/maxresdefault.jpg
world's,world's deadliest laser maze,"10 People Vs World's Deadliest Laser Maze for $250,000",MrBeast,320109691,2.12,https://www.youtube.com/watch?v=QjvpjXdgugA,https://i.ytimg.com/vi/QjvpjXdgugA/maxresdefault.jpg
world's,world's biggest game,World's BIGGEST Game Of LIFE Gameboard Challenge!,Unspeakable,25871478,2.1,https://www.youtube.com/watch?v=apULwqv5D5o,https://i.ytimg.com/vi/apULwqv5D5o/maxresdefault.jpg
world's,world's heaviest man,Eating The World's HEAVIEST Man’s Daily Diet!,Stokes Twins,107529239,2.1,https://www.youtube.com/watch?v=wTnp74TnRjQ,https://i.ytimg.com/vi/wTnp74TnRjQ/maxresdefault.jpg
world's,world's most extreme weather,SURVIVING THE WORLD'S MOST EXTREME WEATHER!!,Ben Azelart,58284528,2.07,https://www.youtube.com/watch?v=X21MOiqSTk0,https://i.ytimg.com/vi/X21MOiqSTk0/maxresdefault.jpg
world's,world's most spoiled teen,WORLD'S MOST Spoiled Teen | Dhar Mann Studios,Dhar Mann Studios,10950158,2.05,https://www.youtube.com/watch?v=-izIZbDfDz8,https://i.ytimg.com/vi/-izIZbDfDz8/maxresdefault.jpg
crazy karen,crazy karen tries to steal,Crazy Karen Tries to Steal Playstation 5 from Black Teen. Then She Calls The Police On Him,SoulSnack,5223060,8.29,https://www.youtube.com/watch?v=veLYG88yYIU,https://i.ytimg.com/vi/veLYG88yYIU/maxresdefault.jpg
crazy karen,crazy karen takes toy truck,Crazy Karen Takes Toy Truck Away From Black Kids. Then This Happens,SoulSnack,3497822,5.55,https://www.youtube.com/watch?v=CfbtQvXFWwk,https://i.ytimg.com/vi/CfbtQvXFWwk/maxresdefault.jpg
crazy karen,crazy karen ruins kid's bbq,Crazy Karen Ruins Kid's BBQ Party. Then This Happens.,SoulSnack,3151365,5.0,https://www.youtube.com/watch?v=8LZD3muWfyE,https://i.ytimg.com/vi/8LZD3muWfyE/maxresdefault.jpg
crazy karen,crazy karen ruins black kids,Crazy Karen Ruins Black Kids Chalk on Sidewalk. Then This Happens,SoulSnack,3073706,4.88,https://www.youtube.com/watch?v=z7gMD54ixuU,https://i.ytimg.com/vi/z7gMD54ixuU/maxresdefault.jpg
crazy karen,crazy karen harasses black,Crazy Karen Harasses Black Family Fishing. Lives to Regret It,SoulSnack,2707891,4.3,https://www.youtube.com/watch?v=u10WX-8h7_w,https://i.ytimg.com/vi/u10WX-8h7_w/maxresdefault.jpg
crazy karen,crazy karen attacks black handicap,Crazy Karen Attacks Black Handicap Teen for His New Xbox,SoulSnack,2433950,3.86,https://www.youtube.com/watch?v=Hg9r619Skr4,https://i.ytimg.com/vi/Hg9r619Skr4/maxresdefault.jpg
crazy karen,crazy karen calls police,Crazy Karen Calls Police on Black Teenager Who Needed Help. Teen Gets Last Laugh.,SoulSnack,2217136,3.52,https://www.youtube.com/watch?v=71GBzqCRqH8,https://i.ytimg.com/vi/71GBzqCRqH8/maxresdefault.jpg
crazy karen,crazy karen accuses black teen,Crazy Karen Accuses Black Teen Of Stealing Her Iphone. Then This Happens,SoulSnack,2133772,3.39,https://www.youtube.com/watch?v=N5RmSxlg1JI,https://i.ytimg.com/vi/N5RmSxlg1JI/maxresdefault.jpg
crazy karen,crazy karen decides to destroy,Crazy Karen Decides To Destroy Children's Lemonade Stand (Then This Happens),SoulSnack,2112070,3.35,https://www.youtube.com/watch?v=p6XlPoMiwkE,https://i.ytimg.com/vi/p6XlPoMiwkE/maxresdefault.jpg
crazy karen,crazy karen calls cops,Crazy Karen Calls Cops on Black Neighbor Moving Out. Claims He's a thief. Then This Happens,SoulSnack,1901497,3.02,https://www.youtube.com/watch?v=hcbZoBq1Kz8,https://i.ytimg.com/vi/hcbZoBq1Kz8/maxresdefault.jpg
crazy karen,crazy karen destroys children's birthday,Crazy Karen Destroys Children's Birthday Party. Then This Happens,SoulSnack,1836744,2.91,https://www.youtube.com/watch?v=hyKzn8Jc7AI,https://i.ytimg.com/vi/hyKzn8Jc7AI/maxresdefault.jpg
roblox,roblox music video stronger,"Roblox Music Video ♪ ""Stronger"" (The Bacon Hair)",ObliviousHD,265111203,8.7,https://www.youtube.com/watch?v=FUjSXVdom-Y,https://i.ytimg.com/vi/FUjSXVdom-Y/hqdefault.jpg
roblox,roblox must see ending,Karen has Kid THROWN OFF Plane for ROBLOX. Must See Ending.,Totally Studios,10039793,7.13,https://www.youtube.com/watch?v=h5952FYqerM,https://i.ytimg.com/vi/h5952FYqerM/maxresdefault.jpg
roblox,roblox billionaire after account,Kid becomes Roblox BILLIONAIRE after Account Deleted. What about the Cute Girl?,Totally Studios,6655143,4.72,https://www.youtube.com/watch?v=jC-TgCGSoWg,https://i.ytimg.com/vi/jC-TgCGSoWg/maxresdefault.jpg
roblox,roblox action,The Last Guest: FULL MOVIE (A Roblox Action Story),ObliviousHD,104700797,3.44,https://www.youtube.com/watch?v=1ZM6ztUlLWY,https://i.ytimg.com/vi/1ZM6ztUlLWY/hqdefault.jpg
roblox,roblox forest cartoon animation,BASE DEFENSE: 99 Nights in Roblox Forest! (Cartoon Animation),GameToons,7549490,2.37,https://www.youtube.com/watch?v=M_HqWwWF_6g,https://i.ytimg.com/vi/M_HqWwWF_6g/maxresdefault.jpg
roblox,roblox is bad,ROBLOX is BAD!!,scribblejuice,5517830,2.29,https://www.youtube.com/watch?v=dqJ4q4ebJHQ,https://i.ytimg.com/vi/dqJ4q4ebJHQ/maxresdefault.jpg
roblox,roblox music video believer,"Roblox Music Video ♪ ""Believer"" (The Last Guest)",ObliviousHD,66284964,2.18,https://www.youtube.com/watch?v=zIss90uMcz0,https://i.ytimg.com/vi/zIss90uMcz0/hqdefault.jpg
pool,pool,Evil Babysitter DROWNS KID in Pool!!!! Leaves Her For Dead!!!!,Life Lessons With Luis,11056993,5.76,https://www.youtube.com/watch?v=j1YlMYuM7jg,https://i.ytimg.com/vi/j1YlMYuM7jg/maxresdefault.jpg
pool,pool,Spoiled Brat Shames Girl In Pool | @DramatizeMe,DramatizeMe,1684805,2.04,https://www.youtube.com/watch?v=kEYwvEz0LsA,https://i.ytimg.com/vi/kEYwvEz0LsA/maxresdefault.jpg
pool,pool in my room,I Built a SECRET Pool in My Room!,Ben Azelart,189138406,6.72,https://www.youtube.com/watch?v=jxQi7525h4o,https://i.ytimg.com/vi/jxQi7525h4o/maxresdefault.jpg
pool,pool without parents,"SIBLINGS go to Swimming Pool without PARENTS, They Learn Their Lesson | The Beast Family",The Beast Family,4842823,3.8,https://www.youtube.com/watch?v=orHomI4YsW0,https://i.ytimg.com/vi/orHomI4YsW0/maxresdefault.jpg
pool,pool wins 100 000,"LAST TO LEAVE POOL WINS $100,000",Stokes Twins,125525065,2.45,https://www.youtube.com/watch?v=abXVkk_8Zxo,https://i.ytimg.com/vi/abXVkk_8Zxo/maxresdefault.jpg
pool,pool challenge,24 Hour LAST TO LEAVE POOL Challenge!!! | The Royalty Family,The Royalty Family,38420652,2.26,https://www.youtube.com/watch?v=AkI3Z7ZeqF4,https://i.ytimg.com/vi/AkI3Z7ZeqF4/maxresdefault.jpg
father,father leaves to cheat,Father Leaves To Cheat on his Wife! | Sameer Bhavnani,Sameer Bhavnani,4488440,8.24,https://www.youtube.com/watch?v=KfoNu5CYM-0,https://i.ytimg.com/vi/KfoNu5CYM-0/maxresdefault.jpg
father,father confronts abusive boyfriend,"Father Confronts Abusive Boyfriend, Then this happens... | Sameer Bhavnani",Sameer Bhavnani,1752045,3.22,https://www.youtube.com/watch?v=Mb70URajp-4,https://i.ytimg.com/vi/Mb70URajp-4/maxresdefault.jpg
father,father from evil cheating,Son Saves His Father from Evil Cheating Gold-Digger,SoulSnack,1814225,2.88,https://www.youtube.com/watch?v=87oRjgWawvc,https://i.ytimg.com/vi/87oRjgWawvc/maxresdefault.jpg
father,father beats son,"Father Beats Son For Peeing Himself, He Instantly Regrets It.",Vid Chronicles,575803,2.63,https://www.youtube.com/watch?v=bI8TKHOvjzU,https://i.ytimg.com/vi/bI8TKHOvjzU/maxresdefault.jpg
father,father,Father Tries to Find his SON Blindfolded!,The Royalty Family,44617015,2.62,https://www.youtube.com/watch?v=oiY4DK1vgBY,https://i.ytimg.com/vi/oiY4DK1vgBY/maxresdefault.jpg
father,father a heartfelt drama,Wife Gets Pregnant by Husband's Father! A Heartfelt Drama | Sameer Bhavnani,Sameer Bhavnani,1329964,2.44,https://www.youtube.com/watch?v=K9wpQ67kCeQ,https://i.ytimg.com/vi/K9wpQ67kCeQ/maxresdefault.jpg
father,father meets drunk driver,Father Meets DRUNK DRIVER who KILLED his Son!!!!! You WON'T Believe What he Does Next,Life Lessons With Luis,4263759,2.22,https://www.youtube.com/watch?v=drPo7fGzerI,https://i.ytimg.com/vi/drPo7fGzerI/maxresdefault.jpg
father,father slaps tiktoker boyfriend,"Father Slaps TikToker Boyfriend, Instantly Regrets It! | Sameer Bhavnani",Sameer Bhavnani,1095879,2.01,https://www.youtube.com/watch?v=RQbNBN2pQkE,https://i.ytimg.com/vi/RQbNBN2pQkE/maxresdefault.jpg
movie,movie,"Layla Meets STRANGER, What happens is surprising! Full Movie | THE BEAST FAMILY",The Beast Family,7293637,5.72,https://www.youtube.com/watch?v=duQs_XQyzCY,https://i.ytimg.com/vi/duQs_XQyzCY/maxresdefault.jpg
movie,movie,"The Story Time Animated ""Movie""",Story Time Animated,3474130,4.57,https://www.youtube.com/watch?v=2sD9G6ostQ0,https://i.ytimg.com/vi/2sD9G6ostQ0/maxresdefault.jpg
movie,movie,The Story Time Animated Movie 2,Story Time Animated,3437876,4.52,https://www.youtube.com/watch?v=mZJafTTtwAA,https://i.ytimg.com/vi/mZJafTTtwAA/maxresdefault.jpg
movie,movie a roblox action,The Last Guest: FULL MOVIE (A Roblox Action Story),ObliviousHD,104700797,3.44,https://www.youtube.com/watch?v=1ZM6ztUlLWY,https://i.ytimg.com/vi/1ZM6ztUlLWY/hqdefault.jpg
movie,movie myths in 24,"Busting 1,000 Movie Myths In 24 Hours!",Stokes Twins,153657783,2.99,https://www.youtube.com/watch?v=tn79OFbPwKE,https://i.ytimg.com/vi/tn79OFbPwKE/maxresdefault.jpg
movie,movie 3,The Story Time Animated Movie 3,Story Time Animated,1831617,2.41,https://www.youtube.com/watch?v=9hVoHjSP3cg,https://i.ytimg.com/vi/9hVoHjSP3cg/maxresdefault.jpg
dangerous,dangerous choice and faces,Makes a Dangerous Choice and Faces the Consequences,Sameer Bhavnani,5913882,10.86,https://www.youtube.com/watch?v=4EH3DIs9C70,https://i.ytimg.com/vi/4EH3DIs9C70/maxresdefault.jpg
dangerous,dangerous line scripted drama,A Trusted Employee Crosses a Dangerous Line | Scripted Drama,Sameer Bhavnani,3133568,5.75,https://www.youtube.com/watch?v=sQC39Um-Ac8,https://i.ytimg.com/vi/sQC39Um-Ac8/maxresdefault.jpg
dangerous,dangerous tv challenge,Friends Copy a Dangerous TV Challenge — Part 2,Sameer Bhavnani,3014469,5.53,https://www.youtube.com/watch?v=U2uPJu_AeKk,https://i.ytimg.com/vi/U2uPJu_AeKk/maxresdefault.jpg
dangerous,dangerous trap,World's Most Dangerous Trap!,MrBeast,362883680,2.4,https://www.youtube.com/watch?v=3OFj6l2tQ9s,https://i.ytimg.com/vi/3OFj6l2tQ9s/maxresdefault.jpg
dangerous,dangerous theme parks,I Exposed The World’s Most DANGEROUS Theme Parks!,Stokes Twins,117995118,2.3,https://www.youtube.com/watch?v=sIISgvptmSw,https://i.ytimg.com/vi/sIISgvptmSw/maxresdefault.jpg
mother,mother,Racist Karen Cop EATS Black Grand Mother! | Sameer Bhavnani,Sameer Bhavnani,2355031,4.32,https://www.youtube.com/watch?v=ha_MhVJQAF8,https://i.ytimg.com/vi/ha_MhVJQAF8/maxresdefault.jpg
mother,mother poisons instantly regrets,"Crazy Mother Poisons, Instantly Regrets It... | Sameer Bhavnani",Sameer Bhavnani,2211144,4.06,https://www.youtube.com/watch?v=cOmo0pB0sgg,https://i.ytimg.com/vi/cOmo0pB0sgg/maxresdefault.jpg
mother,mother in law electrocutes,EVIL Mother In-Law Electrocutes WIFE! SHOCKING END... | SAMEER BHAVNANI,Sameer Bhavnani,2103608,3.86,https://www.youtube.com/watch?v=6JYLrvM3yjA,https://i.ytimg.com/vi/6JYLrvM3yjA/maxresdefault.jpg
mother,mother tests her daughter,Mother Tests Her Daughter’s Future Husbands | @DramatizeMe,DramatizeMe,2775305,3.37,https://www.youtube.com/watch?v=p1tUwPOmv70,https://i.ytimg.com/vi/p1tUwPOmv70/maxresdefault.jpg
mother,mother leaves child,"Mother Leaves Child To Die, Watch What Happens.",Vid Chronicles,709676,3.25,https://www.youtube.com/watch?v=zu1lW_V2e1w,https://i.ytimg.com/vi/zu1lW_V2e1w/maxresdefault.jpg
mother,mother becomes millionaire,Homeless Mother Becomes Millionaire | Vid Chronicles,Vid Chronicles,635678,2.91,https://www.youtube.com/watch?v=WwM5fzbDLxo,https://i.ytimg.com/vi/WwM5fzbDLxo/maxresdefault.jpg
mother,mother in law ruins,"Mother-In-Law RUINS Marriage, Then Daughter-In-Law Makes An Unexpected Decision | Illumeably",Illumeably,1527899,2.59,https://www.youtube.com/watch?v=rVFLfgGxYEs,https://i.ytimg.com/vi/rVFLfgGxYEs/maxresdefault.jpg
police,police,Crazy Karen Tries to Steal Playstation 5 from Black Teen. Then She Calls The Police On Him,SoulSnack,5223060,8.29,https://www.youtube.com/watch?v=veLYG88yYIU,https://i.ytimg.com/vi/veLYG88yYIU/maxresdefault.jpg
police,police arrest black rookie,Police Arrest Black Rookie Cop. Then This Happens.,SoulSnack,3386152,5.37,https://www.youtube.com/watch?v=XdcTmzYVIzQ,https://i.ytimg.com/vi/XdcTmzYVIzQ/maxresdefault.jpg
police,police on black teenager,Crazy Karen Calls Police on Black Teenager Who Needed Help. Teen Gets Last Laugh.,SoulSnack,2217136,3.52,https://www.youtube.com/watch?v=71GBzqCRqH8,https://i.ytimg.com/vi/71GBzqCRqH8/maxresdefault.jpg
police,police harass homeless black,Police Harass Homeless Black Man. The Ending Will Shock You,SoulSnack,1806487,2.87,https://www.youtube.com/watch?v=uS10X8DuGVE,https://i.ytimg.com/vi/uS10X8DuGVE/maxresdefault.jpg
police,police true,Paraplegic Black Man Dragged Out Of HIs Car By Police (True Story),SoulSnack,1739089,2.76,https://www.youtube.com/watch?v=GxEyap0jhIo,https://i.ytimg.com/vi/GxEyap0jhIo/maxresdefault.jpg
police,police captain,Cowboy Cops Pull Over Black Police Captain. Then This Happens,SoulSnack,1692589,2.69,https://www.youtube.com/watch?v=bpjlgwxJQ6w,https://i.ytimg.com/vi/bpjlgwxJQ6w/maxresdefault.jpg
police,police on black realtor,Racist Neighbor Karen Calls Police on Black Realtor and Black Client,SoulSnack,1605826,2.55,https://www.youtube.com/watch?v=EDOWXV14OAc,https://i.ytimg.com/vi/EDOWXV14OAc/maxresdefault.jpg
police,police captain s teen,Racist Cop Pulls Over Black Police Captain’s Teen Son.,SoulSnack,1545787,2.45,https://www.youtube.com/watch?v=EYEFIf7sGGA,https://i.ytimg.com/vi/EYEFIf7sGGA/maxresdefault.jpg
police,police officers,4 Horrifying Experiences of Former Police Officers,Mr. Nightmare,6522971,2.14,https://www.youtube.com/watch?v=NyG73bDodfM,https://i.ytimg.com/vi/NyG73bDodfM/hqdefault.jpg
police,police bodycam footage,6 Most Disturbing Things Caught on Police Bodycam Footage,Chilling Scares,6822997,2.1,https://www.youtube.com/watch?v=W461pi5-meM,https://i.ytimg.com/vi/W461pi5-meM/maxresdefault.jpg
music,music,Ferran - Baby Girl (Official Music Video) | The Royalty Family,The Royalty Family,130199731,7.66,https://www.youtube.com/watch?v=ez2PvU6T5pw,https://i.ytimg.com/vi/ez2PvU6T5pw/maxresdefault.jpg
music,music,Life is Fun - Ft. Boyinaband (Official Music Video),TheOdd1sOut,184761077,4.42,https://www.youtube.com/watch?v=CAb_bCtKuXg,https://i.ytimg.com/vi/CAb_bCtKuXg/maxresdefault.jpg
music,music by aarongrooves,Note Blocks - Animation vs. Minecraft Shorts Ep. 5 (music by AaronGrooves),Alan Becker,235878667,3.22,https://www.youtube.com/watch?v=c9DrryMw248,https://i.ytimg.com/vi/c9DrryMw248/hqdefault.jpg
music,music by aarongrooves,Note Block Battle - Animation vs. Minecraft Shorts Ep 16 (Music by AaronGrooves),Alan Becker,185957556,2.54,https://www.youtube.com/watch?v=c0egcErkap0,https://i.ytimg.com/vi/c0egcErkap0/maxresdefault.jpg
music,music video stronger,"Roblox Music Video ♪ ""Stronger"" (The Bacon Hair)",ObliviousHD,265111203,8.7,https://www.youtube.com/watch?v=FUjSXVdom-Y,https://i.ytimg.com/vi/FUjSXVdom-Y/hqdefault.jpg
music,music video believer,"Roblox Music Video ♪ ""Believer"" (The Last Guest)",ObliviousHD,66284964,2.18,https://www.youtube.com/watch?v=zIss90uMcz0,https://i.ytimg.com/vi/zIss90uMcz0/hqdefault.jpg
son's,son's first day,Our Son's First Day Back to SCHOOL! ft/ Salish Matter,The Royalty Family,54188259,3.19,https://www.youtube.com/watch?v=-EWv6dER2Dw,https://i.ytimg.com/vi/-EWv6dER2Dw/maxresdefault.jpg
son's,son's first day,Our Son's First Day at a NEW SCHOOL,The Royalty Family,38098195,2.24,https://www.youtube.com/watch?v=Le4ERLEMxKc,https://i.ytimg.com/vi/Le4ERLEMxKc/maxresdefault.jpg
son's,son's dream birthday surprise,Our Son's DREAM Birthday Surprise!,The Royalty Family,74016477,4.35,https://www.youtube.com/watch?v=CqIMF0M-XrU,https://i.ytimg.com/vi/CqIMF0M-XrU/maxresdefault.jpg
son's,son's disabled girlfriend,"Mom REJECTS Son's Disabled Girlfriend, She Lives To Regret It | Illumeably",Illumeably,2331457,3.95,https://www.youtube.com/watch?v=zslQ_eJS1rs,https://i.ytimg.com/vi/zslQ_eJS1rs/maxresdefault.jpg
son's,son's cringe tiktoks,DAD Reacts to 11 Year old Son's CRINGE TIKTOKS!! 😂,The Royalty Family,62936194,3.7,https://www.youtube.com/watch?v=4SuPs7XrBW8,https://i.ytimg.com/vi/4SuPs7XrBW8/maxresdefault.jpg
son's,son's wife,Mom FORCES Son's Wife To Get PREGNANT On Christmas | Illumeably,Illumeably,1746727,2.96,https://www.youtube.com/watch?v=opqb0-E8apk,https://i.ytimg.com/vi/opqb0-E8apk/maxresdefault.jpg
son's,son's big accident,Our Son's BIG Accident,The Royalty Family,48907785,2.88,https://www.youtube.com/watch?v=7RIvq98nXvc,https://i.ytimg.com/vi/7RIvq98nXvc/maxresdefault.jpg
son's,son's girlfriend pregnant must,Dad Gets SON'S GIRLFRIEND Pregnant! MUST SEE ENDING... | Sameer Bhavnani,Sameer Bhavnani,1282646,2.36,https://www.youtube.com/watch?v=4WQPSLUi9NQ,https://i.ytimg.com/vi/4WQPSLUi9NQ/maxresdefault.jpg
son's,son's friend,"Mom Tries To HOOK UP With Son's Friend, What Happens Is Shocking | Illumeably",Illumeably,1289753,2.19,https://www.youtube.com/watch?v=DKXFok1hsdc,https://i.ytimg.com/vi/DKXFok1hsdc/maxresdefault.jpg
adopted,adopted by trillionaires,He Was ADOPTED By TRILLIONAIRES! (A Roblox Movie),ShanePlays 2,13102322,5.38,https://www.youtube.com/watch?v=WXKEj72e-9w,https://i.ytimg.com/vi/WXKEj72e-9w/maxresdefault.jpg
adopted,adopted by a famous,ADOPTED By A FAMOUS Family! (A Roblox Movie),ShanePlays 2,12807722,5.26,https://www.youtube.com/watch?v=okC1DllLXWM,https://i.ytimg.com/vi/okC1DllLXWM/maxresdefault.jpg
adopted,adopted a girl,"We ADOPTED a GIRL, But Our SON Gets JEALOUS! ft/ Jordan Matter",The Royalty Family,85183388,5.01,https://www.youtube.com/watch?v=foQIRatJyj0,https://i.ytimg.com/vi/foQIRatJyj0/maxresdefault.jpg
adopted,adopted sister,Mom Loved His ADOPTED Sister MORE Than Him! (A Roblox Movie),ShanePlays 2,9103170,3.74,https://www.youtube.com/watch?v=t-O5f9Uhr2k,https://i.ytimg.com/vi/t-O5f9Uhr2k/maxresdefault.jpg
adopted,adopted 100 dogs,I Adopted 100 Dogs!,MrBeast,423799961,2.81,https://www.youtube.com/watch?v=lOKASgtr6kU,https://i.ytimg.com/vi/lOKASgtr6kU/maxresdefault.jpg
adopted,adopted by a strict,ADOPTED By A STRICT FAMILY! (A Roblox Movie),ShanePlays 2,6727324,2.76,https://www.youtube.com/watch?v=PytY2o3umwI,https://i.ytimg.com/vi/PytY2o3umwI/maxresdefault.jpg
adopted,adopted brother hated,His Adopted Brother Hated Him: A Roblox Movie,ShanePlays 2,6706788,2.76,https://www.youtube.com/watch?v=JsBEv5NpACI,https://i.ytimg.com/vi/JsBEv5NpACI/maxresdefault.jpg
adopted,adopted brother,ADOPTED Brother Made His Family HATE HIM! (A Roblox Movie),ShanePlays 2,5725330,2.35,https://www.youtube.com/watch?v=_EdiV08-Hyo,https://i.ytimg.com/vi/_EdiV08-Hyo/maxresdefault.jpg
cops,cops,FASTEST TEEN Forced To Steal and Run From Cops! | Dhar Mann Studios,Dhar Mann Studios,18107611,3.39,https://www.youtube.com/watch?v=8eyV196Tj_U,https://i.ytimg.com/vi/8eyV196Tj_U/maxresdefault.jpg
cops,cops,I Survived 50 Hours Running From Cops,Unspeakable,32208949,2.62,https://www.youtube.com/watch?v=SncBjyo6cUA,https://i.ytimg.com/vi/SncBjyo6cUA/maxresdefault.jpg
cops,cops harass 10 year,Cops Harass 10 Year Old Disabled Girl. The Ending is Shocking.,SoulSnack,3544285,5.62,https://www.youtube.com/watch?v=O-LDiyAGG1E,https://i.ytimg.com/vi/O-LDiyAGG1E/maxresdefault.jpg
cops,cops pull over powerful,Hillbilly Cops Pull Over Powerful Black Judge for Driving While Black. Then This Happens,SoulSnack,3402990,5.4,https://www.youtube.com/watch?v=VmR2KaMlo_o,https://i.ytimg.com/vi/VmR2KaMlo_o/maxresdefault.jpg
cops,cops on pastor,"ANGRY ""Karen"" Calls Cops on Pastor!!!! Life Lessons with Luis",Life Lessons With Luis,6153709,3.21,https://www.youtube.com/watch?v=4mg291O5oC8,https://i.ytimg.com/vi/4mg291O5oC8/maxresdefault.jpg
cops,cops pull over black,Cowboy Cops Pull Over Black Police Captain. Then This Happens,SoulSnack,1692589,2.69,https://www.youtube.com/watch?v=bpjlgwxJQ6w,https://i.ytimg.com/vi/bpjlgwxJQ6w/maxresdefault.jpg
cops,cops rope tie black,White Cops Rope Tie Black Man Resisting Arrest. Then This Happens,SoulSnack,1462381,2.32,https://www.youtube.com/watch?v=W6h9gLlaVQs,https://i.ytimg.com/vi/W6h9gLlaVQs/maxresdefault.jpg
turned,turned,A Dollar Turned Him Into A Millionaire: A Roblox Movie,ShanePlays 2,20023405,8.23,https://www.youtube.com/watch?v=3FFMAYkpmIA,https://i.ytimg.com/vi/3FFMAYkpmIA/maxresdefault.jpg
turned,turned,A Dollar Turned Him Into A Billionaire: A Roblox Movie,ShanePlays 2,9802830,4.03,https://www.youtube.com/watch?v=tRsQHpaIshk,https://i.ytimg.com/vi/tRsQHpaIshk/maxresdefault.jpg
turned,turned,A PENNY Turned Him Into A TRILLIONAIRE! (A Roblox Movie),ShanePlays 2,5518529,2.27,https://www.youtube.com/watch?v=Fm04pL6JUmo,https://i.ytimg.com/vi/Fm04pL6JUmo/maxresdefault.jpg
turned,turned,Conspiracy Theories That Turned Out to Be True,Chilling Scares,7202183,2.21,https://www.youtube.com/watch?v=ONAK-CQVXYE,https://i.ytimg.com/vi/ONAK-CQVXYE/maxresdefault.jpg
turned,turned,Urban Legends That Turned Out to Be True,Chilling Scares,6738931,2.07,https://www.youtube.com/watch?v=S4Qq1htzd_0,https://i.ytimg.com/vi/S4Qq1htzd_0/maxresdefault.jpg
turned,turned my house,I Turned My House Into a Trampoline Park!,Unspeakable,79441733,6.46,https://www.youtube.com/watch?v=lSSWH4NOdgE,https://i.ytimg.com/vi/lSSWH4NOdgE/hqdefault.jpg
turned,turned my bed,I Turned my Bed into a Fish Tank!,Ben Azelart,89716426,3.19,https://www.youtube.com/watch?v=GOUG2xcDwsc,https://i.ytimg.com/vi/GOUG2xcDwsc/maxresdefault.jpg
racist,racist realtor rejects black,Racist Realtor Rejects Black Billionaire. Lives To Regret It,SoulSnack,3132748,4.97,https://www.youtube.com/watch?v=gz4dT7D1suw,https://i.ytimg.com/vi/gz4dT7D1suw/maxresdefault.jpg
racist,racist yacht broker refuses,Racist Yacht Broker Refuses to Sell Boat to Wealthy Black Man. Then This Happens,SoulSnack,2620543,4.16,https://www.youtube.com/watch?v=stK1stPpUEQ,https://i.ytimg.com/vi/stK1stPpUEQ/maxresdefault.jpg
racist,racist lady calls cops,"Racist Lady Calls Cops On Black Man, Then This Happens | Illumeably",Illumeably,2017095,3.42,https://www.youtube.com/watch?v=mjbPAUQrFSk,https://i.ytimg.com/vi/mjbPAUQrFSk/maxresdefault.jpg
racist,racist employee forces chinese,"Racist Employee FORCES Chinese to Wear Face Mask, He Gets Slapped! | Sameer Bhavnani",Sameer Bhavnani,1563680,2.87,https://www.youtube.com/watch?v=JDwxzUJi5qA,https://i.ytimg.com/vi/JDwxzUJi5qA/maxresdefault.jpg
racist,racist driving instructor fails,Racist Driving Instructor Fails Black Student For No Reason,SoulSnack,1676851,2.66,https://www.youtube.com/watch?v=x29plZ5rV4E,https://i.ytimg.com/vi/x29plZ5rV4E/maxresdefault.jpg
racist,racist neighbor karen,Racist Neighbor Karen Calls Police on Black Realtor and Black Client,SoulSnack,1605826,2.55,https://www.youtube.com/watch?v=EDOWXV14OAc,https://i.ytimg.com/vi/EDOWXV14OAc/maxresdefault.jpg
racist,racist neighbor calls cops,Racist Neighbor Calls Cops on Two Black Children,SoulSnack,1595493,2.53,https://www.youtube.com/watch?v=QZtUTu3gcNg,https://i.ytimg.com/vi/QZtUTu3gcNg/maxresdefault.jpg
racist,racist home appraiser lowballs,Racist Home Appraiser Lowballs Black Man's Home. Then This Happens.,SoulSnack,1511349,2.4,https://www.youtube.com/watch?v=GyJvgS9Wud4,https://i.ytimg.com/vi/GyJvgS9Wud4/maxresdefault.jpg
racist,racist policeman cuts kids,Racist Policeman Cuts Kids Dreadlocks Off. Then This Happens,SoulSnack,1435035,2.28,https://www.youtube.com/watch?v=OfnZZavpT9M,https://i.ytimg.com/vi/OfnZZavpT9M/maxresdefault.jpg
racist,racist girl gets pregnant,RACIST Girl Gets PREGNANT by Other Man! TWISTED ENDING... | SAMEER BHAVNANI,Sameer Bhavnani,1131451,2.08,https://www.youtube.com/watch?v=Htcbj5MD848,https://i.ytimg.com/vi/Htcbj5MD848/maxresdefault.jpg
married,married people caught cheating,"MARRIED People CAUGHT CHEATING, What Happens Is Shocking | Illumeably",Illumeably,3609934,6.12,https://www.youtube.com/watch?v=M6Q2xwv2MYo,https://i.ytimg.com/vi/M6Q2xwv2MYo/maxresdefault.jpg
married,married to sheriff,Policeman Arrests Black Woman Who Is Married to The Sheriff. Shocking Ending.,SoulSnack,3147509,5.0,https://www.youtube.com/watch?v=HrGr0Ues4ts,https://i.ytimg.com/vi/HrGr0Ues4ts/maxresdefault.jpg
married,married man,Girls Set A Trap For A Married Man | @DramatizeMe,DramatizeMe,3191074,3.87,https://www.youtube.com/watch?v=T3JdCb-Aa4c,https://i.ytimg.com/vi/T3JdCb-Aa4c/maxresdefault.jpg
married,married cartoon animation,GRAY & WENDA GET MARRIED?! (Cartoon Animation),GameToons,7876259,2.47,https://www.youtube.com/watch?v=zofiNxYZ2D4,https://i.ytimg.com/vi/zofiNxYZ2D4/maxresdefault.jpg
married,married a billionaire,SPOILED Sister Married A BILLIONAIRE! (A Roblox Movie),ShanePlays 2,5311339,2.18,https://www.youtube.com/watch?v=tESDFJQv4Ds,https://i.ytimg.com/vi/tESDFJQv4Ds/maxresdefault.jpg
hotel,hotel,Overnight in the World's Oldest Underwater Hotel,Ryan Trahan,36214171,3.59,https://www.youtube.com/watch?v=egHL3l96fqc,https://i.ytimg.com/vi/egHL3l96fqc/maxresdefault.jpg
hotel,hotel,Overnight in the World's Oldest Hotel,Ryan Trahan,21144504,2.1,https://www.youtube.com/watch?v=I0jEuZxo87M,https://i.ytimg.com/vi/I0jEuZxo87M/maxresdefault.jpg
hotel,hotel,Overnight in the World's Cheapest Hotel,Ryan Trahan,20309314,2.01,https://www.youtube.com/watch?v=O-lROmPEIZ4,https://i.ytimg.com/vi/O-lROmPEIZ4/maxresdefault.jpg
hotel,hotel on edge,The Hotel On The Edge Of Town Only Appears At Midnight,Dr. NoSleep Podcast,76515,4.17,https://www.youtube.com/watch?v=SOAYw14PmJg,https://i.ytimg.com/vi/SOAYw14PmJg/maxresdefault.jpg
hotel,hotel at disney world,I Stayed in Every Hotel at Disney World,Ryan Trahan,40933784,4.06,https://www.youtube.com/watch?v=iEcr07-aOmg,https://i.ytimg.com/vi/iEcr07-aOmg/maxresdefault.jpg
hotel,hotel room,"$1 vs $1,000,000 Hotel Room!",MrBeast,472209653,3.13,https://www.youtube.com/watch?v=iogcY_4xGjo,https://i.ytimg.com/vi/iogcY_4xGjo/maxresdefault.jpg
hotel,hotel wins 100 000,"Last To Leave Capsule Hotel Wins $100,000",Stokes Twins,140973263,2.75,https://www.youtube.com/watch?v=aAFMeSRVTuw,https://i.ytimg.com/vi/aAFMeSRVTuw/maxresdefault.jpg
toy,toy conspiracy,3 Toy Story Conspiracy Stories Animated,IMR Scary Tales,1838225,5.24,https://www.youtube.com/watch?v=ZssuqnKwp7I,https://i.ytimg.com/vi/ZssuqnKwp7I/maxresdefault.jpg
toy,toy conspiracy,3 TOY STORY CONSPIRACY STORIES ANIMATED,Horror Shorts Party,3988252,4.37,https://www.youtube.com/watch?v=0GJ9rrjcC2w,https://i.ytimg.com/vi/0GJ9rrjcC2w/maxresdefault.jpg
toy,toy truck,Crazy Karen Takes Toy Truck Away From Black Kids. Then This Happens,SoulSnack,3497822,5.55,https://www.youtube.com/watch?v=CfbtQvXFWwk,https://i.ytimg.com/vi/CfbtQvXFWwk/maxresdefault.jpg
toy,toy,"Family BUYS EVIL TOY, What Happens NEXT Is Shocking!",The Beast Family,3940288,3.09,https://www.youtube.com/watch?v=dos6AKorcwY,https://i.ytimg.com/vi/dos6AKorcwY/maxresdefault.jpg
toy,toy car,Policeman Pulls Over Kids Driving Toy Car. Then This Happens.,SoulSnack,1357340,2.15,https://www.youtube.com/watch?v=U0ulMazVeI4,https://i.ytimg.com/vi/U0ulMazVeI4/maxresdefault.jpg
battle,battle,Model Rocket Battle 2 | Dude Perfect,Dude Perfect,189006729,3.84,https://www.youtube.com/watch?v=uPCi5Rs7EuA,https://i.ytimg.com/vi/uPCi5Rs7EuA/maxresdefault.jpg
battle,battle,All Sports Golf Battle | Dude Perfect,Dude Perfect,143231158,2.91,https://www.youtube.com/watch?v=_lyAEL4Wqao,https://i.ytimg.com/vi/_lyAEL4Wqao/maxresdefault.jpg
battle,battle,Model Rocket Battle | Dude Perfect,Dude Perfect,120878465,2.45,https://www.youtube.com/watch?v=WpqUOW19aJQ,https://i.ytimg.com/vi/WpqUOW19aJQ/maxresdefault.jpg
battle,battle,Deep Sea Fishing Battle | Dude Perfect,Dude Perfect,106122621,2.15,https://www.youtube.com/watch?v=Hk5dxn5dj2M,https://i.ytimg.com/vi/Hk5dxn5dj2M/hqdefault.jpg
battle,battle,Last One Standing: Floating NERF Island Battle,Dude Perfect,100848544,2.05,https://www.youtube.com/watch?v=muzeGsrYpnQ,https://i.ytimg.com/vi/muzeGsrYpnQ/maxresdefault.jpg
battle,battle,Can Coby FINALLY Win? GIANT SUMO BATTLE,Dude Perfect,98804688,2.01,https://www.youtube.com/watch?v=th2T6rygqNU,https://i.ytimg.com/vi/th2T6rygqNU/maxresdefault.jpg
battle,battle animation vs minecraft,Note Block Battle - Animation vs. Minecraft Shorts Ep 16 (Music by AaronGrooves),Alan Becker,185957556,2.54,https://www.youtube.com/watch?v=c0egcErkap0,https://i.ytimg.com/vi/c0egcErkap0/maxresdefault.jpg
battle,battle beard,All Sports Golf Battle 2: Beard on the Line,Dude Perfect,113742596,2.31,https://www.youtube.com/watch?v=-RmUADCWI4A,https://i.ytimg.com/vi/-RmUADCWI4A/maxresdefault.jpg
battle,battle loser gets taped,GIANT WARSHIP BATTLE! (Loser Gets Taped to a Column),Dude Perfect,113231927,2.3,https://www.youtube.com/watch?v=rdfC6XwXTW0,https://i.ytimg.com/vi/rdfC6XwXTW0/maxresdefault.jpg
battle,battle royale,Fighting in Mr Beast's $100k Youtuber Battle Royale,TheOdd1sOut,92074275,2.2,https://www.youtube.com/watch?v=GEFPqEVlKEk,https://i.ytimg.com/vi/GEFPqEVlKEk/maxresdefault.jpg
battle,battle who wins,The First Ever Bubble Wrap Battle: Who Wins the Trophy?,Dude Perfect,106840099,2.17,https://www.youtube.com/watch?v=LoaEy7CCC1E,https://i.ytimg.com/vi/LoaEy7CCC1E/maxresdefault.jpg
old,old white man,Angry Old White Man Tries to Steal iPhone 13 from Small Children,SoulSnack,3205346,5.09,https://www.youtube.com/watch?v=EGszMYq8OMI,https://i.ytimg.com/vi/EGszMYq8OMI/maxresdefault.jpg
old,old library has books,This Old Library Has Books That Weren't Written by Humans,Dr. NoSleep Podcast,74596,4.07,https://www.youtube.com/watch?v=ocvUC-qc8VU,https://i.ytimg.com/vi/ocvUC-qc8VU/maxresdefault.jpg
old,old man doesn,Angry Old Man Doesn’t Allow Black Family Inside Their Own Home.,SoulSnack,2276926,3.61,https://www.youtube.com/watch?v=w3pG_gEehEU,https://i.ytimg.com/vi/w3pG_gEehEU/maxresdefault.jpg
old,old shoes ft foltyn,POOR KID Shamed For Old Shoes Ft. Foltyn | Dhar Mann Studios,Dhar Mann Studios,13718646,2.57,https://www.youtube.com/watch?v=67LgaIGcjCU,https://i.ytimg.com/vi/67LgaIGcjCU/maxresdefault.jpg
old,old rich man,"Parents SELL DAUGHTER To OLD RICH MAN, What Happens Is Shocking | Illumeably",Illumeably,1504259,2.55,https://www.youtube.com/watch?v=FZR-MgJLteM,https://i.ytimg.com/vi/FZR-MgJLteM/maxresdefault.jpg
old,old,My Mom is 500 years old,Story Time Animated,1548690,2.04,https://www.youtube.com/watch?v=27enH6x-dsc,https://i.ytimg.com/vi/27enH6x-dsc/maxresdefault.jpg
guy,guy ending,BF Discovers GF was BORN A GUY... THE ENDING WILL SHOCK YOU | Sameer Bhavnani,Sameer Bhavnani,1701791,3.12,https://www.youtube.com/watch?v=3CHKhJdwrDA,https://i.ytimg.com/vi/3CHKhJdwrDA/maxresdefault.jpg
guy,guy leaves girlfriend,"Guy Leaves Girlfriend For ""HOT CHICK"", He Lives To Regret It.",Vid Chronicles,627366,2.87,https://www.youtube.com/watch?v=_J7dkjPu1Dc,https://i.ytimg.com/vi/_J7dkjPu1Dc/maxresdefault.jpg
guy,guy in school,"I’m a Nerd, But My BF is the Hottest Guy in School",MSA,43887484,2.81,https://www.youtube.com/watch?v=Lge3nbzp3dk,https://i.ytimg.com/vi/Lge3nbzp3dk/maxresdefault.jpg
guy,guy rejected,"DISABLED Guy REJECTED On A Date, What Happens Is Shocking | Illumeably",Illumeably,1498186,2.54,https://www.youtube.com/watch?v=adgnNxEibgE,https://i.ytimg.com/vi/adgnNxEibgE/maxresdefault.jpg
guy,guy pulls hijab,Guy Pulls Hijab off Muslim Girls Head!!!! SHOCKING ENDING!!!!!,Life Lessons With Luis,4238583,2.21,https://www.youtube.com/watch?v=B0iY4opoy1M,https://i.ytimg.com/vi/B0iY4opoy1M/maxresdefault.jpg
guy,guy changes identity,"Guy CHANGES IDENTITY To Date Two Girls, What Happens Next Is Shocking | Illumeably",Illumeably,1287691,2.18,https://www.youtube.com/watch?v=esWR87AXaag,https://i.ytimg.com/vi/esWR87AXaag/maxresdefault.jpg
guy,guy she lives,"GOLD DIGGER Dumps Her POOR GUY, She Lives To Regret It | Illumeably",Illumeably,1234543,2.09,https://www.youtube.com/watch?v=2gZuGKTJxcY,https://i.ytimg.com/vi/2gZuGKTJxcY/maxresdefault.jpg
water,water prank,Walking On Water Prank,Airrack,54503827,5.26,https://www.youtube.com/watch?v=RPH2APBoVtI,https://i.ytimg.com/vi/RPH2APBoVtI/maxresdefault.jpg
water,water prank,Walking on Water Prank!,Stokes Twins,166771122,3.25,https://www.youtube.com/watch?v=hHdKug_wQkU,https://i.ytimg.com/vi/hHdKug_wQkU/maxresdefault.jpg
water,water bottle flip,Water Bottle Flip 2 | Dude Perfect,Dude Perfect,666601103,13.53,https://www.youtube.com/watch?v=VJwoSfTOhyM,https://i.ytimg.com/vi/VJwoSfTOhyM/maxresdefault.jpg
water,water,"They Found Something Under the Ice of Europa in 2005, and It Wasn't Water…",Dr. NoSleep Podcast,63382,3.46,https://www.youtube.com/watch?v=u4dvp1T6ykI,https://i.ytimg.com/vi/u4dvp1T6ykI/maxresdefault.jpg
water,water bottle flip edition,Water Bottle Flip Edition | Dude Perfect,Dude Perfect,124720544,2.53,https://www.youtube.com/watch?v=P8V_bx0L4RY,https://i.ytimg.com/vi/P8V_bx0L4RY/maxresdefault.jpg
water,water skip bucket head,"Water Skip, Bucket Head NERF Trick Shots!",Dude Perfect,117514002,2.38,https://www.youtube.com/watch?v=f9jhWFKV3u0,https://i.ytimg.com/vi/f9jhWFKV3u0/hqdefault.jpg
end,end,Karen KICKED OFF Plane for Crying Baby. Surprise at the End.,Totally Studios,5703326,4.05,https://www.youtube.com/watch?v=FVENBA3mtfw,https://i.ytimg.com/vi/FVENBA3mtfw/maxresdefault.jpg
end,end,EVIL Mother In-Law Electrocutes WIFE! SHOCKING END... | SAMEER BHAVNANI,Sameer Bhavnani,2103608,3.86,https://www.youtube.com/watch?v=6JYLrvM3yjA,https://i.ytimg.com/vi/6JYLrvM3yjA/maxresdefault.jpg
end,end will shock,"Woman Catches Boyfriend In Bed with Her Mom, End Will Shock You.",Vid Chronicles,738855,3.38,https://www.youtube.com/watch?v=bX4wVdZqQEo,https://i.ytimg.com/vi/bX4wVdZqQEo/maxresdefault.jpg
end,end will shock,"Wife Lies About Secret Lover Being Her Cousin, End Will Shock You.",Vid Chronicles,619769,2.83,https://www.youtube.com/watch?v=FmsbAPXgyEQ,https://i.ytimg.com/vi/FmsbAPXgyEQ/maxresdefault.jpg
end,end or instantly regret,Karen STEALS PLAYSTATION 5 from KID. Does He Get the PS5 Back at the End or Instantly Regret It?,Totally Studios,4555069,3.23,https://www.youtube.com/watch?v=_F5NL-W5Kfk,https://i.ytimg.com/vi/_F5NL-W5Kfk/maxresdefault.jpg
end,end of chapter 3,The END of CHAPTER 3... (Cartoon Animation),GameToons,6800039,2.13,https://www.youtube.com/watch?v=tbCm_-MlBG4,https://i.ytimg.com/vi/tbCm_-MlBG4/maxresdefault.jpg
face,face,Husband Forces Pretty Wife to HIDE FACE,Illumeably,2556999,4.34,https://www.youtube.com/watch?v=vl-bS06PkTs,https://i.ytimg.com/vi/vl-bS06PkTs/maxresdefault.jpg
face,face,My Voice Is BEAUTIFUL But I’m Forced To HIDE My Face,Story Time Animated,2169017,2.85,https://www.youtube.com/watch?v=TG-E18wwo1Y,https://i.ytimg.com/vi/TG-E18wwo1Y/maxresdefault.jpg
face,face after crush,Boy HIDES HIS FACE After Crush Calls Him UGLY,Illumeably,2864453,4.86,https://www.youtube.com/watch?v=1hEGX_MObhc,https://i.ytimg.com/vi/1hEGX_MObhc/maxresdefault.jpg
face,face mask,"Racist Employee FORCES Chinese to Wear Face Mask, He Gets Slapped! | Sameer Bhavnani",Sameer Bhavnani,1563680,2.87,https://www.youtube.com/watch?v=JDwxzUJi5qA,https://i.ytimg.com/vi/JDwxzUJi5qA/maxresdefault.jpg
face,face your biggest fear,"Face Your Biggest Fear To Win $800,000",MrBeast,412815855,2.74,https://www.youtube.com/watch?v=KOEfDvr4DcQ,https://i.ytimg.com/vi/KOEfDvr4DcQ/maxresdefault.jpg
face,face inside school,TEACHER WON'T Show HER FACE Inside SCHOOL | Dhar Mann Studios,Dhar Mann Studios,12307155,2.31,https://www.youtube.com/watch?v=tcUx5UjfRsM,https://i.ytimg.com/vi/tcUx5UjfRsM/maxresdefault.jpg
ending,ending,Husband Sells Wife to Best Friend... YOU WON'T BELIEVE THE ENDING! | Sameer Bhavnani,Sameer Bhavnani,6169312,11.33,https://www.youtube.com/watch?v=t6UumZZXUh0,https://i.ytimg.com/vi/t6UumZZXUh0/maxresdefault.jpg
ending,ending,"Mentally Disturbed Wife Cheats on Husband to Save Her Marriage, UNEXPECTED ENDING | Sameer Bhavnani",Sameer Bhavnani,1255028,2.3,https://www.youtube.com/watch?v=YDO1xlEUMPQ,https://i.ytimg.com/vi/YDO1xlEUMPQ/maxresdefault.jpg
ending,ending,FARTING KID Kicked Out of School. Crazy Ending.,Totally Studios,3028438,2.15,https://www.youtube.com/watch?v=rMw2jSy88mM,https://i.ytimg.com/vi/rMw2jSy88mM/maxresdefault.jpg
ending,ending,RACIST Girl Gets PREGNANT by Other Man! TWISTED ENDING... | SAMEER BHAVNANI,Sameer Bhavnani,1131451,2.08,https://www.youtube.com/watch?v=Htcbj5MD848,https://i.ytimg.com/vi/Htcbj5MD848/maxresdefault.jpg
ending,ending is shocking,Cops Harass 10 Year Old Disabled Girl. The Ending is Shocking.,SoulSnack,3544285,5.62,https://www.youtube.com/watch?v=O-LDiyAGG1E,https://i.ytimg.com/vi/O-LDiyAGG1E/maxresdefault.jpg
ending,ending is shocking,"Girlfriend Brutally Dumps Poor Boyfriend For Rich Man, Ending Is Shocking | Illumeably",Illumeably,1389673,2.36,https://www.youtube.com/watch?v=hEC3XCHoujs,https://i.ytimg.com/vi/hEC3XCHoujs/maxresdefault.jpg
ending,ending is a surprise,Karen Takes New iPHONE from Girl on a PLANE. The Ending is a Surprise.,Totally Studios,4715049,3.35,https://www.youtube.com/watch?v=QZ1bauMgPmk,https://i.ytimg.com/vi/QZ1bauMgPmk/maxresdefault.jpg
ending,ending is a surprise,Kids Eat TOO MUCH HALLOWEEN CANDY on a Plane with Stepmom. The Ending is a Surprise. Totally Studios,Totally Studios,3523348,2.5,https://www.youtube.com/watch?v=u2S-IE9AVWI,https://i.ytimg.com/vi/u2S-IE9AVWI/maxresdefault.jpg
car,car,"$1 vs $100,000,000 Car!",MrBeast,579175421,3.84,https://www.youtube.com/watch?v=KrLj6nc516A,https://i.ytimg.com/vi/KrLj6nc516A/maxresdefault.jpg
car,car,Woman Saves Girl Trapped In Stranger’s Car | @DramatizeMe,DramatizeMe,1835554,2.23,https://www.youtube.com/watch?v=ujGexbqs68s,https://i.ytimg.com/vi/ujGexbqs68s/maxresdefault.jpg
car,car,Policeman Pulls Over Kids Driving Toy Car. Then This Happens.,SoulSnack,1357340,2.15,https://www.youtube.com/watch?v=U0ulMazVeI4,https://i.ytimg.com/vi/U0ulMazVeI4/maxresdefault.jpg
car,car wash owner shames,Car Wash Owner Shames Wealthy Black Customer. Then This Happens,SoulSnack,3482186,5.53,https://www.youtube.com/watch?v=zHhl51WXPic,https://i.ytimg.com/vi/zHhl51WXPic/maxresdefault.jpg
car,car salesman shames rich,"White Car Salesman Shames Rich Black Doctor, then this Happens.",SoulSnack,1894420,3.01,https://www.youtube.com/watch?v=lhFJnnufIF4,https://i.ytimg.com/vi/lhFJnnufIF4/maxresdefault.jpg
car,car by police true,Paraplegic Black Man Dragged Out Of HIs Car By Police (True Story),SoulSnack,1739089,2.76,https://www.youtube.com/watch?v=GxEyap0jhIo,https://i.ytimg.com/vi/GxEyap0jhIo/maxresdefault.jpg
car,car has been here,"I Work The Graveyard Shift At A Gas Station, The Same Car Has Been Here For Years",Dr. NoSleep Podcast,42352,2.31,https://www.youtube.com/watch?v=0UtcuW0KtlU,https://i.ytimg.com/vi/0UtcuW0KtlU/maxresdefault.jpg
something,something he regrets,"Girl CHOOSES FAVORITE BABY Brother, JEALOUS SIBLING Does Something HE REGRETS | The Beast Family",The Beast Family,13469162,10.56,https://www.youtube.com/watch?v=poVl9oPfILs,https://i.ytimg.com/vi/poVl9oPfILs/maxresdefault.jpg
something,something is living,Something Is Living Inside My Body,Story Time Animated,3110982,4.09,https://www.youtube.com/watch?v=HKPqKQuhwdo,https://i.ytimg.com/vi/HKPqKQuhwdo/maxresdefault.jpg
something,something under ice,"They Found Something Under the Ice of Europa in 2005, and It Wasn't Water…",Dr. NoSleep Podcast,63382,3.46,https://www.youtube.com/watch?v=u4dvp1T6ykI,https://i.ytimg.com/vi/u4dvp1T6ykI/maxresdefault.jpg
something,something twisted crawled,"Something Twisted Crawled Out from the Edge of the Universe, and It's Coming Our Way...",Dr. NoSleep Podcast,52141,2.84,https://www.youtube.com/watch?v=wyj4SsdBy9E,https://i.ytimg.com/vi/wyj4SsdBy9E/maxresdefault.jpg
something,something on bottom,There is Something on the Bottom of the Ocean That Should Never Be Discovered,Dr. NoSleep Podcast,49020,2.67,https://www.youtube.com/watch?v=-8erikddWqU,https://i.ytimg.com/vi/-8erikddWqU/maxresdefault.jpg
something,something in our house,Lilly Singh - Something In Our House! | storybooth Stars,storybooth,11574823,2.53,https://www.youtube.com/watch?v=MXTO0rTpfks,https://i.ytimg.com/vi/MXTO0rTpfks/maxresdefault.jpg
store,store they live,"Kids STEALS CANDY From STORE, They live to Regret It | The Beast Family",The Beast Family,6046738,4.74,https://www.youtube.com/watch?v=YqY8fft97EQ,https://i.ytimg.com/vi/YqY8fft97EQ/maxresdefault.jpg
store,store,"$1 vs $1,000,000 Free Store!",Unspeakable,45253492,3.68,https://www.youtube.com/watch?v=XxfwM5wTiM4,https://i.ytimg.com/vi/XxfwM5wTiM4/maxresdefault.jpg
store,store what goes wrong,PREGNANT Girl Accused of STEALING from a Store. What Goes Wrong?,Totally Studios,3886561,2.76,https://www.youtube.com/watch?v=jnQT7vqEXhw,https://i.ytimg.com/vi/jnQT7vqEXhw/maxresdefault.jpg
store,store fake qr,Girl Rips Off Store With Fake QR Code | @DramatizeMe,DramatizeMe,2269772,2.75,https://www.youtube.com/watch?v=AG0EifkPvGY,https://i.ytimg.com/vi/AG0EifkPvGY/maxresdefault.jpg
store,store in my room,I Built a SECRET Lego Store in My Room!,Ben Azelart,70382384,2.5,https://www.youtube.com/watch?v=9Q-l4W0gOgE,https://i.ytimg.com/vi/9Q-l4W0gOgE/maxresdefault.jpg
store,store that pays,I Opened A Store That Pays You Money!,Unspeakable,26478789,2.15,https://www.youtube.com/watch?v=EOTBFYD0vv0,https://i.ytimg.com/vi/EOTBFYD0vv0/maxresdefault.jpg
best,best of 2021,277 Horror Stories Animation (Best of 2021 Compilation),IMR Scary Tales,2988984,8.52,https://www.youtube.com/watch?v=DCs6CGvcfjs,https://i.ytimg.com/vi/DCs6CGvcfjs/maxresdefault.jpg
best,best skits of 2022,The Beast Family BEST SKITS Of 2022,The Beast Family,4845191,3.8,https://www.youtube.com/watch?v=xas14LNGdWU,https://i.ytimg.com/vi/xas14LNGdWU/maxresdefault.jpg
best,best school lunch,Which Country has the Best School Lunch?,Stokes Twins,130099481,2.53,https://www.youtube.com/watch?v=bKrOknHPdtc,https://i.ytimg.com/vi/bKrOknHPdtc/maxresdefault.jpg
best,best friend's implants,"My Best Friend's Implants, Then This Happens... | Sameer Bhavnani",Sameer Bhavnani,1285220,2.36,https://www.youtube.com/watch?v=362__cOgKfg,https://i.ytimg.com/vi/362__cOgKfg/maxresdefault.jpg
best,best friends,Best Friends Find Their Partners Cheating | @DramatizeMe,DramatizeMe,1868884,2.27,https://www.youtube.com/watch?v=Iq-zQBTiMus,https://i.ytimg.com/vi/Iq-zQBTiMus/maxresdefault.jpg
best,best pokemon game,The best pokemon game you never played,JaidenAnimations,46508689,2.09,https://www.youtube.com/watch?v=jJNgocrAbKA,https://i.ytimg.com/vi/jJNgocrAbKA/maxresdefault.jpg
forced,forced me to cry,My Parents FORCED Me To Cry Because My Tears Are MONEY,Story Time Animated,4953000,6.52,https://www.youtube.com/watch?v=JGCDhqapqUA,https://i.ytimg.com/vi/JGCDhqapqUA/maxresdefault.jpg
forced,forced to eat beef,Vegetarian FORCED to Eat BEEF! Gets REVENGE... | SAMEER BHAVNANI,Sameer Bhavnani,2098300,3.85,https://www.youtube.com/watch?v=TIR6GJfuxB8,https://i.ytimg.com/vi/TIR6GJfuxB8/maxresdefault.jpg
forced,forced to steal,FASTEST TEEN Forced To Steal and Run From Cops! | Dhar Mann Studios,Dhar Mann Studios,18107611,3.39,https://www.youtube.com/watch?v=8eyV196Tj_U,https://i.ytimg.com/vi/8eyV196Tj_U/maxresdefault.jpg
forced,forced to hide,My Voice Is BEAUTIFUL But I’m Forced To HIDE My Face,Story Time Animated,2169017,2.85,https://www.youtube.com/watch?v=TG-E18wwo1Y,https://i.ytimg.com/vi/TG-E18wwo1Y/maxresdefault.jpg
forced,forced to wear swimsuits,Waitresses Forced To Wear Swimsuits | @DramatizeMe,DramatizeMe,2128060,2.58,https://www.youtube.com/watch?v=KdTjVqTEbAI,https://i.ytimg.com/vi/KdTjVqTEbAI/maxresdefault.jpg
forced,forced to abandon disabled,Wife Is Forced To Abandon Disabled Husband | @DramatizeMe,DramatizeMe,1746603,2.12,https://www.youtube.com/watch?v=EUldYSBwur8,https://i.ytimg.com/vi/EUldYSBwur8/maxresdefault.jpg
meets,meets stranger,"Layla Meets STRANGER, What happens is surprising! Full Movie | THE BEAST FAMILY",The Beast Family,7293637,5.72,https://www.youtube.com/watch?v=duQs_XQyzCY,https://i.ytimg.com/vi/duQs_XQyzCY/maxresdefault.jpg
meets,meets girlfriend's rich dad,"POOR Janitor Meets Girlfriend's RICH DAD, What Janitor Does Is Shocking | Illumeably",Illumeably,2651578,4.5,https://www.youtube.com/watch?v=lmj4WZK8ZoI,https://i.ytimg.com/vi/lmj4WZK8ZoI/maxresdefault.jpg
meets,meets kidnapper,9 Year Old RUNS AWAY From Home..... MEETS KIDNAPPER!!!!!,Life Lessons With Luis,8361157,4.36,https://www.youtube.com/watch?v=t721REXlTj0,https://i.ytimg.com/vi/t721REXlTj0/maxresdefault.jpg
meets,meets kidnapper surprise ending,9 YEAR OLD Girl Meets KIDNAPPER!!! Surprise ENDING!!!!,Life Lessons With Luis,5295600,2.76,https://www.youtube.com/watch?v=0Z3CLkojZs4,https://i.ytimg.com/vi/0Z3CLkojZs4/maxresdefault.jpg
meets,meets drunk driver,Father Meets DRUNK DRIVER who KILLED his Son!!!!! You WON'T Believe What he Does Next,Life Lessons With Luis,4263759,2.22,https://www.youtube.com/watch?v=drPo7fGzerI,https://i.ytimg.com/vi/drPo7fGzerI/maxresdefault.jpg
catches,catches kids eating,Karen Catches Kids Eating TOO MUCH CANDY after Spring Break. What will Happen?,Totally Studios,7583530,5.38,https://www.youtube.com/watch?v=j-ReJNyxSiw,https://i.ytimg.com/vi/j-ReJNyxSiw/maxresdefault.jpg
catches,catches boyfriend in bed,"Woman Catches Boyfriend In Bed with Her Mom, End Will Shock You.",Vid Chronicles,738855,3.38,https://www.youtube.com/watch?v=bX4wVdZqQEo,https://i.ytimg.com/vi/bX4wVdZqQEo/maxresdefault.jpg
catches,catches husband cheating,"Wife Catches Husband Cheating With His Homeboy, Watch What Happens.",Vid Chronicles,597569,2.73,https://www.youtube.com/watch?v=9R4AslWAliU,https://i.ytimg.com/vi/9R4AslWAliU/maxresdefault.jpg
catches,catches bad babysitter,"MOM CATCHES BAD BABYSITTER, What Happens Next Is Shocking | THE BEAST FAMILY",The Beast Family,3435020,2.69,https://www.youtube.com/watch?v=YQNZWZYihao,https://i.ytimg.com/vi/YQNZWZYihao/maxresdefault.jpg
catches,catches girlfriend cheating,Uber Driver Catches Girlfriend CHEATING! She Lives to Regret It... | Sameer Bhavnani,Sameer Bhavnani,1304005,2.39,https://www.youtube.com/watch?v=rWnQOWY3g_g,https://i.ytimg.com/vi/rWnQOWY3g_g/maxresdefault.jpg
catches,catches dad grandma,"Son CATCHES Dad With GRANDMA, What Happens Is Shocking | Illumeably",Illumeably,1328179,2.25,https://www.youtube.com/watch?v=czQyC1Uy4q4,https://i.ytimg.com/vi/czQyC1Uy4q4/maxresdefault.jpg
eating,eating only gas station,Eating Only GAS STATION FOOD for 24 Hours!! 🤮,The Royalty Family,73917008,4.35,https://www.youtube.com/watch?v=UtcJZnyFTQE,https://i.ytimg.com/vi/UtcJZnyFTQE/maxresdefault.jpg
eating,eating only gas station,EATING ONLY GAS STATION FOOD FOR 24 HOURS!!,Stokes Twins,123245663,2.4,https://www.youtube.com/watch?v=ZDLp9jX6DYQ,https://i.ytimg.com/vi/ZDLp9jX6DYQ/maxresdefault.jpg
eating,eating too much candy,Karen Catches Kids Eating TOO MUCH CANDY after Spring Break. What will Happen?,Totally Studios,7583530,5.38,https://www.youtube.com/watch?v=j-ReJNyxSiw,https://i.ytimg.com/vi/j-ReJNyxSiw/maxresdefault.jpg
eating,eating 7 11 food,Eating 7-11 Food ONLY for a Day! 🍕🌭,The Royalty Family,63830451,3.75,https://www.youtube.com/watch?v=n0vB3GlGJts,https://i.ytimg.com/vi/n0vB3GlGJts/maxresdefault.jpg
eating,eating 100 years,Eating 100 Years of School Lunches!,Stokes Twins,186444192,3.63,https://www.youtube.com/watch?v=41tkMAUJr8k,https://i.ytimg.com/vi/41tkMAUJr8k/maxresdefault.jpg
eating,eating worlds spiciest,EATING The Worlds Spiciest Vs Sourest Foods!,The Royalty Family,40797489,2.4,https://www.youtube.com/watch?v=An3uh5ZuAQs,https://i.ytimg.com/vi/An3uh5ZuAQs/maxresdefault.jpg
eating,eating only ikea food,Eating Only iKEA FOOD For 24 HOURS!!,The Royalty Family,36810499,2.16,https://www.youtube.com/watch?v=0qCV27FtA9M,https://i.ytimg.com/vi/0qCV27FtA9M/maxresdefault.jpg
eating,eating world's heaviest,Eating The World's HEAVIEST Man’s Daily Diet!,Stokes Twins,107529239,2.1,https://www.youtube.com/watch?v=wTnp74TnRjQ,https://i.ytimg.com/vi/wTnp74TnRjQ/maxresdefault.jpg
eating,eating only one color,Eating Only ONE COLOR Food for 24 Hours!,Stokes Twins,107325018,2.09,https://www.youtube.com/watch?v=nGTYZRs0ljw,https://i.ytimg.com/vi/nGTYZRs0ljw/maxresdefault.jpg
love,love,Homeless Woman REJECTS Billionaire's LOVE! | SAMEER BHAVNANI,Sameer Bhavnani,1353291,2.48,https://www.youtube.com/watch?v=hKFXh2wpt8M,https://i.ytimg.com/vi/hKFXh2wpt8M/maxresdefault.jpg
love,love,My Bestie’s Boyfriend Fell In Love With Me,MSA,33826207,2.17,https://www.youtube.com/watch?v=IeZSoXk5uqg,https://i.ytimg.com/vi/IeZSoXk5uqg/maxresdefault.jpg
love,love homeless girl,Billionaire FALLS IN LOVE with Homeless Girl! MUST SEE ENDING! Ft. FREIDA PINTO | SAMEER BHAVNANI,Sameer Bhavnani,3541373,6.5,https://www.youtube.com/watch?v=B-EkPM0u92s,https://i.ytimg.com/vi/B-EkPM0u92s/maxresdefault.jpg
love,love ending,NERD and POPULAR GIRL FALL IN LOVE. The Ending is a Shock. Totally Studios.,Totally Studios,3513465,2.49,https://www.youtube.com/watch?v=_q4jer_2AZo,https://i.ytimg.com/vi/_q4jer_2AZo/maxresdefault.jpg
love,love victim,"CON ARTIST Falls IN LOVE With Victim, What Happens Is Shocking | Illumeably",Illumeably,1357184,2.3,https://www.youtube.com/watch?v=zco1YZnALUI,https://i.ytimg.com/vi/zco1YZnALUI/maxresdefault.jpg
love,love bf,I Fell In Love With BF’s Bodyguard,MSA,35592614,2.28,https://www.youtube.com/watch?v=FTT09r24NLU,https://i.ytimg.com/vi/FTT09r24NLU/maxresdefault.jpg
love,love in virtual reality,LONELY TEEN Finds Love In VIRTUAL REALITY | Dhar Mann Studios,Dhar Mann Studios,11586296,2.17,https://www.youtube.com/watch?v=77v4yQmzdnM,https://i.ytimg.com/vi/77v4yQmzdnM/maxresdefault.jpg
expensive,expensive airline,I Tried Every Seat on the Most Expensive Airline,Ryan Trahan,70237408,6.96,https://www.youtube.com/watch?v=ymvjfu_Hm_8,https://i.ytimg.com/vi/ymvjfu_Hm_8/maxresdefault.jpg
expensive,expensive amazon products,I Bought The Most EXPENSIVE Amazon Products!,Ben Azelart,101658078,3.61,https://www.youtube.com/watch?v=iOlVRDQHSPc,https://i.ytimg.com/vi/iOlVRDQHSPc/maxresdefault.jpg
expensive,expensive train,I Tried Every Seat on the Most Expensive Train,Ryan Trahan,34608747,3.43,https://www.youtube.com/watch?v=Ye-VZFF0qLE,https://i.ytimg.com/vi/Ye-VZFF0qLE/maxresdefault.jpg
expensive,expensive item,I Tried Every Drive Thrus Most Expensive Item,Ryan Trahan,30856749,3.06,https://www.youtube.com/watch?v=sWartg-GwpM,https://i.ytimg.com/vi/sWartg-GwpM/maxresdefault.jpg
expensive,expensive cruise,I Tried Every Room on the Most Expensive Cruise,Ryan Trahan,29234198,2.9,https://www.youtube.com/watch?v=z2SPBQMrye8,https://i.ytimg.com/vi/z2SPBQMrye8/maxresdefault.jpg
expensive,expensive nike shoes,Angry Karen Steals Teenager's Expensive Nike Shoes. Then This Happens,SoulSnack,1695869,2.69,https://www.youtube.com/watch?v=s6i00YEQklA,https://i.ytimg.com/vi/s6i00YEQklA/maxresdefault.jpg
expensive,expensive bike,Angry Karen Sells Her Ex Boyfriends Expensive Bike After He Dumps Her. Then This Happens,SoulSnack,1289072,2.05,https://www.youtube.com/watch?v=X-FYy7Ag5B4,https://i.ytimg.com/vi/X-FYy7Ag5B4/maxresdefault.jpg
win,win 500 000,"Survive 100 Days Trapped, Win $500,000",MrBeast,475456299,3.15,https://www.youtube.com/watch?v=9RhWXPcKBI8,https://i.ytimg.com/vi/9RhWXPcKBI8/maxresdefault.jpg
win,win 500 000,"Survive 100 Days In Circle, Win $500,000",MrBeast,431760421,2.86,https://www.youtube.com/watch?v=gHzuabZUd6c,https://i.ytimg.com/vi/gHzuabZUd6c/maxresdefault.jpg
win,win 500 000,"Survive 100 Days In Nuclear Bunker, Win $500,000",MrBeast,367213593,2.43,https://www.youtube.com/watch?v=UPrkC1LdlLY,https://i.ytimg.com/vi/UPrkC1LdlLY/maxresdefault.jpg
win,win 800 000,"Face Your Biggest Fear To Win $800,000",MrBeast,412815855,2.74,https://www.youtube.com/watch?v=KOEfDvr4DcQ,https://i.ytimg.com/vi/KOEfDvr4DcQ/maxresdefault.jpg
win,win or fail prize,EXTREME WIN or FAIL PRIZE DROP!,Unspeakable,32909722,2.68,https://www.youtube.com/watch?v=dBm_Fh27I4o,https://i.ytimg.com/vi/dBm_Fh27I4o/maxresdefault.jpg
win,win 1 000 000,"Beat Ronaldo, Win $1,000,000",MrBeast,401669772,2.66,https://www.youtube.com/watch?v=0BjlBnfHcHM,https://i.ytimg.com/vi/0BjlBnfHcHM/maxresdefault.jpg
win,win 100 000,"Press This Button To Win $100,000!",MrBeast,371871820,2.46,https://www.youtube.com/watch?v=GLoeAJUcz38,https://i.ytimg.com/vi/GLoeAJUcz38/maxresdefault.jpg
win,win giant sumo battle,Can Coby FINALLY Win? GIANT SUMO BATTLE,Dude Perfect,98804688,2.01,https://www.youtube.com/watch?v=th2T6rygqNU,https://i.ytimg.com/vi/th2T6rygqNU/maxresdefault.jpg
edition,edition,RC Edition | Dude Perfect,Dude Perfect,250101165,5.08,https://www.youtube.com/watch?v=ym9E1YG3_QQ,https://i.ytimg.com/vi/ym9E1YG3_QQ/maxresdefault.jpg
edition,edition,Top 5 Bingeable SCARY STORIES • FOREST HORROR Edition,MrBallen,11723229,4.39,https://www.youtube.com/watch?v=EEJcCYmCVWM,https://i.ytimg.com/vi/EEJcCYmCVWM/maxresdefault.jpg
edition,edition,Top 4 Bingeable SCARY STORIES • Terrifying Encounters Edition,MrBallen,8841643,3.31,https://www.youtube.com/watch?v=RzW0QsAPOQY,https://i.ytimg.com/vi/RzW0QsAPOQY/maxresdefault.jpg
edition,edition,World Record Edition | Dude Perfect,Dude Perfect,127456039,2.59,https://www.youtube.com/watch?v=gm2_6DX_0Bw,https://i.ytimg.com/vi/gm2_6DX_0Bw/maxresdefault.jpg
edition,edition,Water Bottle Flip Edition | Dude Perfect,Dude Perfect,124720544,2.53,https://www.youtube.com/watch?v=P8V_bx0L4RY,https://i.ytimg.com/vi/P8V_bx0L4RY/maxresdefault.jpg
edition,edition,Top 5 Bingeable SCARY STORIES • MISSING Persons Edition,MrBallen,5749930,2.15,https://www.youtube.com/watch?v=hwtXGiWSkQY,https://i.ytimg.com/vi/hwtXGiWSkQY/hqdefault.jpg
edition,edition,Top 5 Bingeable SCARY STORIES • NIGHTMARE FUEL Edition,MrBallen,5681606,2.13,https://www.youtube.com/watch?v=CBPYXcxyAOg,https://i.ytimg.com/vi/CBPYXcxyAOg/maxresdefault.jpg
edition,edition,TOP 5 Bingeable SCARY STORIES • Sick Minds Edition,MrBallen,5611317,2.1,https://www.youtube.com/watch?v=GyljYbQiGj8,https://i.ytimg.com/vi/GyljYbQiGj8/maxresdefault.jpg
edition,edition mature audiences,Top 5 Bingeable SCARY STORIES • STRANGEST of the Strange Edition (*MATURE AUDIENCES*),MrBallen,8623375,3.23,https://www.youtube.com/watch?v=Z_jD-95RhWo,https://i.ytimg.com/vi/Z_jD-95RhWo/maxresdefault.jpg
edition,edition vol 1,Top 5 Bingeable SCARY STORIES • PLACES You Can't Go Edition Vol. 1,MrBallen,5381721,2.01,https://www.youtube.com/watch?v=kYnAoco4Fbo,https://i.ytimg.com/vi/kYnAoco4Fbo/maxresdefault.jpg
bought,bought most expensive,I Bought The Most EXPENSIVE Amazon Products!,Ben Azelart,101658078,3.61,https://www.youtube.com/watch?v=iOlVRDQHSPc,https://i.ytimg.com/vi/iOlVRDQHSPc/maxresdefault.jpg
bought,bought 250 discontinued products,I Bought 250 DISCONTINUED Products From Our Childhood!,Stokes Twins,153290371,2.99,https://www.youtube.com/watch?v=Wny9C18HuHs,https://i.ytimg.com/vi/Wny9C18HuHs/maxresdefault.jpg
bought,bought 100 scam ads,I Actually Bought 100 Scam Ads,Ryan Trahan,27385468,2.71,https://www.youtube.com/watch?v=jmBRWyZJ4p4,https://i.ytimg.com/vi/jmBRWyZJ4p4/maxresdefault.jpg
bought,bought 1 000 cursed,"I Bought 1,000 Cursed Amazon Products!",Stokes Twins,133225398,2.6,https://www.youtube.com/watch?v=MskUZ6E4n9Y,https://i.ytimg.com/vi/MskUZ6E4n9Y/maxresdefault.jpg
bought,bought 100 discontinued products,I Bought 100 DISCONTINUED Products From Our Childhood!,Stokes Twins,133216306,2.6,https://www.youtube.com/watch?v=dXmWjV1eAXQ,https://i.ytimg.com/vi/dXmWjV1eAXQ/maxresdefault.jpg
bought,bought 100 cursed amazon,I Bought 100 CURSED Amazon Products!,Stokes Twins,120792914,2.35,https://www.youtube.com/watch?v=6iKJZqDSPGc,https://i.ytimg.com/vi/6iKJZqDSPGc/maxresdefault.jpg
bought,bought world's largest,"I Bought The World's Largest Mystery Box! ($500,000)",MrBeast,311506787,2.06,https://www.youtube.com/watch?v=ayXxwJJId_c,https://i.ytimg.com/vi/ayXxwJJId_c/maxresdefault.jpg
days,days,365 PRANKS IN 365 DAYS!!,Stokes Twins,169178863,3.3,https://www.youtube.com/watch?v=5ZX_eypUHns,https://i.ytimg.com/vi/5ZX_eypUHns/maxresdefault.jpg
days,days,I Survived On $0.01 For 30 Days,Ryan Trahan,31047954,3.08,https://www.youtube.com/watch?v=JEqi3VVLYkg,https://i.ytimg.com/vi/JEqi3VVLYkg/maxresdefault.jpg
days,days,I spent all my dad money in 33 days,MSA,31403819,2.01,https://www.youtube.com/watch?v=-RnJvd75MoM,https://i.ytimg.com/vi/-RnJvd75MoM/maxresdefault.jpg
days,days stranded,7 Days Stranded On An Island,MrBeast,522215402,3.46,https://www.youtube.com/watch?v=erLbbextvlY,https://i.ytimg.com/vi/erLbbextvlY/maxresdefault.jpg
days,days stranded at sea,7 Days Stranded At Sea,MrBeast,444923458,2.95,https://www.youtube.com/watch?v=yhB3BgJyGl8,https://i.ytimg.com/vi/yhB3BgJyGl8/maxresdefault.jpg
days,days in an abandoned,I Survived 7 Days In An Abandoned City,MrBeast,373294578,2.47,https://www.youtube.com/watch?v=tWYsfOSY9vY,https://i.ytimg.com/vi/tWYsfOSY9vY/maxresdefault.jpg
hide,hide face,Husband Forces Pretty Wife to HIDE FACE,Illumeably,2556999,4.34,https://www.youtube.com/watch?v=vl-bS06PkTs,https://i.ytimg.com/vi/vl-bS06PkTs/maxresdefault.jpg
hide,hide from his mean,He Built A SECRET GAMING ROOM To Hide From His MEAN MOM! (A Roblox Movie),ShanePlays 2,10016462,4.12,https://www.youtube.com/watch?v=Inmc6ZpG-BY,https://i.ytimg.com/vi/Inmc6ZpG-BY/maxresdefault.jpg
hide,hide my face,My Voice Is BEAUTIFUL But I’m Forced To HIDE My Face,Story Time Animated,2169017,2.85,https://www.youtube.com/watch?v=TG-E18wwo1Y,https://i.ytimg.com/vi/TG-E18wwo1Y/maxresdefault.jpg
hide,hide,"If the Sky Goes Dark in the Middle of the Day, HIDE!!",Dr. NoSleep Podcast,43908,2.4,https://www.youtube.com/watch?v=AUqdGPQaEW8,https://i.ytimg.com/vi/AUqdGPQaEW8/maxresdefault.jpg
hide,hide identity ft anna,Cheerleader WEARS MASK To Hide Identity Ft. Anna McNulty | Dhar Mann Studios,Dhar Mann Studios,11143965,2.09,https://www.youtube.com/watch?v=omRUZSAf3Z4,https://i.ytimg.com/vi/omRUZSAf3Z4/maxresdefault.jpg
hide,hide a horrifying secret,The Martian Dunes Hide a Horrifying Secret,Dr. NoSleep Podcast,36728,2.0,https://www.youtube.com/watch?v=Xxo-mb3g2Kw,https://i.ytimg.com/vi/Xxo-mb3g2Kw/maxresdefault.jpg
lesson,lesson,Siblings Won’t Get Along but Learns Their Lesson | The Beast Family,The Beast Family,8055541,6.31,https://www.youtube.com/watch?v=IN_29IlMAIU,https://i.ytimg.com/vi/IN_29IlMAIU/maxresdefault.jpg
lesson,lesson,"SIBLINGS go to Swimming Pool without PARENTS, They Learn Their Lesson | The Beast Family",The Beast Family,4842823,3.8,https://www.youtube.com/watch?v=orHomI4YsW0,https://i.ytimg.com/vi/orHomI4YsW0/maxresdefault.jpg
lesson,lesson scripted drama,Employee Does Wrong and Learns a Lesson | Scripted Drama,Sameer Bhavnani,8581060,15.76,https://www.youtube.com/watch?v=ZBjbVNIyK9g,https://i.ytimg.com/vi/ZBjbVNIyK9g/maxresdefault.jpg
lesson,lesson in karma,Rude Karen's Son Saved From Choking by Kind Black Waiter. Lesson In Karma,SoulSnack,1612631,2.56,https://www.youtube.com/watch?v=OGmh48PSAb8,https://i.ytimg.com/vi/OGmh48PSAb8/maxresdefault.jpg
instantly regrets,instantly regrets,"Husband Abuses His Wife, He Instantly Regrets It.",Vid Chronicles,1053175,4.82,https://www.youtube.com/watch?v=dWbH1zI687I,https://i.ytimg.com/vi/dWbH1zI687I/maxresdefault.jpg
instantly regrets,instantly regrets,"Jealous Girl DESTROYS BROTHERS BIRTHDAY, Instantly Regrets It | THE BEAST FAMILY",The Beast Family,5902083,4.63,https://www.youtube.com/watch?v=gVunRmNXxqc,https://i.ytimg.com/vi/gVunRmNXxqc/maxresdefault.jpg
instantly regrets,instantly regrets,"Crazy Mother Poisons, Instantly Regrets It... | Sameer Bhavnani",Sameer Bhavnani,2211144,4.06,https://www.youtube.com/watch?v=cOmo0pB0sgg,https://i.ytimg.com/vi/cOmo0pB0sgg/maxresdefault.jpg
instantly regrets,instantly regrets,"Gold Digger STUCK with $30,000 BILL! Instantly Regrets It...| SAMEER BHAVNANI #BMWi8 #GoldDigger",Sameer Bhavnani,1456143,2.67,https://www.youtube.com/watch?v=qq8O4svsIQ0,https://i.ytimg.com/vi/qq8O4svsIQ0/maxresdefault.jpg
instantly regrets,instantly regrets,"Father Beats Son For Peeing Himself, He Instantly Regrets It.",Vid Chronicles,575803,2.63,https://www.youtube.com/watch?v=bI8TKHOvjzU,https://i.ytimg.com/vi/bI8TKHOvjzU/maxresdefault.jpg
instantly regrets,instantly regrets,"Father Slaps TikToker Boyfriend, Instantly Regrets It! | Sameer Bhavnani",Sameer Bhavnani,1095879,2.01,https://www.youtube.com/watch?v=RQbNBN2pQkE,https://i.ytimg.com/vi/RQbNBN2pQkE/maxresdefault.jpg
trick shots,trick shots,Real Life Trick Shots 2 | Dude Perfect,Dude Perfect,333832912,6.77,https://www.youtube.com/watch?v=VRJmcxCrAOA,https://i.ytimg.com/vi/VRJmcxCrAOA/maxresdefault.jpg
trick shots,trick shots,Airplane Trick Shots | Dude Perfect,Dude Perfect,259559757,5.27,https://www.youtube.com/watch?v=8IQbF0IK-f4,https://i.ytimg.com/vi/8IQbF0IK-f4/maxresdefault.jpg
trick shots,trick shots,Real Life Trick Shots | Dude Perfect,Dude Perfect,254375329,5.16,https://www.youtube.com/watch?v=A2FsgKoGD04,https://i.ytimg.com/vi/A2FsgKoGD04/maxresdefault.jpg
trick shots,trick shots,10 Spin Tower! Fidget Spinner Trick Shots,Dude Perfect,183929565,3.73,https://www.youtube.com/watch?v=3J6o7hcm8bE,https://i.ytimg.com/vi/3J6o7hcm8bE/maxresdefault.jpg
trick shots,trick shots,Card Throwing Trick Shots | Dude Perfect,Dude Perfect,183459926,3.72,https://www.youtube.com/watch?v=TvNTcB6c-V8,https://i.ytimg.com/vi/TvNTcB6c-V8/maxresdefault.jpg
trick shots,trick shots,Boomerang Trick Shots | Dude Perfect,Dude Perfect,118856474,2.41,https://www.youtube.com/watch?v=S9KxqRUcnCU,https://i.ytimg.com/vi/S9KxqRUcnCU/maxresdefault.jpg
trick shots,trick shots,"Water Skip, Bucket Head NERF Trick Shots!",Dude Perfect,117514002,2.38,https://www.youtube.com/watch?v=f9jhWFKV3u0,https://i.ytimg.com/vi/f9jhWFKV3u0/hqdefault.jpg
trick shots,trick shots,Football vs Soccer Trick Shots | Dude Perfect,Dude Perfect,109990409,2.23,https://www.youtube.com/watch?v=qZHycHI3F1Q,https://i.ytimg.com/vi/qZHycHI3F1Q/maxresdefault.jpg
neighbor,neighbor rescued,A Neighbor Rescued From an Abduction | Scripted Drama,Sameer Bhavnani,4550561,8.36,https://www.youtube.com/watch?v=h6O7cpxbI58,https://i.ytimg.com/vi/h6O7cpxbI58/maxresdefault.jpg
neighbor,neighbor moving out claims,Crazy Karen Calls Cops on Black Neighbor Moving Out. Claims He's a thief. Then This Happens,SoulSnack,1901497,3.02,https://www.youtube.com/watch?v=hcbZoBq1Kz8,https://i.ytimg.com/vi/hcbZoBq1Kz8/maxresdefault.jpg
neighbor,neighbor,3 True Neighbor Horror Stories,Mr. Nightmare,8894897,2.92,https://www.youtube.com/watch?v=xGC9jmEGxnI,https://i.ytimg.com/vi/xGC9jmEGxnI/hqdefault.jpg
neighbor,neighbor knocks every night,"The New Neighbor Knocks Every Night at 3 AM, He Doesn't Want to Come In",Dr. NoSleep Podcast,50612,2.76,https://www.youtube.com/watch?v=ncge7b7tJOk,https://i.ytimg.com/vi/ncge7b7tJOk/maxresdefault.jpg
neighbor,neighbor karen calls police,Racist Neighbor Karen Calls Police on Black Realtor and Black Client,SoulSnack,1605826,2.55,https://www.youtube.com/watch?v=EDOWXV14OAc,https://i.ytimg.com/vi/EDOWXV14OAc/maxresdefault.jpg
neighbor,neighbor calls cops,Racist Neighbor Calls Cops on Two Black Children,SoulSnack,1595493,2.53,https://www.youtube.com/watch?v=QZtUTu3gcNg,https://i.ytimg.com/vi/QZtUTu3gcNg/maxresdefault.jpg
conspiracy,conspiracy,3 DARK CARTOON CONSPIRACY STORIES ANIMATED,Horror Shorts Party,22320817,24.48,https://www.youtube.com/watch?v=LC-mc-fm3Ak,https://i.ytimg.com/vi/LC-mc-fm3Ak/maxresdefault.jpg
conspiracy,conspiracy,3 Toy Story Conspiracy Stories Animated,IMR Scary Tales,1838225,5.24,https://www.youtube.com/watch?v=ZssuqnKwp7I,https://i.ytimg.com/vi/ZssuqnKwp7I/maxresdefault.jpg
conspiracy,conspiracy,3 TOY STORY CONSPIRACY STORIES ANIMATED,Horror Shorts Party,3988252,4.37,https://www.youtube.com/watch?v=0GJ9rrjcC2w,https://i.ytimg.com/vi/0GJ9rrjcC2w/maxresdefault.jpg
conspiracy,conspiracy theories that turned,Conspiracy Theories That Turned Out to Be True,Chilling Scares,7202183,2.21,https://www.youtube.com/watch?v=ONAK-CQVXYE,https://i.ytimg.com/vi/ONAK-CQVXYE/maxresdefault.jpg
work,work on an oil,I Work on an Oil Rig in the North Sea That Doesn't Officially Exist,Dr. NoSleep Podcast,187619,10.23,https://www.youtube.com/watch?v=TG3qPwr0X38,https://i.ytimg.com/vi/TG3qPwr0X38/maxresdefault.jpg
work,work jay's world s3,Kid BUILDS SECRET NIGHTCLUB At Mom's Work - Jay's World S3 E02 | Dhar Mann Studios,Dhar Mann Studios,13853735,2.6,https://www.youtube.com/watch?v=LiYjZ_GMIKI,https://i.ytimg.com/vi/LiYjZ_GMIKI/maxresdefault.jpg
work,work stories sooubway,Work Stories (sooubway),TheOdd1sOut,98202632,2.35,https://www.youtube.com/watch?v=cV542dRK3uk,https://i.ytimg.com/vi/cV542dRK3uk/maxresdefault.jpg
work,work graveyard shift,"I Work The Graveyard Shift At A Gas Station, The Same Car Has Been Here For Years",Dr. NoSleep Podcast,42352,2.31,https://www.youtube.com/watch?v=0UtcuW0KtlU,https://i.ytimg.com/vi/0UtcuW0KtlU/maxresdefault.jpg
work,work in a prison,I Work in a Prison for Vampires. I Interviewed a True Original.,Dr. NoSleep Podcast,41492,2.26,https://www.youtube.com/watch?v=8m4l014RXNY,https://i.ytimg.com/vi/8m4l014RXNY/maxresdefault.jpg
work,work,I Tested Amazon MINI Products that Actually Work,The Royalty Family,36987014,2.18,https://www.youtube.com/watch?v=jTW3Yi8o1XU,https://i.ytimg.com/vi/jTW3Yi8o1XU/maxresdefault.jpg
work,work in a morgue,"I Work In A Morgue, Last Night The Dead Started Whispering",Dr. NoSleep Podcast,37748,2.06,https://www.youtube.com/watch?v=2ZQn0ZILzd8,https://i.ytimg.com/vi/2ZQn0ZILzd8/maxresdefault.jpg
growing,growing up famous,Growing Up FAMOUS! (A Roblox Movie),ShanePlays 2,9407631,3.87,https://www.youtube.com/watch?v=63n9PP_hFaI,https://i.ytimg.com/vi/63n9PP_hFaI/maxresdefault.jpg
growing,growing,I Can’t Stop Growing and It’s Ruining My Life!,Story Time Animated,2152712,2.83,https://www.youtube.com/watch?v=QQIqh5C6Iqk,https://i.ytimg.com/vi/QQIqh5C6Iqk/maxresdefault.jpg
growing,growing up strict,growing up with STRICT PARENTS,Socks Animations ,17049828,2.82,https://www.youtube.com/watch?v=GQYddnarWnY,https://i.ytimg.com/vi/GQYddnarWnY/maxresdefault.jpg
growing,growing up asian,Growing Up Asian,Domics,17274694,2.57,https://www.youtube.com/watch?v=lHdUFJCkAfQ,https://i.ytimg.com/vi/lHdUFJCkAfQ/maxresdefault.jpg
growing,growing up without cable,Growing up Without Cable,TheOdd1sOut,89863788,2.15,https://www.youtube.com/watch?v=sucKPk0znbM,https://i.ytimg.com/vi/sucKPk0znbM/maxresdefault.jpg
filled,filled my island house,I FILLED MY ISLAND HOUSE WITH PACKING PEANUTS!,Unspeakable,103391067,8.41,https://www.youtube.com/watch?v=Y3sj_v62dpc,https://i.ytimg.com/vi/Y3sj_v62dpc/maxresdefault.jpg
filled,filled my island house,I FILLED MY ISLAND HOUSE WITH BALL PIT BALLS!,Unspeakable,46067404,3.75,https://www.youtube.com/watch?v=E1wBTSIajBc,https://i.ytimg.com/vi/E1wBTSIajBc/maxresdefault.jpg
filled,filled my entire house,I FILLED MY ENTIRE HOUSE WITH PACKING PEANUTS!,Ben Azelart,139141261,4.95,https://www.youtube.com/watch?v=GGBO7rsdllA,https://i.ytimg.com/vi/GGBO7rsdllA/maxresdefault.jpg
filled,filled my entire house,I Filled my ENTIRE House with Snow *don’t try this*,The Royalty Family,38557239,2.27,https://www.youtube.com/watch?v=jIvVbyHl8eA,https://i.ytimg.com/vi/jIvVbyHl8eA/maxresdefault.jpg
filled,filled my house,I FILLED MY HOUSE WITH REAL SLIME!,Unspeakable,29097894,2.37,https://www.youtube.com/watch?v=m18jYej7doE,https://i.ytimg.com/vi/m18jYej7doE/maxresdefault.jpg
boy,boy,Racist Cop Arrests 7 Year Old Black Boy. Then This Happens,SoulSnack,1428271,2.27,https://www.youtube.com/watch?v=dr72I2Nd5fM,https://i.ytimg.com/vi/dr72I2Nd5fM/maxresdefault.jpg
boy,boy,The New Hot Boy Won't Leave Me Alone,MSA,34910383,2.24,https://www.youtube.com/watch?v=wJJPA04fNhs,https://i.ytimg.com/vi/wJJPA04fNhs/maxresdefault.jpg
boy,boy hides his face,Boy HIDES HIS FACE After Crush Calls Him UGLY,Illumeably,2864453,4.86,https://www.youtube.com/watch?v=1hEGX_MObhc,https://i.ytimg.com/vi/1hEGX_MObhc/maxresdefault.jpg
boy,boy is obsessed,A Billionaire Mafia Boy is Obsessed with Me,MSA,48839846,3.13,https://www.youtube.com/watch?v=_tXe2EZcvaA,https://i.ytimg.com/vi/_tXe2EZcvaA/maxresdefault.jpg
boy,boy escapes toxic home,Boy Escapes Toxic Home Becomes Millionaire | Vid Chronicles,Vid Chronicles,517773,2.37,https://www.youtube.com/watch?v=cjP3zhIQJJc,https://i.ytimg.com/vi/cjP3zhIQJJc/maxresdefault.jpg
boy,boy becomes handsome overnight,Ugly Boy Becomes Handsome Overnight | Alan’s Universe,Alan's Universe,68041981,2.06,https://www.youtube.com/watch?v=hPIcEynU2Xk,https://i.ytimg.com/vi/hPIcEynU2Xk/maxresdefault.jpg
hot,hot best friend,Dad Disciplines His HOT Best Friend! | SAMEER BHAVNANI,Sameer Bhavnani,6083050,11.17,https://www.youtube.com/watch?v=3UY44TCVdwU,https://i.ytimg.com/vi/3UY44TCVdwU/maxresdefault.jpg
hot,hot girl best friend,"Boyfriend Has Hot Girl Best Friend, What He Does Is Shocking | Sameer Bhavnani",Sameer Bhavnani,2073454,3.81,https://www.youtube.com/watch?v=OunPevT4HKE,https://i.ytimg.com/vi/OunPevT4HKE/maxresdefault.jpg
hot,hot tub,3 TRUE HOT TUB HORROR STORIES ANIMATED,Horror Shorts Party,2899169,3.18,https://www.youtube.com/watch?v=GvHMOlzztJQ,https://i.ytimg.com/vi/GvHMOlzztJQ/maxresdefault.jpg
hot,hot chick he lives,"Guy Leaves Girlfriend For ""HOT CHICK"", He Lives To Regret It.",Vid Chronicles,627366,2.87,https://www.youtube.com/watch?v=_J7dkjPu1Dc,https://i.ytimg.com/vi/_J7dkjPu1Dc/maxresdefault.jpg
hot,hot boy,The New Hot Boy Won't Leave Me Alone,MSA,34910383,2.24,https://www.youtube.com/watch?v=wJJPA04fNhs,https://i.ytimg.com/vi/wJJPA04fNhs/maxresdefault.jpg
person,person,I Survived 50 Hours in 3rd Person,Ryan Trahan,26888795,2.66,https://www.youtube.com/watch?v=XEm8McxpGeg,https://i.ytimg.com/vi/XEm8McxpGeg/maxresdefault.jpg
person,person,6 Americans vs 1 Secret British Person,Beta Squad,24002499,2.29,https://www.youtube.com/watch?v=xQUwmtSXLuo,https://i.ytimg.com/vi/xQUwmtSXLuo/maxresdefault.jpg
person,person,6 Short People vs 1 Secret Tall Person,Beta Squad,21261643,2.03,https://www.youtube.com/watch?v=KSQWkAmnTWo,https://i.ytimg.com/vi/KSQWkAmnTWo/maxresdefault.jpg
person,person ft ksi,GUESS THE BLACK PERSON FT KSI,Beta Squad,37824222,3.61,https://www.youtube.com/watch?v=xYQ28eu35gI,https://i.ytimg.com/vi/xYQ28eu35gI/maxresdefault.jpg
person,person finale,6 White People Vs 1 Secret Black Person (FINALE),Beta Squad,23736105,2.27,https://www.youtube.com/watch?v=bXP_BIrF3Ak,https://i.ytimg.com/vi/bXP_BIrF3Ak/maxresdefault.jpg
person,person crosses line,A Trusted Person Crosses the Line | Scripted Drama,Sameer Bhavnani,1180138,2.17,https://www.youtube.com/watch?v=CrrUTuEosB8,https://i.ytimg.com/vi/CrrUTuEosB8/maxresdefault.jpg
person,person cases top 3,Extremely Distressing Missing Person Cases | TOP 3,MrBallen,5682327,2.13,https://www.youtube.com/watch?v=RsKSqWj3HpQ,https://i.ytimg.com/vi/RsKSqWj3HpQ/hqdefault.jpg
stealing,stealing,"7 Year Old Homeless Girl, ARRESTED for STEALING",Life Lessons With Luis,13050373,6.8,https://www.youtube.com/watch?v=v0EZFbB2fvc,https://i.ytimg.com/vi/v0EZFbB2fvc/maxresdefault.jpg
stealing,stealing her phone,Teacher Accuses 7 Year Old Black Girl Of Stealing Her Phone,SoulSnack,2381697,3.78,https://www.youtube.com/watch?v=W3CsaFd3h9A,https://i.ytimg.com/vi/W3CsaFd3h9A/maxresdefault.jpg
stealing,stealing her iphone,Crazy Karen Accuses Black Teen Of Stealing Her Iphone. Then This Happens,SoulSnack,2133772,3.39,https://www.youtube.com/watch?v=N5RmSxlg1JI,https://i.ytimg.com/vi/N5RmSxlg1JI/maxresdefault.jpg
stealing,stealing from a store,PREGNANT Girl Accused of STEALING from a Store. What Goes Wrong?,Totally Studios,3886561,2.76,https://www.youtube.com/watch?v=jnQT7vqEXhw,https://i.ytimg.com/vi/jnQT7vqEXhw/maxresdefault.jpg
stealing,stealing his own bike,Karen Freaks out and Accuses Black Man of Stealing His Own Bike.,SoulSnack,1357626,2.15,https://www.youtube.com/watch?v=M0SafjcUUMs,https://i.ytimg.com/vi/M0SafjcUUMs/maxresdefault.jpg
stealing,stealing from customers,Nail Salon Caught STEALING from Customers.,Totally Studios,3017917,2.14,https://www.youtube.com/watch?v=9ENIRLgS734,https://i.ytimg.com/vi/9ENIRLgS734/maxresdefault.jpg
abandoned,abandoned oil rig,We Found an Abandoned Oil Rig on the Dark Side of the Moon,Dr. NoSleep Podcast,69916,3.81,https://www.youtube.com/watch?v=QMDIuYzyyhU,https://i.ytimg.com/vi/QMDIuYzyyhU/maxresdefault.jpg
abandoned,abandoned on holidays,He Was Abandoned On The Holidays: A Roblox Movie,ShanePlays 2,6578791,2.7,https://www.youtube.com/watch?v=FroVt3txLE0,https://i.ytimg.com/vi/FroVt3txLE0/maxresdefault.jpg
abandoned,abandoned city,I Survived 7 Days In An Abandoned City,MrBeast,373294578,2.47,https://www.youtube.com/watch?v=tWYsfOSY9vY,https://i.ytimg.com/vi/tWYsfOSY9vY/maxresdefault.jpg
abandoned,abandoned us for millions,My Dad Abandoned Us for Millions and Instantly Regretted It,Story Time Animated,1627062,2.14,https://www.youtube.com/watch?v=VBw3tkmIvGg,https://i.ytimg.com/vi/VBw3tkmIvGg/maxresdefault.jpg
abandoned,abandoned mall,How Many Days Can I Survive an Abandoned Mall?,Ryan Trahan,21551258,2.14,https://www.youtube.com/watch?v=DpzLLyo0F8k,https://i.ytimg.com/vi/DpzLLyo0F8k/maxresdefault.jpg
abandoned,abandoned submarine,"We Discovered an Abandoned Submarine in the Southern Atlantic, But Now I Wish We Never Did",Dr. NoSleep Podcast,37162,2.03,https://www.youtube.com/watch?v=3GvYxB297K0,https://i.ytimg.com/vi/3GvYxB297K0/maxresdefault.jpg
learns,learns a lesson scripted,Employee Does Wrong and Learns a Lesson | Scripted Drama,Sameer Bhavnani,8581060,15.76,https://www.youtube.com/watch?v=ZBjbVNIyK9g,https://i.ytimg.com/vi/ZBjbVNIyK9g/maxresdefault.jpg
learns,learns their lesson,Siblings Won’t Get Along but Learns Their Lesson | The Beast Family,The Beast Family,8055541,6.31,https://www.youtube.com/watch?v=IN_29IlMAIU,https://i.ytimg.com/vi/IN_29IlMAIU/maxresdefault.jpg
survived hours,survived hours in apple vision,I Survived 50 Hours in Apple Vision Pro,Ryan Trahan,39575201,3.92,https://www.youtube.com/watch?v=Cb1Dv565f2I,https://i.ytimg.com/vi/Cb1Dv565f2I/maxresdefault.jpg
survived hours,survived hours in 2d,I Survived 50 Hours in 2D,Ryan Trahan,35509021,3.52,https://www.youtube.com/watch?v=KHfESarp3aU,https://i.ytimg.com/vi/KHfESarp3aU/maxresdefault.jpg
survived hours,survived hours in 3rd person,I Survived 50 Hours in 3rd Person,Ryan Trahan,26888795,2.66,https://www.youtube.com/watch?v=XEm8McxpGeg,https://i.ytimg.com/vi/XEm8McxpGeg/maxresdefault.jpg
survived hours,survived hours running from cops,I Survived 50 Hours Running From Cops,Unspeakable,32208949,2.62,https://www.youtube.com/watch?v=SncBjyo6cUA,https://i.ytimg.com/vi/SncBjyo6cUA/maxresdefault.jpg
survived hours,survived hours driving my school,I Survived 50 Hours Driving My School Bus,Unspeakable,26321491,2.14,https://www.youtube.com/watch?v=uvIcoNG6SY8,https://i.ytimg.com/vi/uvIcoNG6SY8/maxresdefault.jpg
survived hours,survived hours in a maximum,I Survived 50 Hours In A Maximum Security Prison,MrBeast,305780664,2.03,https://www.youtube.com/watch?v=nM89Wl03Q4g,https://i.ytimg.com/vi/nM89Wl03Q4g/maxresdefault.jpg
survived hours,survived hours on only bitcoin,I Survived 50 Hours on Only Bitcoin,Ryan Trahan,20242522,2.01,https://www.youtube.com/watch?v=qzD4fcd-FBY,https://i.ytimg.com/vi/qzD4fcd-FBY/maxresdefault.jpg
first class,first class passenger off plane,Karen THROWS First Class Passenger OFF PLANE. What Happens Next?,Totally Studios,7445013,5.28,https://www.youtube.com/watch?v=cvz0Dd5BWnE,https://i.ytimg.com/vi/cvz0Dd5BWnE/maxresdefault.jpg
first class,first class,I Flew Around the World in First Class,Ryan Trahan,46247821,4.58,https://www.youtube.com/watch?v=mDnQnoNhez0,https://i.ytimg.com/vi/mDnQnoNhez0/maxresdefault.jpg
first class,first class dream vacation,First Class Dream Vacation!,The Royalty Family,52912906,3.11,https://www.youtube.com/watch?v=pE09zW0m0Kk,https://i.ytimg.com/vi/pE09zW0m0Kk/maxresdefault.jpg
first class,first class to hawaii,Flying First Class to Hawaii,The Royalty Family,50517434,2.97,https://www.youtube.com/watch?v=QyzfMziK6Ek,https://i.ytimg.com/vi/QyzfMziK6Ek/maxresdefault.jpg
first class,first class to dubai 15,"Traveling FIRST CLASS To DUBAI! ($15,000 Seat) | The Royalty Family",The Royalty Family,45416774,2.67,https://www.youtube.com/watch?v=jPN5ZStAf7k,https://i.ytimg.com/vi/jPN5ZStAf7k/maxresdefault.jpg
first class,first class to bahamas,Flying First Class to the Bahamas! ✈️,The Royalty Family,38817165,2.28,https://www.youtube.com/watch?v=YRw-lZexOnc,https://i.ytimg.com/vi/YRw-lZexOnc/maxresdefault.jpg
secretly,secretly live,How Long Could You Secretly Live In A Grocery Store?,Airrack,24490436,2.37,https://www.youtube.com/watch?v=HUZHDrckHSs,https://i.ytimg.com/vi/HUZHDrckHSs/maxresdefault.jpg
secretly,secretly live,How Many Days Can I Secretly Live In a Grocery Store?,Airrack,22626850,2.19,https://www.youtube.com/watch?v=wn-deqrkNP8,https://i.ytimg.com/vi/wn-deqrkNP8/maxresdefault.jpg
secretly,secretly a criminal,His STEP MOM Was Secretly A CRIMINAL! (A Roblox Movie),ShanePlays 2,7285734,2.99,https://www.youtube.com/watch?v=xUo0Cm4LWT4,https://i.ytimg.com/vi/xUo0Cm4LWT4/maxresdefault.jpg
secretly,secretly allergic,I Found Out I’m SECRETLY Allergic To My Boyfriend,Story Time Animated,2171811,2.86,https://www.youtube.com/watch?v=UVMH91tC2fY,https://i.ytimg.com/vi/UVMH91tC2fY/maxresdefault.jpg
secretly,secretly a pop star,TEACHER Is SECRETLY A POP STAR | Dhar Mann Studios,Dhar Mann Studios,14713295,2.76,https://www.youtube.com/watch?v=-w9Jgvbw6GE,https://i.ytimg.com/vi/-w9Jgvbw6GE/maxresdefault.jpg
secretly,secretly a billionaire,NOBODY At School Knew He Was SECRETLY A BILLIONAIRE! (A Roblox Movie),ShanePlays 2,5130388,2.11,https://www.youtube.com/watch?v=ZwH8Nb7WHmc,https://i.ytimg.com/vi/ZwH8Nb7WHmc/maxresdefault.jpg
prison,prison,"Foster Mom Gets Life In Prison, Watch What Happens.",Vid Chronicles,1439424,6.58,https://www.youtube.com/watch?v=DS2hDTxwLqE,https://i.ytimg.com/vi/DS2hDTxwLqE/maxresdefault.jpg
prison,prison,New Girl Struggles in Prison | @DramatizeMe​,DramatizeMe,4449079,5.4,https://www.youtube.com/watch?v=6N8J-YQxlFg,https://i.ytimg.com/vi/6N8J-YQxlFg/maxresdefault.jpg
prison,prison,I Survived 50 Hours In A Maximum Security Prison,MrBeast,305780664,2.03,https://www.youtube.com/watch?v=nM89Wl03Q4g,https://i.ytimg.com/vi/nM89Wl03Q4g/maxresdefault.jpg
prison,prison for vampires,I Work in a Prison for Vampires. I Interviewed a True Original.,Dr. NoSleep Podcast,41492,2.26,https://www.youtube.com/watch?v=8m4l014RXNY,https://i.ytimg.com/vi/8m4l014RXNY/maxresdefault.jpg
candy,candy on a plane,Kids SNEAK CANDY on a Plane from a Chocolate Factory. Do they get in TROUBLE for it?,Totally Studios,3778757,2.68,https://www.youtube.com/watch?v=5DopEdrf1wY,https://i.ytimg.com/vi/5DopEdrf1wY/maxresdefault.jpg
candy,candy on a plane,Kids Eat TOO MUCH HALLOWEEN CANDY on a Plane with Stepmom. The Ending is a Surprise. Totally Studios,Totally Studios,3523348,2.5,https://www.youtube.com/watch?v=u2S-IE9AVWI,https://i.ytimg.com/vi/u2S-IE9AVWI/maxresdefault.jpg
candy,candy after spring break,Karen Catches Kids Eating TOO MUCH CANDY after Spring Break. What will Happen?,Totally Studios,7583530,5.38,https://www.youtube.com/watch?v=j-ReJNyxSiw,https://i.ytimg.com/vi/j-ReJNyxSiw/maxresdefault.jpg
candy,candy from store,"Kids STEALS CANDY From STORE, They live to Regret It | The Beast Family",The Beast Family,6046738,4.74,https://www.youtube.com/watch?v=YqY8fft97EQ,https://i.ytimg.com/vi/YqY8fft97EQ/maxresdefault.jpg
candy,candy challenge sis,TIKTOK JELLY FRUIT FOOD CANDY CHALLENGE (SIS VS BRO) | THE BEAST FAMILY,The Beast Family,5478635,4.29,https://www.youtube.com/watch?v=zaqf7SH8XsE,https://i.ytimg.com/vi/zaqf7SH8XsE/maxresdefault.jpg
surviving,surviving on a penny,Surviving On A Penny:  A Roblox Movie,ShanePlays 2,8979319,3.69,https://www.youtube.com/watch?v=7xBokGhT02Q,https://i.ytimg.com/vi/7xBokGhT02Q/maxresdefault.jpg
surviving,surviving overnight,Surviving Overnight in a Cyber Truck,The Royalty Family,53069564,3.12,https://www.youtube.com/watch?v=DQ8-CtiFn7w,https://i.ytimg.com/vi/DQ8-CtiFn7w/maxresdefault.jpg
surviving,surviving on sprunki island,SURVIVING on SPRUNKI ISLAND... (Cartoon Animation),GameToons,9423272,2.96,https://www.youtube.com/watch?v=s2bsspVgVdk,https://i.ytimg.com/vi/s2bsspVgVdk/maxresdefault.jpg
surviving,surviving most evil,Surviving The Most EVIL Parents for a Day,The Royalty Family,36531315,2.15,https://www.youtube.com/watch?v=kMFY7aJ1tvk,https://i.ytimg.com/vi/kMFY7aJ1tvk/maxresdefault.jpg
surviving,surviving 100 hours stranded,SURVIVING 100 HOURS STRANDED AT SEA!,Ben Azelart,60060043,2.14,https://www.youtube.com/watch?v=bW4VeXchwdQ,https://i.ytimg.com/vi/bW4VeXchwdQ/maxresdefault.jpg
surviving,surviving world's,SURVIVING THE WORLD'S MOST EXTREME WEATHER!!,Ben Azelart,58284528,2.07,https://www.youtube.com/watch?v=X21MOiqSTk0,https://i.ytimg.com/vi/X21MOiqSTk0/maxresdefault.jpg
first,first pokemon nuzlocke,I Attempted my First Pokemon Nuzlocke,JaidenAnimations,100070817,4.49,https://www.youtube.com/watch?v=plSyrHqUh78,https://i.ytimg.com/vi/plSyrHqUh78/maxresdefault.jpg
first,first new iphone,Teen Gets FIRST NEW iPHONE from Apple. Then what Happens?,Totally Studios,5785785,4.11,https://www.youtube.com/watch?v=ngwd_F8ALI8,https://i.ytimg.com/vi/ngwd_F8ALI8/maxresdefault.jpg
first,first to get 1,"First To Get 1,000,000 Followers Challenge",Unspeakable,41866756,3.41,https://www.youtube.com/watch?v=0CendwbAYRA,https://i.ytimg.com/vi/0CendwbAYRA/maxresdefault.jpg
first,first ever bubble wrap,The First Ever Bubble Wrap Battle: Who Wins the Trophy?,Dude Perfect,106840099,2.17,https://www.youtube.com/watch?v=LoaEy7CCC1E,https://i.ytimg.com/vi/LoaEy7CCC1E/maxresdefault.jpg
cheats,cheats while husband,Wife Cheats While Husband is Next Door  | @DramatizeMe,DramatizeMe,6978368,8.47,https://www.youtube.com/watch?v=pv7ThizF4t8,https://i.ytimg.com/vi/pv7ThizF4t8/maxresdefault.jpg
cheats,cheats on plane,Husband Cheats On The Plane | @DramatizeMe,DramatizeMe,4524569,5.49,https://www.youtube.com/watch?v=lJMKqQowMLo,https://i.ytimg.com/vi/lJMKqQowMLo/maxresdefault.jpg
cheats,cheats wife,Husband Cheats With Wife’s Best Friend | @DramatizeMe,DramatizeMe,4136715,5.02,https://www.youtube.com/watch?v=qzfyrDcmz7Y,https://i.ytimg.com/vi/qzfyrDcmz7Y/maxresdefault.jpg
cheats,cheats on husband,"Mentally Disturbed Wife Cheats on Husband to Save Her Marriage, UNEXPECTED ENDING | Sameer Bhavnani",Sameer Bhavnani,1255028,2.3,https://www.youtube.com/watch?v=YDO1xlEUMPQ,https://i.ytimg.com/vi/YDO1xlEUMPQ/maxresdefault.jpg
childhood,childhood,Embarrassing Childhood Stories,Bugs,9441873,4.36,https://www.youtube.com/watch?v=6BhgTYG7B9Q,https://i.ytimg.com/vi/6BhgTYG7B9Q/maxresdefault.jpg
childhood,childhood,Embarrassing Childhood Stories,Socks Animations ,19077832,3.15,https://www.youtube.com/watch?v=yACKsCRqD1k,https://i.ytimg.com/vi/yACKsCRqD1k/maxresdefault.jpg
childhood,childhood,I Bought 250 DISCONTINUED Products From Our Childhood!,Stokes Twins,153290371,2.99,https://www.youtube.com/watch?v=Wny9C18HuHs,https://i.ytimg.com/vi/Wny9C18HuHs/maxresdefault.jpg
childhood,childhood,I Bought 100 DISCONTINUED Products From Our Childhood!,Stokes Twins,133216306,2.6,https://www.youtube.com/watch?v=dXmWjV1eAXQ,https://i.ytimg.com/vi/dXmWjV1eAXQ/maxresdefault.jpg
childhood,childhood obsession animals,My Childhood Obsession with Animals,JaidenAnimations,45078890,2.02,https://www.youtube.com/watch?v=6E94j0Goo8A,https://i.ytimg.com/vi/6E94j0Goo8A/maxresdefault.jpg
truck,truck,3 Ice-Cream Truck Horror Stories Animated,IMR Scary Tales,2004706,5.71,https://www.youtube.com/watch?v=BJihw7IBv34,https://i.ytimg.com/vi/BJihw7IBv34/maxresdefault.jpg
truck,truck,Surviving Overnight in a Cyber Truck,The Royalty Family,53069564,3.12,https://www.youtube.com/watch?v=DQ8-CtiFn7w,https://i.ytimg.com/vi/DQ8-CtiFn7w/maxresdefault.jpg
truck,truck,3 True Ice Cream Truck Horror Stories Animated,IMR Scary Tales,821351,2.34,https://www.youtube.com/watch?v=tosvhMDlELg,https://i.ytimg.com/vi/tosvhMDlELg/hqdefault.jpg
truck,truck away from black,Crazy Karen Takes Toy Truck Away From Black Kids. Then This Happens,SoulSnack,3497822,5.55,https://www.youtube.com/watch?v=CfbtQvXFWwk,https://i.ytimg.com/vi/CfbtQvXFWwk/maxresdefault.jpg
survived world's,survived world's loudest room,I Survived the World's Loudest Room,Ryan Trahan,38784208,3.84,https://www.youtube.com/watch?v=PNk8OrXtj8I,https://i.ytimg.com/vi/PNk8OrXtj8I/maxresdefault.jpg
survived world's,survived world's strictest school,I Survived The World's STRICTEST School!,Stokes Twins,191829855,3.74,https://www.youtube.com/watch?v=LnVfvz_CJ1o,https://i.ytimg.com/vi/LnVfvz_CJ1o/maxresdefault.jpg
survived world's,survived world's strictest babysitter,i Survived the World's STRICTEST Babysitter,The Royalty Family,58707304,3.45,https://www.youtube.com/watch?v=oC2o2-Nteyw,https://i.ytimg.com/vi/oC2o2-Nteyw/maxresdefault.jpg
survived world's,survived world's quietest room,I Survived the World's Quietest Room,Ryan Trahan,26354748,2.61,https://www.youtube.com/watch?v=Qpn-G-OFbkM,https://i.ytimg.com/vi/Qpn-G-OFbkM/maxresdefault.jpg
survived world's,survived world's loneliest job,I Survived the World's Loneliest Job,Ryan Trahan,20480083,2.03,https://www.youtube.com/watch?v=cG22jPC9J_0,https://i.ytimg.com/vi/cG22jPC9J_0/maxresdefault.jpg
built secret room,built secret room,I Built a SECRET 7-11 in My Room!,Ben Azelart,91407305,3.25,https://www.youtube.com/watch?v=jDvXWUpo9Kg,https://i.ytimg.com/vi/jDvXWUpo9Kg/maxresdefault.jpg
built secret room,built secret room,I Built a SECRET 7-11 in My Room!,Stokes Twins,148939111,2.9,https://www.youtube.com/watch?v=eXosE1wewXg,https://i.ytimg.com/vi/eXosE1wewXg/maxresdefault.jpg
built secret room,built secret room,I Built a SECRET Room You'd Never Find!,Stokes Twins,124937672,2.43,https://www.youtube.com/watch?v=r_mnfK15Uyc,https://i.ytimg.com/vi/r_mnfK15Uyc/hqdefault.jpg
built secret room,built secret room in public,I Built a SECRET Room in Public!,Ben Azelart,85184051,3.03,https://www.youtube.com/watch?v=c_iqrJrph8M,https://i.ytimg.com/vi/c_iqrJrph8M/maxresdefault.jpg
built secret room,built secret room in mall,I Built a Secret Room in the MALL! Ft/ Ben Azelart,The Royalty Family,46511550,2.74,https://www.youtube.com/watch?v=DxHw4UdDJDY,https://i.ytimg.com/vi/DxHw4UdDJDY/maxresdefault.jpg
built secret room,built secret room in my couch,I Built a SECRET Room in My Couch!,Ben Azelart,64729817,2.3,https://www.youtube.com/watch?v=UG4uBhWhCtk,https://i.ytimg.com/vi/UG4uBhWhCtk/maxresdefault.jpg
dark,dark web,4 TRUE DARK WEB HORROR STORIES ANIMATED COMPILATION,Horror Shorts Party,6341797,6.96,https://www.youtube.com/watch?v=LXULCEcIC_U,https://i.ytimg.com/vi/LXULCEcIC_U/maxresdefault.jpg
dark,dark web,Never Buy a Slave Off the Dark Web...,Dr. NoSleep Podcast,41418,2.26,https://www.youtube.com/watch?v=2JRt-FZCcoI,https://i.ytimg.com/vi/2JRt-FZCcoI/maxresdefault.jpg
dark,dark secret,The Town's Annual Festival Has a Dark Secret,Dr. NoSleep Podcast,47515,2.59,https://www.youtube.com/watch?v=90nIvob0i1o,https://i.ytimg.com/vi/90nIvob0i1o/maxresdefault.jpg
dark,dark secret,This YouTuber’s Mansion Holds a Dark Secret...,Dr. NoSleep Podcast,38332,2.09,https://www.youtube.com/watch?v=7UlBVPTmyck,https://i.ytimg.com/vi/7UlBVPTmyck/maxresdefault.jpg
dark,dark cartoon conspiracy,3 DARK CARTOON CONSPIRACY STORIES ANIMATED,Horror Shorts Party,22320817,24.48,https://www.youtube.com/watch?v=LC-mc-fm3Ak,https://i.ytimg.com/vi/LC-mc-fm3Ak/maxresdefault.jpg
dark,dark in middle,"If the Sky Goes Dark in the Middle of the Day, HIDE!!",Dr. NoSleep Podcast,43908,2.4,https://www.youtube.com/watch?v=AUqdGPQaEW8,https://i.ytimg.com/vi/AUqdGPQaEW8/maxresdefault.jpg
dark,dark truth,My Parents LIED About My Blindness Until I Found The Dark Truth,Story Time Animated,1659887,2.18,https://www.youtube.com/watch?v=SFkxspWIsSY,https://i.ytimg.com/vi/SFkxspWIsSY/maxresdefault.jpg
surprise,surprise,"Husband Gives Cheating Wife Surprise Of Her Life, This Will Shock You. @PixUltraa",Vid Chronicles,4976310,22.76,https://www.youtube.com/watch?v=BvhUzNoVdRA,https://i.ytimg.com/vi/BvhUzNoVdRA/maxresdefault.jpg
surprise,surprise,Karen Takes New iPHONE from Girl on a PLANE. The Ending is a Surprise.,Totally Studios,4715049,3.35,https://www.youtube.com/watch?v=QZ1bauMgPmk,https://i.ytimg.com/vi/QZ1bauMgPmk/maxresdefault.jpg
surprise,surprise,Kids Eat TOO MUCH HALLOWEEN CANDY on a Plane with Stepmom. The Ending is a Surprise. Totally Studios,Totally Studios,3523348,2.5,https://www.youtube.com/watch?v=u2S-IE9AVWI,https://i.ytimg.com/vi/u2S-IE9AVWI/maxresdefault.jpg
surprise,surprise at end,Karen KICKED OFF Plane for Crying Baby. Surprise at the End.,Totally Studios,5703326,4.05,https://www.youtube.com/watch?v=FVENBA3mtfw,https://i.ytimg.com/vi/FVENBA3mtfw/maxresdefault.jpg
surprise,surprise emotional,New Puppy Surprise! *Emotional*,The Royalty Family,36445427,2.14,https://www.youtube.com/watch?v=915nrUJohQ4,https://i.ytimg.com/vi/915nrUJohQ4/maxresdefault.jpg
forces,forces pretty wife,Husband Forces Pretty Wife to HIDE FACE,Illumeably,2556999,4.34,https://www.youtube.com/watch?v=vl-bS06PkTs,https://i.ytimg.com/vi/vl-bS06PkTs/maxresdefault.jpg
forces,forces son's wife,Mom FORCES Son's Wife To Get PREGNANT On Christmas | Illumeably,Illumeably,1746727,2.96,https://www.youtube.com/watch?v=opqb0-E8apk,https://i.ytimg.com/vi/opqb0-E8apk/maxresdefault.jpg
forces,forces chinese to wear,"Racist Employee FORCES Chinese to Wear Face Mask, He Gets Slapped! | Sameer Bhavnani",Sameer Bhavnani,1563680,2.87,https://www.youtube.com/watch?v=JDwxzUJi5qA,https://i.ytimg.com/vi/JDwxzUJi5qA/maxresdefault.jpg
forces,forces her to lose,Dad FAT SHAMES Daughter!!!! FORCES HER to Lose Weight,Life Lessons With Luis,4302682,2.24,https://www.youtube.com/watch?v=6xXblu0ACCs,https://i.ytimg.com/vi/6xXblu0ACCs/maxresdefault.jpg
forces,forces daughter marry,Mom Forces DAUGHTER MARRY For MONEY! | Dhar Mann Studios,Dhar Mann Studios,11096315,2.08,https://www.youtube.com/watch?v=0eal3y2WIYQ,https://i.ytimg.com/vi/0eal3y2WIYQ/maxresdefault.jpg
vacation,vacation,"$1 vs $250,000 Vacation!",MrBeast,468773348,3.11,https://www.youtube.com/watch?v=jObOjhUkf50,https://i.ytimg.com/vi/jObOjhUkf50/maxresdefault.jpg
vacation,vacation,First Class Dream Vacation!,The Royalty Family,52912906,3.11,https://www.youtube.com/watch?v=pE09zW0m0Kk,https://i.ytimg.com/vi/pE09zW0m0Kk/maxresdefault.jpg
vacation,vacation,"$1 vs $1,000,000 Vacation!",Stokes Twins,127064991,2.48,https://www.youtube.com/watch?v=K7FjCmlWvuY,https://i.ytimg.com/vi/K7FjCmlWvuY/maxresdefault.jpg
vacation,vacation,3 True Summer Vacation Horror Stories Animated,IMR Scary Tales,817171,2.33,https://www.youtube.com/watch?v=npTDeuCRzOk,https://i.ytimg.com/vi/npTDeuCRzOk/maxresdefault.jpg
vacation,vacation home,Wealthy Black Man Kicked Out Of Vacation Home. Then This Happens,SoulSnack,1317322,2.09,https://www.youtube.com/watch?v=qo7CZvQRczQ,https://i.ytimg.com/vi/qo7CZvQRczQ/maxresdefault.jpg
products,products,"I Bought 1,000 Banned Amazon Products!",Ben Azelart,103615941,3.68,https://www.youtube.com/watch?v=rEi22yxu-G0,https://i.ytimg.com/vi/rEi22yxu-G0/maxresdefault.jpg
products,products,I Bought 250 BANNED Amazon Products!,Stokes Twins,148772678,2.9,https://www.youtube.com/watch?v=Tb6dciVa1T0,https://i.ytimg.com/vi/Tb6dciVa1T0/maxresdefault.jpg
products,products,I Bought 100 Banned Amazon Products!,Ben Azelart,58700847,2.09,https://www.youtube.com/watch?v=j8MMjigoXoA,https://i.ytimg.com/vi/j8MMjigoXoA/maxresdefault.jpg
products,products from our childhood,I Bought 250 DISCONTINUED Products From Our Childhood!,Stokes Twins,153290371,2.99,https://www.youtube.com/watch?v=Wny9C18HuHs,https://i.ytimg.com/vi/Wny9C18HuHs/maxresdefault.jpg
products,products from our childhood,I Bought 100 DISCONTINUED Products From Our Childhood!,Stokes Twins,133216306,2.6,https://www.youtube.com/watch?v=dXmWjV1eAXQ,https://i.ytimg.com/vi/dXmWjV1eAXQ/maxresdefault.jpg
products,products that actually work,I Tested Amazon MINI Products that Actually Work,The Royalty Family,36987014,2.18,https://www.youtube.com/watch?v=jTW3Yi8o1XU,https://i.ytimg.com/vi/jTW3Yi8o1XU/maxresdefault.jpg
foster,foster home famous,9 Year Old Signs For Help From Foster Home. (Famous From Tik Tok),SoulSnack,5277893,8.38,https://www.youtube.com/watch?v=nKBKdJTadCc,https://i.ytimg.com/vi/nKBKdJTadCc/maxresdefault.jpg
foster,foster mom,"Foster Mom Gets Life In Prison, Watch What Happens.",Vid Chronicles,1439424,6.58,https://www.youtube.com/watch?v=DS2hDTxwLqE,https://i.ytimg.com/vi/DS2hDTxwLqE/maxresdefault.jpg
foster,foster parent leaves black,Foster Parent Leaves Black Burn Victim In Hot Car. Then This Happens,SoulSnack,1366914,2.17,https://www.youtube.com/watch?v=-1QxpX5w9Xo,https://i.ytimg.com/vi/-1QxpX5w9Xo/maxresdefault.jpg
stereotypes,stereotypes,Beach Stereotypes | Dude Perfect,Dude Perfect,219023390,4.44,https://www.youtube.com/watch?v=ggR_SPwP6cw,https://i.ytimg.com/vi/ggR_SPwP6cw/maxresdefault.jpg
stereotypes,stereotypes,Movie Theater Stereotypes,Dude Perfect,138940396,2.82,https://www.youtube.com/watch?v=e1CEdPAnj44,https://i.ytimg.com/vi/e1CEdPAnj44/maxresdefault.jpg
stereotypes,stereotypes,Pickup Basketball Stereotypes We ALL Know,Dude Perfect,134923692,2.74,https://www.youtube.com/watch?v=0gWxHFMog9w,https://i.ytimg.com/vi/0gWxHFMog9w/maxresdefault.jpg
stereotypes,stereotypes,Grocery Store Stereotypes,Dude Perfect,117731329,2.39,https://www.youtube.com/watch?v=JHiLEkV8l_8,https://i.ytimg.com/vi/JHiLEkV8l_8/maxresdefault.jpg
stereotypes,stereotypes,Fishing Stereotypes,Dude Perfect,113764409,2.31,https://www.youtube.com/watch?v=s_a7AZbJGNM,https://i.ytimg.com/vi/s_a7AZbJGNM/maxresdefault.jpg
stereotypes,stereotypes,Hunting Stereotypes,Dude Perfect,110704106,2.25,https://www.youtube.com/watch?v=M9gFRXw5-kI,https://i.ytimg.com/vi/M9gFRXw5-kI/maxresdefault.jpg
stereotypes,stereotypes most annoying,GYM STEREOTYPES | The Most Annoying People at the Gym,Dude Perfect,148424712,3.01,https://www.youtube.com/watch?v=nU4EJfX2aXE,https://i.ytimg.com/vi/nU4EJfX2aXE/maxresdefault.jpg
stereotypes,stereotypes ft dale jr,Driving Stereotypes ft. Dale Jr,Dude Perfect,143259269,2.91,https://www.youtube.com/watch?v=Vzv40VWL5ho,https://i.ytimg.com/vi/Vzv40VWL5ho/maxresdefault.jpg
stereotypes,stereotypes rage monster,Christmas Stereotypes: RAGE MONSTER!,Dude Perfect,125797689,2.55,https://www.youtube.com/watch?v=ycVc1jsaAA0,https://i.ytimg.com/vi/ycVc1jsaAA0/maxresdefault.jpg
cartoon,cartoon conspiracy,3 DARK CARTOON CONSPIRACY STORIES ANIMATED,Horror Shorts Party,22320817,24.48,https://www.youtube.com/watch?v=LC-mc-fm3Ak,https://i.ytimg.com/vi/LC-mc-fm3Ak/maxresdefault.jpg
exist,exist,I Work on an Oil Rig in the North Sea That Doesn't Officially Exist,Dr. NoSleep Podcast,187619,10.23,https://www.youtube.com/watch?v=TG3qPwr0X38,https://i.ytimg.com/vi/TG3qPwr0X38/maxresdefault.jpg
exist,exist,I Didn't Know Humans Exist,Story Time Animated,3795820,4.99,https://www.youtube.com/watch?v=YwMtdTSYRnc,https://i.ytimg.com/vi/YwMtdTSYRnc/maxresdefault.jpg
exist,exist,I Met 7 People You Won't Believe Exist!,Stokes Twins,163181844,3.18,https://www.youtube.com/watch?v=-j8WOAHw5d4,https://i.ytimg.com/vi/-j8WOAHw5d4/maxresdefault.jpg
exist,exist,4 YouTuber Homes You Won’t Believe Exist!,Stokes Twins,120845757,2.35,https://www.youtube.com/watch?v=WjQMBILy7q4,https://i.ytimg.com/vi/WjQMBILy7q4/maxresdefault.jpg
bus,bus,Girl Takes Revenge On Man In Bus | @DramatizeMe,DramatizeMe,6934238,8.41,https://www.youtube.com/watch?v=BjEBzF0L6I0,https://i.ytimg.com/vi/BjEBzF0L6I0/maxresdefault.jpg
bus,bus,I Built an EXTREME School Bus!,Ben Azelart,124197076,4.42,https://www.youtube.com/watch?v=Jg9mQl81EDs,https://i.ytimg.com/vi/Jg9mQl81EDs/maxresdefault.jpg
bus,bus,Girl Takes Revenge On Man In Bus | @DramatizeMe,DramatizeMe,2298530,2.79,https://www.youtube.com/watch?v=YmXpu_jCVhA,https://i.ytimg.com/vi/YmXpu_jCVhA/maxresdefault.jpg
bus,bus,I Survived 50 Hours Driving My School Bus,Unspeakable,26321491,2.14,https://www.youtube.com/watch?v=uvIcoNG6SY8,https://i.ytimg.com/vi/uvIcoNG6SY8/maxresdefault.jpg
bus,bus ride in america,I Took the Longest Bus Ride in America,Ryan Trahan,21583615,2.14,https://www.youtube.com/watch?v=LLoO24HLr1o,https://i.ytimg.com/vi/LLoO24HLr1o/maxresdefault.jpg
dont,dont listen to parents,"Big Brother AND Sister DONT LISTEN to PARENTS, What Happens Is Shocking | THE BEAST FAMILY",The Beast Family,8696016,6.81,https://www.youtube.com/watch?v=G4RtLO-C470,https://i.ytimg.com/vi/G4RtLO-C470/maxresdefault.jpg
dont,dont listen to mom,"Siblings DONT LISTEN To Mom, They Instantly Regret it | The Beast Family",The Beast Family,8135270,6.38,https://www.youtube.com/watch?v=_ymYt7odJsE,https://i.ytimg.com/vi/_ymYt7odJsE/maxresdefault.jpg
dont,dont trust fall,100 Mystery Pools.. DONT Trust Fall into the Wrong One!,Ben Azelart,63061247,2.24,https://www.youtube.com/watch?v=lTf5bzLnDHY,https://i.ytimg.com/vi/lTf5bzLnDHY/maxresdefault.jpg
big,big sister hated little,Big Sister Hated Little Twin Brothers: A Roblox Movie,ShanePlays 2,7758178,3.19,https://www.youtube.com/watch?v=58-uQZQhvIA,https://i.ytimg.com/vi/58-uQZQhvIA/maxresdefault.jpg
big,big sister hated little,Big Sister Hated Little Brother: A Roblox Movie,ShanePlays 2,6897936,2.83,https://www.youtube.com/watch?v=oUSh3WcTeQ0,https://i.ytimg.com/vi/oUSh3WcTeQ0/maxresdefault.jpg
big,big brother and sister,"Big Brother AND Sister DONT LISTEN to PARENTS, What Happens Is Shocking | THE BEAST FAMILY",The Beast Family,8696016,6.81,https://www.youtube.com/watch?v=G4RtLO-C470,https://i.ytimg.com/vi/G4RtLO-C470/maxresdefault.jpg
big,big brother hated little,Big Brother Hated Little Brother: A Roblox Movie,ShanePlays 2,8326218,3.42,https://www.youtube.com/watch?v=i_RmmB8b2ak,https://i.ytimg.com/vi/i_RmmB8b2ak/maxresdefault.jpg
big,big accident,Our Son's BIG Accident,The Royalty Family,48907785,2.88,https://www.youtube.com/watch?v=7RIvq98nXvc,https://i.ytimg.com/vi/7RIvq98nXvc/maxresdefault.jpg
much,much candy after spring,Karen Catches Kids Eating TOO MUCH CANDY after Spring Break. What will Happen?,Totally Studios,7583530,5.38,https://www.youtube.com/watch?v=j-ReJNyxSiw,https://i.ytimg.com/vi/j-ReJNyxSiw/maxresdefault.jpg
much,much,Bullied for Smiling Too Much,Sameer Bhavnani,2231337,4.1,https://www.youtube.com/watch?v=mtw4Ps8iV6Y,https://i.ytimg.com/vi/mtw4Ps8iV6Y/maxresdefault.jpg
much,much chocolate,"Girl EATS TOO MUCH MrBeast CHOCOLATE, She Lives To Regret It | THE BEAST FAMILY",The Beast Family,4814719,3.77,https://www.youtube.com/watch?v=Mi62PlhH4Vk,https://i.ytimg.com/vi/Mi62PlhH4Vk/maxresdefault.jpg
much,much halloween candy,Kids Eat TOO MUCH HALLOWEEN CANDY on a Plane with Stepmom. The Ending is a Surprise. Totally Studios,Totally Studios,3523348,2.5,https://www.youtube.com/watch?v=u2S-IE9AVWI,https://i.ytimg.com/vi/u2S-IE9AVWI/maxresdefault.jpg
youtuber,youtuber sister,Mom Loved YOUTUBER SISTER More Than HIM! (A Roblox Movie),ShanePlays 2,9952531,4.09,https://www.youtube.com/watch?v=f1dw-d7KZYA,https://i.ytimg.com/vi/f1dw-d7KZYA/maxresdefault.jpg
youtuber,youtuber jessii vee's,Standing Up To Bullies - YouTuber Jessii Vee's Story,storybooth,11226761,2.46,https://www.youtube.com/watch?v=cYgiud-PCIQ,https://i.ytimg.com/vi/cYgiud-PCIQ/maxresdefault.jpg
youtuber,youtuber homes you won,4 YouTuber Homes You Won’t Believe Exist!,Stokes Twins,120845757,2.35,https://www.youtube.com/watch?v=WjQMBILy7q4,https://i.ytimg.com/vi/WjQMBILy7q4/maxresdefault.jpg
youtuber,youtuber battle royale,Fighting in Mr Beast's $100k Youtuber Battle Royale,TheOdd1sOut,92074275,2.2,https://www.youtube.com/watch?v=GEFPqEVlKEk,https://i.ytimg.com/vi/GEFPqEVlKEk/maxresdefault.jpg
youtuber,youtuber s mansion holds,This YouTuber’s Mansion Holds a Dark Secret...,Dr. NoSleep Podcast,38332,2.09,https://www.youtube.com/watch?v=7UlBVPTmyck,https://i.ytimg.com/vi/7UlBVPTmyck/maxresdefault.jpg
student,student,Teacher Saves Girl From Male Student | @DramatizeMe,DramatizeMe,2949728,3.58,https://www.youtube.com/watch?v=owvQ6-TKxgM,https://i.ytimg.com/vi/owvQ6-TKxgM/maxresdefault.jpg
student,student called fat,Student CALLED FAT and LAZY by Coach at School. Must see Surprise Ending. Totally Studios,Totally Studios,4458001,3.16,https://www.youtube.com/watch?v=zu6ZwekCSy8,https://i.ytimg.com/vi/zu6ZwekCSy8/maxresdefault.jpg
student,student for no reason,Racist Driving Instructor Fails Black Student For No Reason,SoulSnack,1676851,2.66,https://www.youtube.com/watch?v=x29plZ5rV4E,https://i.ytimg.com/vi/x29plZ5rV4E/maxresdefault.jpg
student,student to millionaire magician,From Poor Student To MILLIONAIRE MAGICIAN Ft. Sean Does Magic | Dhar Mann Studios,Dhar Mann Studios,11799388,2.21,https://www.youtube.com/watch?v=TRTWeZayLbw,https://i.ytimg.com/vi/TRTWeZayLbw/maxresdefault.jpg
student,student sells cheat sheets,"STUDENT Sells CHEAT SHEETS For $10,000 At SCHOOL | Dhar Mann Studios",Dhar Mann Studios,11746092,2.2,https://www.youtube.com/watch?v=g6LvwnIONTs,https://i.ytimg.com/vi/g6LvwnIONTs/maxresdefault.jpg
saved,saved a youtubers,He SAVED A YOUTUBERS LIFE! (A Roblox Movie),ShanePlays 2,9232983,3.79,https://www.youtube.com/watch?v=BmYoeS0eJZU,https://i.ytimg.com/vi/BmYoeS0eJZU/maxresdefault.jpg
saved,saved a trillionaires,He SAVED A TRILLIONAIRES Life! (A Roblox Movie),ShanePlays 2,7332538,3.01,https://www.youtube.com/watch?v=tpzm6JRbfsA,https://i.ytimg.com/vi/tpzm6JRbfsA/maxresdefault.jpg
saved,saved a famous persons,He SAVED A FAMOUS Persons LIFE! (A Roblox Movie),ShanePlays 2,6227723,2.56,https://www.youtube.com/watch?v=vckreAKsBVM,https://i.ytimg.com/vi/vckreAKsBVM/maxresdefault.jpg
saved,saved from choking,Rude Karen's Son Saved From Choking by Kind Black Waiter. Lesson In Karma,SoulSnack,1612631,2.56,https://www.youtube.com/watch?v=OGmh48PSAb8,https://i.ytimg.com/vi/OGmh48PSAb8/maxresdefault.jpg
saved,saved by catnap cartoon,SAVED by CATNAP?! (Cartoon Animation),GameToons,8025513,2.52,https://www.youtube.com/watch?v=6f3lsMSb2a4,https://i.ytimg.com/vi/6f3lsMSb2a4/maxresdefault.jpg
saved,saved by zookeeper cartoon,SAVED By ZOOKEEPER?! (Cartoon Animation),GameToons,6547433,2.05,https://www.youtube.com/watch?v=qxiy2Y6EPsQ,https://i.ytimg.com/vi/qxiy2Y6EPsQ/maxresdefault.jpg
movie theater,movie theater,3 True Movie Theater Horror Stories Animated,IMR Scary Tales,1318159,3.76,https://www.youtube.com/watch?v=gb8sbN__0hQ,https://i.ytimg.com/vi/gb8sbN__0hQ/maxresdefault.jpg
movie theater,movie theater,3 Creepy REAL Movie Theater Horror Stories,Mr. Nightmare,7037362,2.31,https://www.youtube.com/watch?v=oStoNs7WtKQ,https://i.ytimg.com/vi/oStoNs7WtKQ/maxresdefault.jpg
movie theater,movie theater in my room,I Built a SECRET Movie Theater in My Room!,Ben Azelart,121442404,4.32,https://www.youtube.com/watch?v=0ah5yCEGitQ,https://i.ytimg.com/vi/0ah5yCEGitQ/maxresdefault.jpg
movie theater,movie theater stereotypes,Movie Theater Stereotypes,Dude Perfect,138940396,2.82,https://www.youtube.com/watch?v=e1CEdPAnj44,https://i.ytimg.com/vi/e1CEdPAnj44/maxresdefault.jpg
rejects,rejects black billionaire lives,Racist Realtor Rejects Black Billionaire. Lives To Regret It,SoulSnack,3132748,4.97,https://www.youtube.com/watch?v=gz4dT7D1suw,https://i.ytimg.com/vi/gz4dT7D1suw/maxresdefault.jpg
rejects,rejects son's disabled girlfriend,"Mom REJECTS Son's Disabled Girlfriend, She Lives To Regret It | Illumeably",Illumeably,2331457,3.95,https://www.youtube.com/watch?v=zslQ_eJS1rs,https://i.ytimg.com/vi/zslQ_eJS1rs/maxresdefault.jpg
rejects,rejects customer black,Racist Karen Rejects Customer With Black American Express Card. He Gets The Last Laugh.,SoulSnack,1919742,3.05,https://www.youtube.com/watch?v=3ZGLxYyN820,https://i.ytimg.com/vi/3ZGLxYyN820/maxresdefault.jpg
rejects,rejects billionaire's love,Homeless Woman REJECTS Billionaire's LOVE! | SAMEER BHAVNANI,Sameer Bhavnani,1353291,2.48,https://www.youtube.com/watch?v=hKFXh2wpt8M,https://i.ytimg.com/vi/hKFXh2wpt8M/maxresdefault.jpg
rejects,rejects pregnant girlfriend,Mom REJECTS Pregnant Girlfriend On Christmas | Illumeably,Illumeably,1230920,2.09,https://www.youtube.com/watch?v=-Lz_wavABYA,https://i.ytimg.com/vi/-Lz_wavABYA/maxresdefault.jpg
live regret,live regret,"Brother And Sister KEEP FIGHTING, They Live To Regret It | The Beast Family",The Beast Family,11428029,8.96,https://www.youtube.com/watch?v=79O9JycPhT4,https://i.ytimg.com/vi/79O9JycPhT4/maxresdefault.jpg
live regret,live regret,"Kids CAN'T GET ALONG, They LIVE To Regret IT!",The Beast Family,9501734,7.45,https://www.youtube.com/watch?v=TsJ6ozwIDrE,https://i.ytimg.com/vi/TsJ6ozwIDrE/hqdefault.jpg
live regret,live regret,"Kids STEALS CANDY From STORE, They live to Regret It | The Beast Family",The Beast Family,6046738,4.74,https://www.youtube.com/watch?v=YqY8fft97EQ,https://i.ytimg.com/vi/YqY8fft97EQ/maxresdefault.jpg
live regret,live regret,"MEAN BOYS BULLY Little GIRL IN BASKETBALL, They Live To Regret It | The Beast Family",The Beast Family,3644573,2.86,https://www.youtube.com/watch?v=L_5ySrmO1eU,https://i.ytimg.com/vi/L_5ySrmO1eU/maxresdefault.jpg
live regret,live regret,"BAD KIDS Keep BREAKING The RULES, They LIVE To REGRET It!",The Beast Family,2739118,2.15,https://www.youtube.com/watch?v=iaAZVliZrpY,https://i.ytimg.com/vi/iaAZVliZrpY/maxresdefault.jpg
live regret,live regret,"Bad Kids DON'T LISTEN To MOM, They LIVE To REGRET IT | THE BEAST FAMILY",The Beast Family,2594947,2.03,https://www.youtube.com/watch?v=SqlsOxOgscM,https://i.ytimg.com/vi/SqlsOxOgscM/maxresdefault.jpg
surprising,surprising our son,Surprising Our Son with DREAM 15th Birthday,The Royalty Family,51726602,3.04,https://www.youtube.com/watch?v=4bMAzJQNMm4,https://i.ytimg.com/vi/4bMAzJQNMm4/maxresdefault.jpg
surprising,surprising our son,Surprising Our Son with DREAM Room Transformation,The Royalty Family,36851083,2.17,https://www.youtube.com/watch?v=Lq4UK822eys,https://i.ytimg.com/vi/Lq4UK822eys/maxresdefault.jpg
surprising,surprising full movie,"Layla Meets STRANGER, What happens is surprising! Full Movie | THE BEAST FAMILY",The Beast Family,7293637,5.72,https://www.youtube.com/watch?v=duQs_XQyzCY,https://i.ytimg.com/vi/duQs_XQyzCY/maxresdefault.jpg
surprising,surprising connection scripted drama,A Routine Encounter Reveals a Surprising Connection | Scripted Drama,Sameer Bhavnani,2155490,3.96,https://www.youtube.com/watch?v=Kzx1rlkNY3M,https://i.ytimg.com/vi/Kzx1rlkNY3M/maxresdefault.jpg
surprising,surprising,DESTROYING My Grandma's PHONE & SURPRISING Her with New iPHONE 13! (SHE CRIED),The Royalty Family,37415024,2.2,https://www.youtube.com/watch?v=feCr6_27ZrU,https://i.ytimg.com/vi/feCr6_27ZrU/maxresdefault.jpg
pixultraa,pixultraa,"Husband Gives Cheating Wife Surprise Of Her Life, This Will Shock You. @PixUltraa",Vid Chronicles,4976310,22.76,https://www.youtube.com/watch?v=BvhUzNoVdRA,https://i.ytimg.com/vi/BvhUzNoVdRA/maxresdefault.jpg
chocolate,chocolate factory,Kids SNEAK CANDY on a Plane from a Chocolate Factory. Do they get in TROUBLE for it?,Totally Studios,3778757,2.68,https://www.youtube.com/watch?v=5DopEdrf1wY,https://i.ytimg.com/vi/5DopEdrf1wY/maxresdefault.jpg
chocolate,chocolate factory,I Built Willy Wonka's Chocolate Factory!,MrBeast,384049658,2.54,https://www.youtube.com/watch?v=Hwybp38GnZw,https://i.ytimg.com/vi/Hwybp38GnZw/maxresdefault.jpg
chocolate,chocolate,50 Ways To Use Chocolate,Nick DiGiovanni,169922392,4.93,https://www.youtube.com/watch?v=jOjJY3xEI8o,https://i.ytimg.com/vi/jOjJY3xEI8o/maxresdefault.jpg
chocolate,chocolate she lives,"Girl EATS TOO MUCH MrBeast CHOCOLATE, She Lives To Regret It | THE BEAST FAMILY",The Beast Family,4814719,3.77,https://www.youtube.com/watch?v=Mi62PlhH4Vk,https://i.ytimg.com/vi/Mi62PlhH4Vk/maxresdefault.jpg
wrong,wrong,PREGNANT Girl Accused of STEALING from a Store. What Goes Wrong?,Totally Studios,3886561,2.76,https://www.youtube.com/watch?v=jnQT7vqEXhw,https://i.ytimg.com/vi/jnQT7vqEXhw/maxresdefault.jpg
wrong,wrong,100 Mystery Pools.. DONT Trust Fall into the Wrong One!,Ben Azelart,63061247,2.24,https://www.youtube.com/watch?v=lTf5bzLnDHY,https://i.ytimg.com/vi/lTf5bzLnDHY/maxresdefault.jpg
wrong,wrong and learns,Employee Does Wrong and Learns a Lesson | Scripted Drama,Sameer Bhavnani,8581060,15.76,https://www.youtube.com/watch?v=ZBjbVNIyK9g,https://i.ytimg.com/vi/ZBjbVNIyK9g/maxresdefault.jpg
wrong,wrong numbers,Wrong Numbers,TheOdd1sOut,107685784,2.58,https://www.youtube.com/watch?v=pO4DV5KZClk,https://i.ytimg.com/vi/pO4DV5KZClk/maxresdefault.jpg
wrong,wrong surprise ending,Kid Kicked Off Plane for MINECRAFT. What went wrong? With Surprise Ending.,Totally Studios,2967051,2.11,https://www.youtube.com/watch?v=rXAGkmTbgMk,https://i.ytimg.com/vi/rXAGkmTbgMk/maxresdefault.jpg
siblings,siblings dont listen,"Siblings DONT LISTEN To Mom, They Instantly Regret it | The Beast Family",The Beast Family,8135270,6.38,https://www.youtube.com/watch?v=_ymYt7odJsE,https://i.ytimg.com/vi/_ymYt7odJsE/maxresdefault.jpg
siblings,siblings won,Siblings Won’t Get Along but Learns Their Lesson | The Beast Family,The Beast Family,8055541,6.31,https://www.youtube.com/watch?v=IN_29IlMAIU,https://i.ytimg.com/vi/IN_29IlMAIU/maxresdefault.jpg
siblings,siblings get sad,"Mom CHOOSES FAVORITE KID, Siblings GET SAD | THE BEAST FAMILY",The Beast Family,6306374,4.94,https://www.youtube.com/watch?v=ZYM_lRvkYyI,https://i.ytimg.com/vi/ZYM_lRvkYyI/maxresdefault.jpg
siblings,siblings go to swimming,"SIBLINGS go to Swimming Pool without PARENTS, They Learn Their Lesson | The Beast Family",The Beast Family,4842823,3.8,https://www.youtube.com/watch?v=orHomI4YsW0,https://i.ytimg.com/vi/orHomI4YsW0/maxresdefault.jpg
step,step dad gets daughter,STEP DAD Gets Daughter PREGNANT!!!!,Life Lessons With Luis,10691629,5.57,https://www.youtube.com/watch?v=Er7cnRqC5-o,https://i.ytimg.com/vi/Er7cnRqC5-o/maxresdefault.jpg
step,step dad touches daughter,Creepy STEP-DAD Touches Daughter in Her..... YOU WON'T BELIEVE WHAT MOM DOES NEXT!!!!!,Life Lessons With Luis,5875917,3.06,https://www.youtube.com/watch?v=Dv5noaK1ktY,https://i.ytimg.com/vi/Dv5noaK1ktY/maxresdefault.jpg
step,step mom was secretly,His STEP MOM Was Secretly A CRIMINAL! (A Roblox Movie),ShanePlays 2,7285734,2.99,https://www.youtube.com/watch?v=xUo0Cm4LWT4,https://i.ytimg.com/vi/xUo0Cm4LWT4/maxresdefault.jpg
step,step mom only loved,Mean STEP MOM Only Loved HER Son! (A Roblox Movie),ShanePlays 2,6222356,2.56,https://www.youtube.com/watch?v=neGO8i5PEhA,https://i.ytimg.com/vi/neGO8i5PEhA/maxresdefault.jpg
step,step brother a heartfelt,Sister Gets Pregnant By Step Brother... A Heartfelt Story | Sameer Bhavnani,Sameer Bhavnani,1389000,2.55,https://www.youtube.com/watch?v=kV1VypA-c_c,https://i.ytimg.com/vi/kV1VypA-c_c/maxresdefault.jpg
disturbing things caught,disturbing things caught on dashcam footage,8 Most Disturbing Things Caught on Dashcam Footage (Vol. 3),Chilling Scares,21915771,6.73,https://www.youtube.com/watch?v=xQCR_Z0EpdI,https://i.ytimg.com/vi/xQCR_Z0EpdI/maxresdefault.jpg
disturbing things caught,disturbing things caught on dashcam footage,8 Most Disturbing Things Caught on Dashcam Footage,Chilling Scares,13348860,4.1,https://www.youtube.com/watch?v=DgMhZLYOcXM,https://i.ytimg.com/vi/DgMhZLYOcXM/maxresdefault.jpg
disturbing things caught,disturbing things caught on dashcam footage,8 Most Disturbing Things Caught on Dashcam Footage (Vol. 6),Chilling Scares,12547753,3.86,https://www.youtube.com/watch?v=BUfXcCWAeMw,https://i.ytimg.com/vi/BUfXcCWAeMw/maxresdefault.jpg
disturbing things caught,disturbing things caught on doorbell camera,10 Most Disturbing Things Caught on Doorbell Camera Footage,Chilling Scares,11592800,3.56,https://www.youtube.com/watch?v=MzznUfFGcOg,https://i.ytimg.com/vi/MzznUfFGcOg/maxresdefault.jpg
disturbing things caught,disturbing things caught on trucker dashcam,6 Most Disturbing Things Caught on Trucker Dashcam Footage,Chilling Scares,8868872,2.73,https://www.youtube.com/watch?v=v8YtccV2G94,https://i.ytimg.com/vi/v8YtccV2G94/maxresdefault.jpg
disturbing things caught,disturbing things caught on police bodycam,6 Most Disturbing Things Caught on Police Bodycam Footage,Chilling Scares,6822997,2.1,https://www.youtube.com/watch?v=W461pi5-meM,https://i.ytimg.com/vi/W461pi5-meM/maxresdefault.jpg
turns,turns into gold,Everything I Touch Turns Into Gold,Story Time Animated,3270243,4.3,https://www.youtube.com/watch?v=_WAsrf_GfH4,https://i.ytimg.com/vi/_WAsrf_GfH4/maxresdefault.jpg
turns,turns into grimace,"Dad TURNS INTO GRIMACE, What Happens Is Shocking | The Beast Family",The Beast Family,5292855,4.15,https://www.youtube.com/watch?v=Oc-FCHDTsVk,https://i.ytimg.com/vi/Oc-FCHDTsVk/maxresdefault.jpg
turns,turns into vampire,Dad TURNS Into VAMPIRE What Happens Next Is Shocking | The Beast Family,The Beast Family,4161374,3.26,https://www.youtube.com/watch?v=8tBzZa6Ww1Y,https://i.ytimg.com/vi/8tBzZa6Ww1Y/maxresdefault.jpg
turns,turns puppets into millions,Turns PUPPETS Into MILLIONS (I/B SuperMarioLogan) | Dhar Mann Studios,Dhar Mann Studios,11237428,2.11,https://www.youtube.com/watch?v=YgqgIqMK-g8,https://i.ytimg.com/vi/YgqgIqMK-g8/maxresdefault.jpg
bully,bully tries mortal kombat,"Bully Tries Mortal Kombat Fatality on Nerd, Then This Happens... | Sameer Bhavnani",Sameer Bhavnani,3661609,6.72,https://www.youtube.com/watch?v=8eFvO_6LTvM,https://i.ytimg.com/vi/8eFvO_6LTvM/maxresdefault.jpg
bully,bully doesn't know poor,BULLY Doesn't Know POOR KID Is A RAP GOD [Inspired By Eminem]  (PG-13) | Dhar Mann Studios,Dhar Mann Studios,18598983,3.49,https://www.youtube.com/watch?v=odIoBdfLaMs,https://i.ytimg.com/vi/odIoBdfLaMs/maxresdefault.jpg
bully,bully little girl,"MEAN BOYS BULLY Little GIRL IN BASKETBALL, They Live To Regret It | The Beast Family",The Beast Family,3644573,2.86,https://www.youtube.com/watch?v=L_5ySrmO1eU,https://i.ytimg.com/vi/L_5ySrmO1eU/maxresdefault.jpg
bully,bully,My Fifth Grade Bully,scribblejuice,6441194,2.67,https://www.youtube.com/watch?v=R7Br2Djr2so,https://i.ytimg.com/vi/R7Br2Djr2so/maxresdefault.jpg
must ending,must ending,Karen has Kid THROWN OFF Plane for ROBLOX. Must See Ending.,Totally Studios,10039793,7.13,https://www.youtube.com/watch?v=h5952FYqerM,https://i.ytimg.com/vi/h5952FYqerM/maxresdefault.jpg
must ending,must ending,Dad Gets SON'S GIRLFRIEND Pregnant! MUST SEE ENDING... | Sameer Bhavnani,Sameer Bhavnani,1282646,2.36,https://www.youtube.com/watch?v=4WQPSLUi9NQ,https://i.ytimg.com/vi/4WQPSLUi9NQ/maxresdefault.jpg
must ending,must ending,Girl THROWN OFF Plane for her iPHONE. Must See Ending.,Totally Studios,3295833,2.34,https://www.youtube.com/watch?v=HbEHEePWKTE,https://i.ytimg.com/vi/HbEHEePWKTE/maxresdefault.jpg
must ending,must ending ft freida pinto,Billionaire FALLS IN LOVE with Homeless Girl! MUST SEE ENDING! Ft. FREIDA PINTO | SAMEER BHAVNANI,Sameer Bhavnani,3541373,6.5,https://www.youtube.com/watch?v=B-EkPM0u92s,https://i.ytimg.com/vi/B-EkPM0u92s/maxresdefault.jpg
sad,sad,"Sister CHOOSES FAVORITE BROTHER, Sibling GET SAD | The Beast Family",The Beast Family,7565778,5.93,https://www.youtube.com/watch?v=E6oL0h_WnwM,https://i.ytimg.com/vi/E6oL0h_WnwM/maxresdefault.jpg
sad,sad,"Mom CHOOSES FAVORITE KID, Siblings GET SAD | THE BEAST FAMILY",The Beast Family,6306374,4.94,https://www.youtube.com/watch?v=ZYM_lRvkYyI,https://i.ytimg.com/vi/ZYM_lRvkYyI/maxresdefault.jpg
sad,sad of poppy,The SAD STORY of POPPY PLAYTIME... (Cartoon Animation),GameToons,12427226,3.9,https://www.youtube.com/watch?v=Z_pe0V72B94,https://i.ytimg.com/vi/Z_pe0V72B94/maxresdefault.jpg
sad,sad origin cartoon,ZOOKEEPER's SAD ORIGIN STORY... (Cartoon Animation),GameToons,9587613,3.01,https://www.youtube.com/watch?v=LagWKNf99zQ,https://i.ytimg.com/vi/LagWKNf99zQ/maxresdefault.jpg
control,control my mouth,I Can't Control My Mouth,Story Time Animated,4361368,5.74,https://www.youtube.com/watch?v=z2QZo_ju_d4,https://i.ytimg.com/vi/z2QZo_ju_d4/maxresdefault.jpg
control,control,I Have No Control Of My Life,Story Time Animated,2358897,3.1,https://www.youtube.com/watch?v=-d-7AQubEdk,https://i.ytimg.com/vi/-d-7AQubEdk/maxresdefault.jpg
control,control younger sister,OVERPROTECTIVE Bros Control YOUNGER SISTER | Dhar Mann Studios,Dhar Mann Studios,15528131,2.91,https://www.youtube.com/watch?v=RymnNFKcZHM,https://i.ytimg.com/vi/RymnNFKcZHM/maxresdefault.jpg
control,control school,Boys vs Girls: Control The School | Alan's Universe,Alan's Universe,93871675,2.84,https://www.youtube.com/watch?v=pN_kCx9bSAA,https://i.ytimg.com/vi/pN_kCx9bSAA/maxresdefault.jpg
control,control school billionaire,I Control the school Billionaire,Story Time Animated,1650646,2.17,https://www.youtube.com/watch?v=ZZRH1lQzPFg,https://i.ytimg.com/vi/ZZRH1lQzPFg/maxresdefault.jpg
nerd,nerd,"Bully Tries Mortal Kombat Fatality on Nerd, Then This Happens... | Sameer Bhavnani",Sameer Bhavnani,3661609,6.72,https://www.youtube.com/watch?v=8eFvO_6LTvM,https://i.ytimg.com/vi/8eFvO_6LTvM/maxresdefault.jpg
nerd,nerd,POPULAR GIRL Has SECRET CRUSH On NERD | Dhar Mann Studios,Dhar Mann Studios,12316683,2.31,https://www.youtube.com/watch?v=ka5VgMsLyGY,https://i.ytimg.com/vi/ka5VgMsLyGY/maxresdefault.jpg
nerd,nerd but my bf,"I’m a Nerd, But My BF is the Hottest Guy in School",MSA,43887484,2.81,https://www.youtube.com/watch?v=Lge3nbzp3dk,https://i.ytimg.com/vi/Lge3nbzp3dk/maxresdefault.jpg
nerd,nerd and popular girl,NERD and POPULAR GIRL FALL IN LOVE. The Ending is a Shock. Totally Studios.,Totally Studios,3513465,2.49,https://www.youtube.com/watch?v=_q4jer_2AZo,https://i.ytimg.com/vi/_q4jer_2AZo/maxresdefault.jpg
nerd,nerd to popular,NERD TO POPULAR. How to Become Popular in School with a Surprise Ending. Totally Studios.,Totally Studios,3082887,2.19,https://www.youtube.com/watch?v=ZotRunTXJ8I,https://i.ytimg.com/vi/ZotRunTXJ8I/maxresdefault.jpg
chooses favorite,chooses favorite baby brother jealous,"Girl CHOOSES FAVORITE BABY Brother, JEALOUS SIBLING Does Something HE REGRETS | The Beast Family",The Beast Family,13469162,10.56,https://www.youtube.com/watch?v=poVl9oPfILs,https://i.ytimg.com/vi/poVl9oPfILs/maxresdefault.jpg
chooses favorite,chooses favorite brother sibling,"Sister CHOOSES FAVORITE BROTHER, Sibling GET SAD | The Beast Family",The Beast Family,7565778,5.93,https://www.youtube.com/watch?v=E6oL0h_WnwM,https://i.ytimg.com/vi/E6oL0h_WnwM/maxresdefault.jpg
chooses favorite,chooses favorite kid siblings,"Mom CHOOSES FAVORITE KID, Siblings GET SAD | THE BEAST FAMILY",The Beast Family,6306374,4.94,https://www.youtube.com/watch?v=ZYM_lRvkYyI,https://i.ytimg.com/vi/ZYM_lRvkYyI/maxresdefault.jpg
chooses favorite,chooses favorite child lives,"Parent CHOOSES FAVORITE CHILD, Family Lives To Regret It | The Beast Family",The Beast Family,5033940,3.94,https://www.youtube.com/watch?v=g-AD_j1Zdjk,https://i.ytimg.com/vi/g-AD_j1Zdjk/maxresdefault.jpg
choice,choice and faces,Makes a Dangerous Choice and Faces the Consequences,Sameer Bhavnani,5913882,10.86,https://www.youtube.com/watch?v=4EH3DIs9C70,https://i.ytimg.com/vi/4EH3DIs9C70/maxresdefault.jpg
choice,choice scripted drama,He Makes a Terrible Choice | Scripted Drama,Sameer Bhavnani,3155300,5.79,https://www.youtube.com/watch?v=3zQg5hH8LmU,https://i.ytimg.com/vi/3zQg5hH8LmU/maxresdefault.jpg
choice,choice by a sadistic,I Was Given an Impossible Choice by a Sadistic Killer,Dr. NoSleep Podcast,37859,2.07,https://www.youtube.com/watch?v=zb85oZn-WQk,https://i.ytimg.com/vi/zb85oZn-WQk/maxresdefault.jpg
forever,forever,Millionaire Helps Homeless Black Teen Mom. Changes Her Life Forever.,SoulSnack,2012575,3.19,https://www.youtube.com/watch?v=F3QGHb4zupg,https://i.ytimg.com/vi/F3QGHb4zupg/maxresdefault.jpg
forever,forever,Nothing Stays Buried Forever,Dr. NoSleep Podcast,55151,3.01,https://www.youtube.com/watch?v=1P5Esl3sd4A,https://i.ytimg.com/vi/1P5Esl3sd4A/maxresdefault.jpg
forever,forever,A necklace changed my life forever,Story Time Animated,1925973,2.53,https://www.youtube.com/watch?v=g3W1mL2jhI4,https://i.ytimg.com/vi/g3W1mL2jhI4/maxresdefault.jpg
forever,forever a roblox movie,He Lived Forever: A Roblox Movie,ShanePlays 2,8528636,3.5,https://www.youtube.com/watch?v=XZ0sqbInfqc,https://i.ytimg.com/vi/XZ0sqbInfqc/maxresdefault.jpg
sea,sea,7 Days Stranded At Sea,MrBeast,444923458,2.95,https://www.youtube.com/watch?v=yhB3BgJyGl8,https://i.ytimg.com/vi/yhB3BgJyGl8/maxresdefault.jpg
sea,sea,SURVIVING 100 HOURS STRANDED AT SEA!,Ben Azelart,60060043,2.14,https://www.youtube.com/watch?v=bW4VeXchwdQ,https://i.ytimg.com/vi/bW4VeXchwdQ/maxresdefault.jpg
sea,sea that doesn't officially,I Work on an Oil Rig in the North Sea That Doesn't Officially Exist,Dr. NoSleep Podcast,187619,10.23,https://www.youtube.com/watch?v=TG3qPwr0X38,https://i.ytimg.com/vi/TG3qPwr0X38/maxresdefault.jpg
sea,sea i wish,"I Took a Job on an Oil Rig in the North Sea, I Wish I Never Had",Dr. NoSleep Podcast,45261,2.47,https://www.youtube.com/watch?v=s9ch4Ce3Hm8,https://i.ytimg.com/vi/s9ch4Ce3Hm8/maxresdefault.jpg
sea,sea fishing battle,Deep Sea Fishing Battle | Dude Perfect,Dude Perfect,106122621,2.15,https://www.youtube.com/watch?v=Hk5dxn5dj2M,https://i.ytimg.com/vi/Hk5dxn5dj2M/hqdefault.jpg
tested star,tested star theme parks,I Tested 1-Star Theme Parks,Ryan Trahan,38338723,3.8,https://www.youtube.com/watch?v=ut8kLRr3FjY,https://i.ytimg.com/vi/ut8kLRr3FjY/maxresdefault.jpg
tested star,tested star theme parks,I Tested 1-Star Theme Parks (again),Ryan Trahan,28499781,2.82,https://www.youtube.com/watch?v=3dBEz3kwzi0,https://i.ytimg.com/vi/3dBEz3kwzi0/maxresdefault.jpg
tested star,tested star drive thrus,I Tested 1-Star Drive Thrus,Ryan Trahan,42256077,4.19,https://www.youtube.com/watch?v=VlDTMIgGbRo,https://i.ytimg.com/vi/VlDTMIgGbRo/maxresdefault.jpg
tested star,tested star airlines,I Tested 1-Star Airlines,Ryan Trahan,36708278,3.64,https://www.youtube.com/watch?v=Bkj9eA77WLU,https://i.ytimg.com/vi/Bkj9eA77WLU/maxresdefault.jpg
tested star,tested star restaurants,I Tested 1-Star Restaurants,Ryan Trahan,35976999,3.56,https://www.youtube.com/watch?v=VIwwE1QrsWw,https://i.ytimg.com/vi/VIwwE1QrsWw/maxresdefault.jpg
tested star,tested star camping,I Tested 1-Star Camping,Ryan Trahan,33656702,3.33,https://www.youtube.com/watch?v=vWIzeSA4l-0,https://i.ytimg.com/vi/vWIzeSA4l-0/maxresdefault.jpg
employee,employee does wrong,Employee Does Wrong and Learns a Lesson | Scripted Drama,Sameer Bhavnani,8581060,15.76,https://www.youtube.com/watch?v=ZBjbVNIyK9g,https://i.ytimg.com/vi/ZBjbVNIyK9g/maxresdefault.jpg
employee,employee crosses a dangerous,A Trusted Employee Crosses a Dangerous Line | Scripted Drama,Sameer Bhavnani,3133568,5.75,https://www.youtube.com/watch?v=sQC39Um-Ac8,https://i.ytimg.com/vi/sQC39Um-Ac8/maxresdefault.jpg
employee,employee forces chinese,"Racist Employee FORCES Chinese to Wear Face Mask, He Gets Slapped! | Sameer Bhavnani",Sameer Bhavnani,1563680,2.87,https://www.youtube.com/watch?v=JDwxzUJi5qA,https://i.ytimg.com/vi/JDwxzUJi5qA/maxresdefault.jpg
employee,employee s wife,Boss Likes Employee’s Wife | @DramatizeMe,DramatizeMe,1972322,2.39,https://www.youtube.com/watch?v=BpK9Qzt6va8,https://i.ytimg.com/vi/BpK9Qzt6va8/maxresdefault.jpg
money,money,My Parents FORCED Me To Cry Because My Tears Are MONEY,Story Time Animated,4953000,6.52,https://www.youtube.com/watch?v=JGCDhqapqUA,https://i.ytimg.com/vi/JGCDhqapqUA/maxresdefault.jpg
money,money,"BROKE HUSBAND Keeps WASTING Money, What Happens Next Is Shocking | Illumeably",Illumeably,1800817,3.05,https://www.youtube.com/watch?v=TzVWSNBG-U4,https://i.ytimg.com/vi/TzVWSNBG-U4/maxresdefault.jpg
money,money,I Opened A Store That Pays You Money!,Unspeakable,26478789,2.15,https://www.youtube.com/watch?v=EOTBFYD0vv0,https://i.ytimg.com/vi/EOTBFYD0vv0/maxresdefault.jpg
money,money,Mom Forces DAUGHTER MARRY For MONEY! | Dhar Mann Studios,Dhar Mann Studios,11096315,2.08,https://www.youtube.com/watch?v=0eal3y2WIYQ,https://i.ytimg.com/vi/0eal3y2WIYQ/maxresdefault.jpg
money,money in 33 days,I spent all my dad money in 33 days,MSA,31403819,2.01,https://www.youtube.com/watch?v=-RnJvd75MoM,https://i.ytimg.com/vi/-RnJvd75MoM/maxresdefault.jpg
crazy,crazy mother poisons instantly,"Crazy Mother Poisons, Instantly Regrets It... | Sameer Bhavnani",Sameer Bhavnani,2211144,4.06,https://www.youtube.com/watch?v=cOmo0pB0sgg,https://i.ytimg.com/vi/cOmo0pB0sgg/maxresdefault.jpg
crazy,crazy entitled karen steals,Crazy Entitled Karen Steals PlayStation 5 From Black Kids. Then This Happens,SoulSnack,1722958,2.73,https://www.youtube.com/watch?v=jQbBSw6z1ns,https://i.ytimg.com/vi/jQbBSw6z1ns/maxresdefault.jpg
crazy,crazy ending,FARTING KID Kicked Out of School. Crazy Ending.,Totally Studios,3028438,2.15,https://www.youtube.com/watch?v=rMw2jSy88mM,https://i.ytimg.com/vi/rMw2jSy88mM/maxresdefault.jpg
crazy,crazy mom ruins son's,CRAZY Mom RUINS Son's WEDDING DAY | Illumeably,Illumeably,1183770,2.01,https://www.youtube.com/watch?v=51_xjnpJsBg,https://i.ytimg.com/vi/51_xjnpJsBg/maxresdefault.jpg
crazy,crazy neighbors,My Crazy Neighbors!,scribblejuice,4823077,2.0,https://www.youtube.com/watch?v=_8pJkv_FPo0,https://i.ytimg.com/vi/_8pJkv_FPo0/maxresdefault.jpg
thrown plane,thrown plane for faking pregnant,Karen Thrown OFF Plane for FAKING Pregnant.,Totally Studios,10712605,7.6,https://www.youtube.com/watch?v=CiXa-qB30wo,https://i.ytimg.com/vi/CiXa-qB30wo/maxresdefault.jpg
thrown plane,thrown plane for roblox must,Karen has Kid THROWN OFF Plane for ROBLOX. Must See Ending.,Totally Studios,10039793,7.13,https://www.youtube.com/watch?v=h5952FYqerM,https://i.ytimg.com/vi/h5952FYqerM/maxresdefault.jpg
thrown plane,thrown plane for her iphone,Girl THROWN OFF Plane for her iPHONE. Must See Ending.,Totally Studios,3295833,2.34,https://www.youtube.com/watch?v=HbEHEePWKTE,https://i.ytimg.com/vi/HbEHEePWKTE/maxresdefault.jpg
shock,shock,"BAD Kids DISRESPECT MOM, What Happens WILL SHOCK YOU | The Beast Family",The Beast Family,4410488,3.46,https://www.youtube.com/watch?v=hx9M21Mi1Oo,https://i.ytimg.com/vi/hx9M21Mi1Oo/maxresdefault.jpg
shock,shock,"Woman Catches Boyfriend In Bed with Her Mom, End Will Shock You.",Vid Chronicles,738855,3.38,https://www.youtube.com/watch?v=bX4wVdZqQEo,https://i.ytimg.com/vi/bX4wVdZqQEo/maxresdefault.jpg
shock,shock,"Wife Lies About Secret Lover Being Her Cousin, End Will Shock You.",Vid Chronicles,619769,2.83,https://www.youtube.com/watch?v=FmsbAPXgyEQ,https://i.ytimg.com/vi/FmsbAPXgyEQ/maxresdefault.jpg
shock,shock,"Gold Digger Almost Loses Her Life, What Happens Will Shock You.",Vid Chronicles,475305,2.17,https://www.youtube.com/watch?v=wf8bEVL4VQ0,https://i.ytimg.com/vi/wf8bEVL4VQ0/maxresdefault.jpg
shock,shock you pixultraa,"Husband Gives Cheating Wife Surprise Of Her Life, This Will Shock You. @PixUltraa",Vid Chronicles,4976310,22.76,https://www.youtube.com/watch?v=BvhUzNoVdRA,https://i.ytimg.com/vi/BvhUzNoVdRA/maxresdefault.jpg
listen,listen to mom,"Siblings DONT LISTEN To Mom, They Instantly Regret it | The Beast Family",The Beast Family,8135270,6.38,https://www.youtube.com/watch?v=_ymYt7odJsE,https://i.ytimg.com/vi/_ymYt7odJsE/maxresdefault.jpg
listen,listen to mom,"Bad Kids DON'T LISTEN To MOM, They LIVE To REGRET IT | THE BEAST FAMILY",The Beast Family,2594947,2.03,https://www.youtube.com/watch?v=SqlsOxOgscM,https://i.ytimg.com/vi/SqlsOxOgscM/maxresdefault.jpg
listen,listen to parents,"Big Brother AND Sister DONT LISTEN to PARENTS, What Happens Is Shocking | THE BEAST FAMILY",The Beast Family,8696016,6.81,https://www.youtube.com/watch?v=G4RtLO-C470,https://i.ytimg.com/vi/G4RtLO-C470/maxresdefault.jpg
listen,listen,"When The Waters Tell You It's Not For You, You Listen",Dr. NoSleep Podcast,37498,2.05,https://www.youtube.com/watch?v=d1E8stew4II,https://i.ytimg.com/vi/d1E8stew4II/maxresdefault.jpg
night,night of our lives,The SCARIEST Night of our Lives,The Royalty Family,53093736,3.12,https://www.youtube.com/watch?v=E_Uu5bKRpzc,https://i.ytimg.com/vi/E_Uu5bKRpzc/maxresdefault.jpg
night,night at 3 am,"The New Neighbor Knocks Every Night at 3 AM, He Doesn't Want to Come In",Dr. NoSleep Podcast,50612,2.76,https://www.youtube.com/watch?v=ncge7b7tJOk,https://i.ytimg.com/vi/ncge7b7tJOk/maxresdefault.jpg
night,night shift,4 Scary True Night Shift Stories,Mr. Nightmare,7307668,2.4,https://www.youtube.com/watch?v=OIZR6OOTzDU,https://i.ytimg.com/vi/OIZR6OOTzDU/maxresdefault.jpg
night,night dead started,"I Work In A Morgue, Last Night The Dead Started Whispering",Dr. NoSleep Podcast,37748,2.06,https://www.youtube.com/watch?v=2ZQn0ZILzd8,https://i.ytimg.com/vi/2ZQn0ZILzd8/maxresdefault.jpg
night,night in woods,The most terrifying night in the woods story I've ever told,MrBallen,5472330,2.05,https://www.youtube.com/watch?v=GFQzByJkbko,https://i.ytimg.com/vi/GFQzByJkbko/maxresdefault.jpg
color,color,I Built 4 SECRET Rooms In ONE COLOR!,Stokes Twins,282020793,5.5,https://www.youtube.com/watch?v=RqKDKaHPPlQ,https://i.ytimg.com/vi/RqKDKaHPPlQ/maxresdefault.jpg
color,color,I Built 5 SECRET Rooms In ONE COLOR!,Stokes Twins,179283112,3.49,https://www.youtube.com/watch?v=cfFtBojH_-Y,https://i.ytimg.com/vi/cfFtBojH_-Y/maxresdefault.jpg
color,color,I Learned Extreme Camouflage in One Color!,Stokes Twins,171182365,3.34,https://www.youtube.com/watch?v=0hzcYyR9k9U,https://i.ytimg.com/vi/0hzcYyR9k9U/maxresdefault.jpg
color,color,I Ate Rare Food In EVERY Color,Nick DiGiovanni,87367259,2.54,https://www.youtube.com/watch?v=GPgW3MWmQwM,https://i.ytimg.com/vi/GPgW3MWmQwM/maxresdefault.jpg
color,color food for 24,Eating Only ONE COLOR Food for 24 Hours!,Stokes Twins,107325018,2.09,https://www.youtube.com/watch?v=nGTYZRs0ljw,https://i.ytimg.com/vi/nGTYZRs0ljw/maxresdefault.jpg
eats,eats black grand mother,Racist Karen Cop EATS Black Grand Mother! | Sameer Bhavnani,Sameer Bhavnani,2355031,4.32,https://www.youtube.com/watch?v=ha_MhVJQAF8,https://i.ytimg.com/vi/ha_MhVJQAF8/maxresdefault.jpg
eats,eats too much,"Girl EATS TOO MUCH MrBeast CHOCOLATE, She Lives To Regret It | THE BEAST FAMILY",The Beast Family,4814719,3.77,https://www.youtube.com/watch?v=Mi62PlhH4Vk,https://i.ytimg.com/vi/Mi62PlhH4Vk/maxresdefault.jpg
eats,eats,"BABY CHOOSES WHAT FAMILY EATS, What Happens Is Shocking | THE BEAST FAMILY",The Beast Family,4062344,3.18,https://www.youtube.com/watch?v=oT-0hDoPdWw,https://i.ytimg.com/vi/oT-0hDoPdWw/maxresdefault.jpg
eats,eats customer food,Delivery Driver Eats Customer Food!,Totally Studios,3261328,2.31,https://www.youtube.com/watch?v=VjNK3JybNRU,https://i.ytimg.com/vi/VjNK3JybNRU/maxresdefault.jpg
birthday,birthday,Surprising Our Son with DREAM 15th Birthday,The Royalty Family,51726602,3.04,https://www.youtube.com/watch?v=4bMAzJQNMm4,https://i.ytimg.com/vi/4bMAzJQNMm4/maxresdefault.jpg
birthday,birthday,Crazy Karen Destroys Children's Birthday Party. Then This Happens,SoulSnack,1836744,2.91,https://www.youtube.com/watch?v=hyKzn8Jc7AI,https://i.ytimg.com/vi/hyKzn8Jc7AI/maxresdefault.jpg
birthday,birthday,I Invited 100 Celebrities To My Birthday,Ryan Trahan,22033879,2.18,https://www.youtube.com/watch?v=Ug4lB6XvUT0,https://i.ytimg.com/vi/Ug4lB6XvUT0/maxresdefault.jpg
birthday,birthday instantly regrets,"Jealous Girl DESTROYS BROTHERS BIRTHDAY, Instantly Regrets It | THE BEAST FAMILY",The Beast Family,5902083,4.63,https://www.youtube.com/watch?v=gVunRmNXxqc,https://i.ytimg.com/vi/gVunRmNXxqc/maxresdefault.jpg
brother sister,brother sister keep fighting,"Brother And Sister KEEP FIGHTING, They Live To Regret It | The Beast Family",The Beast Family,11428029,8.96,https://www.youtube.com/watch?v=79O9JycPhT4,https://i.ytimg.com/vi/79O9JycPhT4/maxresdefault.jpg
brother sister,brother sister dont listen,"Big Brother AND Sister DONT LISTEN to PARENTS, What Happens Is Shocking | THE BEAST FAMILY",The Beast Family,8696016,6.81,https://www.youtube.com/watch?v=G4RtLO-C470,https://i.ytimg.com/vi/G4RtLO-C470/maxresdefault.jpg
brother sister,brother sister skip school,"Brother and Sister SKIP SCHOOL, What Happens Is Shocking | The Beast Family",The Beast Family,4371709,3.43,https://www.youtube.com/watch?v=5JKehi0L0ik,https://i.ytimg.com/vi/5JKehi0L0ik/maxresdefault.jpg
driver,driver takes advantage,"An Uber Driver Takes Advantage of A Drunk Girl, Then This Happens... | Sameer Bhavnani",Sameer Bhavnani,2598121,4.77,https://www.youtube.com/watch?v=zir6uw3wycY,https://i.ytimg.com/vi/zir6uw3wycY/maxresdefault.jpg
driver,driver catches girlfriend cheating,Uber Driver Catches Girlfriend CHEATING! She Lives to Regret It... | Sameer Bhavnani,Sameer Bhavnani,1304005,2.39,https://www.youtube.com/watch?v=rWnQOWY3g_g,https://i.ytimg.com/vi/rWnQOWY3g_g/maxresdefault.jpg
driver,driver eats customer food,Delivery Driver Eats Customer Food!,Totally Studios,3261328,2.31,https://www.youtube.com/watch?v=VjNK3JybNRU,https://i.ytimg.com/vi/VjNK3JybNRU/maxresdefault.jpg
driver,driver who killed,Father Meets DRUNK DRIVER who KILLED his Son!!!!! You WON'T Believe What he Does Next,Life Lessons With Luis,4263759,2.22,https://www.youtube.com/watch?v=drPo7fGzerI,https://i.ytimg.com/vi/drPo7fGzerI/maxresdefault.jpg
driver,driver prank,Invisible Driver Prank,Airrack,22422574,2.17,https://www.youtube.com/watch?v=vgd20co9vp8,https://i.ytimg.com/vi/vgd20co9vp8/maxresdefault.jpg
driving,driving while black,Hillbilly Cops Pull Over Powerful Black Judge for Driving While Black. Then This Happens,SoulSnack,3402990,5.4,https://www.youtube.com/watch?v=VmR2KaMlo_o,https://i.ytimg.com/vi/VmR2KaMlo_o/maxresdefault.jpg
driving,driving stereotypes ft dale,Driving Stereotypes ft. Dale Jr,Dude Perfect,143259269,2.91,https://www.youtube.com/watch?v=Vzv40VWL5ho,https://i.ytimg.com/vi/Vzv40VWL5ho/maxresdefault.jpg
driving,driving instructor fails black,Racist Driving Instructor Fails Black Student For No Reason,SoulSnack,1676851,2.66,https://www.youtube.com/watch?v=x29plZ5rV4E,https://i.ytimg.com/vi/x29plZ5rV4E/maxresdefault.jpg
driving,driving toy car,Policeman Pulls Over Kids Driving Toy Car. Then This Happens.,SoulSnack,1357340,2.15,https://www.youtube.com/watch?v=U0ulMazVeI4,https://i.ytimg.com/vi/U0ulMazVeI4/maxresdefault.jpg
driving,driving my school bus,I Survived 50 Hours Driving My School Bus,Unspeakable,26321491,2.14,https://www.youtube.com/watch?v=uvIcoNG6SY8,https://i.ytimg.com/vi/uvIcoNG6SY8/maxresdefault.jpg
boys,boys fight,I made the 2 hottest boys fight over me,Story Time Animated,3494250,4.6,https://www.youtube.com/watch?v=ptbVbiVxz-I,https://i.ytimg.com/vi/ptbVbiVxz-I/maxresdefault.jpg
boys,boys bully little girl,"MEAN BOYS BULLY Little GIRL IN BASKETBALL, They Live To Regret It | The Beast Family",The Beast Family,3644573,2.86,https://www.youtube.com/watch?v=L_5ySrmO1eU,https://i.ytimg.com/vi/L_5ySrmO1eU/maxresdefault.jpg
boys,boys vs girls control,Boys vs Girls: Control The School | Alan's Universe,Alan's Universe,93871675,2.84,https://www.youtube.com/watch?v=pN_kCx9bSAA,https://i.ytimg.com/vi/pN_kCx9bSAA/maxresdefault.jpg
boys,boys vs 100 girls,"100 Boys Vs 100 Girls For $500,000",MrBeast,314957734,2.09,https://www.youtube.com/watch?v=tVWWp1PqDus,https://i.ytimg.com/vi/tVWWp1PqDus/maxresdefault.jpg
animation minecraft,animation minecraft ep 14,Cave Spider Roller Coaster - Animation vs. Minecraft Shorts Ep. 14,Alan Becker,535325166,7.3,https://www.youtube.com/watch?v=pCBP4M08ndE,https://i.ytimg.com/vi/pCBP4M08ndE/maxresdefault.jpg
animation minecraft,animation minecraft original,Animation vs. Minecraft (original),Alan Becker,351637875,4.79,https://www.youtube.com/watch?v=GW_fdXHOWp4,https://i.ytimg.com/vi/GW_fdXHOWp4/maxresdefault.jpg
animation minecraft,animation minecraft ep 5,Note Blocks - Animation vs. Minecraft Shorts Ep. 5 (music by AaronGrooves),Alan Becker,235878667,3.22,https://www.youtube.com/watch?v=c9DrryMw248,https://i.ytimg.com/vi/c9DrryMw248/hqdefault.jpg
animation minecraft,animation minecraft ep 22,Parkour - Animation vs. Minecraft Shorts Ep. 22,Alan Becker,208605383,2.84,https://www.youtube.com/watch?v=q4dANhP7BVg,https://i.ytimg.com/vi/q4dANhP7BVg/maxresdefault.jpg
animation minecraft,animation minecraft ep 16,Note Block Battle - Animation vs. Minecraft Shorts Ep 16 (Music by AaronGrooves),Alan Becker,185957556,2.54,https://www.youtube.com/watch?v=c0egcErkap0,https://i.ytimg.com/vi/c0egcErkap0/maxresdefault.jpg
animation minecraft,animation minecraft ep 3,The Roller Coaster - Animation vs. Minecraft Shorts Ep. 3,Alan Becker,178209401,2.43,https://www.youtube.com/watch?v=cPWPAjYb5eI,https://i.ytimg.com/vi/cPWPAjYb5eI/hqdefault.jpg
animation minecraft,animation minecraft,The Building Contest - Animation vs. Minecraft Shorts Ep. 2,Alan Becker,147690501,2.01,https://www.youtube.com/watch?v=J_PRXuovweE,https://i.ytimg.com/vi/J_PRXuovweE/maxresdefault.jpg
surprise ending,surprise ending,Karen FLUSHES IPHONE on a Plane. And she BANS PHONES in School. Surprise Ending.,Totally Studios,6688821,4.75,https://www.youtube.com/watch?v=RgYcbMQjhas,https://i.ytimg.com/vi/RgYcbMQjhas/maxresdefault.jpg
surprise ending,surprise ending,Student CALLED FAT and LAZY by Coach at School. Must see Surprise Ending. Totally Studios,Totally Studios,4458001,3.16,https://www.youtube.com/watch?v=zu6ZwekCSy8,https://i.ytimg.com/vi/zu6ZwekCSy8/maxresdefault.jpg
surprise ending,surprise ending,9 YEAR OLD Girl Meets KIDNAPPER!!! Surprise ENDING!!!!,Life Lessons With Luis,5295600,2.76,https://www.youtube.com/watch?v=0Z3CLkojZs4,https://i.ytimg.com/vi/0Z3CLkojZs4/maxresdefault.jpg
surprise ending,surprise ending,Rich Girl STEALS New iPHONE from Poor Classmate at School. Must See Surprise Ending.,Totally Studios,3590171,2.55,https://www.youtube.com/watch?v=0OPz7OKfBD8,https://i.ytimg.com/vi/0OPz7OKfBD8/maxresdefault.jpg
surprise ending,surprise ending,NERD TO POPULAR. How to Become Popular in School with a Surprise Ending. Totally Studios.,Totally Studios,3082887,2.19,https://www.youtube.com/watch?v=ZotRunTXJ8I,https://i.ytimg.com/vi/ZotRunTXJ8I/maxresdefault.jpg
surprise ending,surprise ending,Kid Kicked Off Plane for MINECRAFT. What went wrong? With Surprise Ending.,Totally Studios,2967051,2.11,https://www.youtube.com/watch?v=rXAGkmTbgMk,https://i.ytimg.com/vi/rXAGkmTbgMk/maxresdefault.jpg
hair,hair,"Roblox Music Video ♪ ""Stronger"" (The Bacon Hair)",ObliviousHD,265111203,8.7,https://www.youtube.com/watch?v=FUjSXVdom-Y,https://i.ytimg.com/vi/FUjSXVdom-Y/hqdefault.jpg
hair,hair,The History of my Hair,JaidenAnimations,44575132,2.0,https://www.youtube.com/watch?v=e5dir37rPok,https://i.ytimg.com/vi/e5dir37rPok/maxresdefault.jpg
hair,hair is worth,My Hair Is Worth More Than Gold,Story Time Animated,2563748,3.37,https://www.youtube.com/watch?v=tS3_mnCr68k,https://i.ytimg.com/vi/tS3_mnCr68k/maxresdefault.jpg
hair,hair is unique,my hair is unique,MSA,35645307,2.28,https://www.youtube.com/watch?v=sXAsy4bk5PI,https://i.ytimg.com/vi/sXAsy4bk5PI/maxresdefault.jpg
like,like,"I'm A Paranormal Investigator, I've Never Seen Anything Like This Before",Dr. NoSleep Podcast,77114,4.21,https://www.youtube.com/watch?v=43SWUWREhxU,https://i.ytimg.com/vi/43SWUWREhxU/maxresdefault.jpg
like,like,Vaping Be Like,ChainsFR,22746258,2.93,https://www.youtube.com/watch?v=pfJ5XjwYVM0,https://i.ytimg.com/vi/pfJ5XjwYVM0/maxresdefault.jpg
like,like,The First Day of School Be Like..,Tyler Vitelli,1998645,2.25,https://www.youtube.com/watch?v=rVFNX8GJNCs,https://i.ytimg.com/vi/rVFNX8GJNCs/maxresdefault.jpg
like,like,The First Day of School Be Like,ChainsFR,16365348,2.11,https://www.youtube.com/watch?v=A2c1q-lyCXU,https://i.ytimg.com/vi/A2c1q-lyCXU/maxresdefault.jpg
like,like,What It's Like To Be A Redhead In A Family Of Blondes,MSA,32636464,2.09,https://www.youtube.com/watch?v=S7SICsg-OQ8,https://i.ytimg.com/vi/S7SICsg-OQ8/maxresdefault.jpg
embarrassing,embarrassing childhood,Embarrassing Childhood Stories,Bugs,9441873,4.36,https://www.youtube.com/watch?v=6BhgTYG7B9Q,https://i.ytimg.com/vi/6BhgTYG7B9Q/maxresdefault.jpg
embarrassing,embarrassing childhood,Embarrassing Childhood Stories,Socks Animations ,19077832,3.15,https://www.youtube.com/watch?v=yACKsCRqD1k,https://i.ytimg.com/vi/yACKsCRqD1k/maxresdefault.jpg
embarrassing,embarrassing school,Embarrassing School Moments We All Had,Tyler Vitelli,5530428,6.21,https://www.youtube.com/watch?v=v0411NQ-0YI,https://i.ytimg.com/vi/v0411NQ-0YI/maxresdefault.jpg
disabled,disabled girl ending,Cops Harass 10 Year Old Disabled Girl. The Ending is Shocking.,SoulSnack,3544285,5.62,https://www.youtube.com/watch?v=O-LDiyAGG1E,https://i.ytimg.com/vi/O-LDiyAGG1E/maxresdefault.jpg
disabled,disabled girlfriend she lives,"Mom REJECTS Son's Disabled Girlfriend, She Lives To Regret It | Illumeably",Illumeably,2331457,3.95,https://www.youtube.com/watch?v=zslQ_eJS1rs,https://i.ytimg.com/vi/zslQ_eJS1rs/maxresdefault.jpg
disabled,disabled guy rejected,"DISABLED Guy REJECTED On A Date, What Happens Is Shocking | Illumeably",Illumeably,1498186,2.54,https://www.youtube.com/watch?v=adgnNxEibgE,https://i.ytimg.com/vi/adgnNxEibgE/maxresdefault.jpg
disabled,disabled husband,Wife Is Forced To Abandon Disabled Husband | @DramatizeMe,DramatizeMe,1746603,2.12,https://www.youtube.com/watch?v=EUldYSBwur8,https://i.ytimg.com/vi/EUldYSBwur8/maxresdefault.jpg
fight,fight,I made the 2 hottest boys fight over me,Story Time Animated,3494250,4.6,https://www.youtube.com/watch?v=ptbVbiVxz-I,https://i.ytimg.com/vi/ptbVbiVxz-I/maxresdefault.jpg
fight,fight,I Had NO IDEA These Billionaire Twins Would Fight Over Me,Story Time Animated,1840469,2.42,https://www.youtube.com/watch?v=NxxCLacpS6s,https://i.ytimg.com/vi/NxxCLacpS6s/maxresdefault.jpg
fight,fight for 1 000,"50 YouTubers Fight For $1,000,000",MrBeast,489099379,3.24,https://www.youtube.com/watch?v=4SNThp0YiU4,https://i.ytimg.com/vi/4SNThp0YiU4/maxresdefault.jpg
fight,fight for 500 000,"Ages 1 - 100 Fight For $500,000",MrBeast,469992749,3.11,https://www.youtube.com/watch?v=FM7Z-Xq8Drc,https://i.ytimg.com/vi/FM7Z-Xq8Drc/maxresdefault.jpg
fight,fight parents for 500,"100 Kids Fight Parents For $500,000",MrBeast,349561891,2.32,https://www.youtube.com/watch?v=0CTp1a-aCUM,https://i.ytimg.com/vi/0CTp1a-aCUM/maxresdefault.jpg
job,job,"$1 vs $10,000,000 Job!",MrBeast,334094349,2.21,https://www.youtube.com/watch?v=Wdjh81uH6FU,https://i.ytimg.com/vi/Wdjh81uH6FU/maxresdefault.jpg
job,job,I Survived the World's Loneliest Job,Ryan Trahan,20480083,2.03,https://www.youtube.com/watch?v=cG22jPC9J_0,https://i.ytimg.com/vi/cG22jPC9J_0/maxresdefault.jpg
job,job as a security,"I Took a Job as a Security Officer at Area 51, I Found a Strange Set of Rules to Follow",Dr. NoSleep Podcast,69228,3.78,https://www.youtube.com/watch?v=s4XJnbZBOqs,https://i.ytimg.com/vi/s4XJnbZBOqs/maxresdefault.jpg
job,job on an oil,"I Took a Job on an Oil Rig in the North Sea, I Wish I Never Had",Dr. NoSleep Podcast,45261,2.47,https://www.youtube.com/watch?v=s9ch4Ce3Hm8,https://i.ytimg.com/vi/s9ch4Ce3Hm8/maxresdefault.jpg
job,job at mansion,My Mom HID The Truth About Her Job At The Mansion,Story Time Animated,1527118,2.01,https://www.youtube.com/watch?v=vney4UwIa8g,https://i.ytimg.com/vi/vney4UwIa8g/maxresdefault.jpg
live,live in a grocery,How Long Could You Secretly Live In A Grocery Store?,Airrack,24490436,2.37,https://www.youtube.com/watch?v=HUZHDrckHSs,https://i.ytimg.com/vi/HUZHDrckHSs/maxresdefault.jpg
live,live in a grocery,How Many Days Can I Secretly Live In a Grocery Store?,Airrack,22626850,2.19,https://www.youtube.com/watch?v=wn-deqrkNP8,https://i.ytimg.com/vi/wn-deqrkNP8/maxresdefault.jpg
live,live cartoon animation,CATNAP Has Only 24 HOURS to LIVE!? (Cartoon Animation),GameToons,8626216,2.71,https://www.youtube.com/watch?v=G0KKI0OBkDM,https://i.ytimg.com/vi/G0KKI0OBkDM/maxresdefault.jpg
live,live in a post,"I Live in a Post-Apocalyptic World, and Nowhere Is Safe",Dr. NoSleep Podcast,40467,2.21,https://www.youtube.com/watch?v=8DTRKXFuzJM,https://i.ytimg.com/vi/8DTRKXFuzJM/maxresdefault.jpg
live,live,Pregnant Wife EXPOSED on Instagram Live!!!!,Life Lessons With Luis,4110546,2.14,https://www.youtube.com/watch?v=2WU7pwGOhR8,https://i.ytimg.com/vi/2WU7pwGOhR8/maxresdefault.jpg
brothers,brothers,My Brothers won't let me date until 18!,MSA,36608461,2.34,https://www.youtube.com/watch?v=JNb_qfFYPk4,https://i.ytimg.com/vi/JNb_qfFYPk4/maxresdefault.jpg
brothers,brothers,My 7 Brothers Won't Let Me Date | Alan's Universe,Alan's Universe,69373202,2.1,https://www.youtube.com/watch?v=UEIUCXebSrw,https://i.ytimg.com/vi/UEIUCXebSrw/maxresdefault.jpg
brothers,brothers birthday instantly regrets,"Jealous Girl DESTROYS BROTHERS BIRTHDAY, Instantly Regrets It | THE BEAST FAMILY",The Beast Family,5902083,4.63,https://www.youtube.com/watch?v=gVunRmNXxqc,https://i.ytimg.com/vi/gVunRmNXxqc/maxresdefault.jpg
brothers,brothers a roblox movie,Big Sister Hated Little Twin Brothers: A Roblox Movie,ShanePlays 2,7758178,3.19,https://www.youtube.com/watch?v=58-uQZQhvIA,https://i.ytimg.com/vi/58-uQZQhvIA/maxresdefault.jpg
babysitter,babysitter,i Survived the World's STRICTEST Babysitter,The Royalty Family,58707304,3.45,https://www.youtube.com/watch?v=oC2o2-Nteyw,https://i.ytimg.com/vi/oC2o2-Nteyw/maxresdefault.jpg
babysitter,babysitter,"MOM CATCHES BAD BABYSITTER, What Happens Next Is Shocking | THE BEAST FAMILY",The Beast Family,3435020,2.69,https://www.youtube.com/watch?v=YQNZWZYihao,https://i.ytimg.com/vi/YQNZWZYihao/maxresdefault.jpg
babysitter,babysitter drowns kid,Evil Babysitter DROWNS KID in Pool!!!! Leaves Her For Dead!!!!,Life Lessons With Luis,11056993,5.76,https://www.youtube.com/watch?v=j1YlMYuM7jg,https://i.ytimg.com/vi/j1YlMYuM7jg/maxresdefault.jpg
babysitter,babysitter season 1,BAD BABYSITTER SEASON 1,The Beast Family,3783755,2.97,https://www.youtube.com/watch?v=miKO9oKAzsE,https://i.ytimg.com/vi/miKO9oKAzsE/maxresdefault.jpg
drunk,drunk girl,"An Uber Driver Takes Advantage of A Drunk Girl, Then This Happens... | Sameer Bhavnani",Sameer Bhavnani,2598121,4.77,https://www.youtube.com/watch?v=zir6uw3wycY,https://i.ytimg.com/vi/zir6uw3wycY/maxresdefault.jpg
drunk,drunk girl home,Man Brings Drunk Girl Home | @DramatizeMe,DramatizeMe,3511745,4.26,https://www.youtube.com/watch?v=6fR5686uN-I,https://i.ytimg.com/vi/6fR5686uN-I/maxresdefault.jpg
drunk,drunk driver who killed,Father Meets DRUNK DRIVER who KILLED his Son!!!!! You WON'T Believe What he Does Next,Life Lessons With Luis,4263759,2.22,https://www.youtube.com/watch?v=drPo7fGzerI,https://i.ytimg.com/vi/drPo7fGzerI/maxresdefault.jpg
dead,dead,Evil Babysitter DROWNS KID in Pool!!!! Leaves Her For Dead!!!!,Life Lessons With Luis,11056993,5.76,https://www.youtube.com/watch?v=j1YlMYuM7jg,https://i.ytimg.com/vi/j1YlMYuM7jg/maxresdefault.jpg
dead,dead,My Parents Thought They Were Imaginary... They Were DEAD,Story Time Animated,1912926,2.52,https://www.youtube.com/watch?v=eztZ--SPgpc,https://i.ytimg.com/vi/eztZ--SPgpc/maxresdefault.jpg
dead,dead,Future Portraits of the Unhappy Dead,Dr. NoSleep Podcast,40235,2.19,https://www.youtube.com/watch?v=TOF87mLVD1o,https://i.ytimg.com/vi/TOF87mLVD1o/maxresdefault.jpg
dead,dead people top 3,They all heard dead people • Top 3 Strange But True (*MATURE AUDIENCES*),MrBallen,5548208,2.08,https://www.youtube.com/watch?v=eCdzzoB7jrQ,https://i.ytimg.com/vi/eCdzzoB7jrQ/hqdefault.jpg
dead,dead started whispering,"I Work In A Morgue, Last Night The Dead Started Whispering",Dr. NoSleep Podcast,37748,2.06,https://www.youtube.com/watch?v=2ZQn0ZILzd8,https://i.ytimg.com/vi/2ZQn0ZILzd8/maxresdefault.jpg
spent days,spent days in metaverse,I Spent 100 Days in the Metaverse,Ryan Trahan,54828008,5.43,https://www.youtube.com/watch?v=mufeRQYgqZc,https://i.ytimg.com/vi/mufeRQYgqZc/maxresdefault.jpg
spent days,spent days in realistic minecraft,I Spent 100 Days in Realistic Minecraft,Ryan Trahan,48477694,4.8,https://www.youtube.com/watch?v=OHbKGR7N1iI,https://i.ytimg.com/vi/OHbKGR7N1iI/maxresdefault.jpg
spent days,spent days in grand theft,I Spent 100 Days in Grand Theft Auto,Ryan Trahan,29443713,2.92,https://www.youtube.com/watch?v=vAiuLJoWJl0,https://i.ytimg.com/vi/vAiuLJoWJl0/maxresdefault.jpg
spent days,spent days in pok mon,I Spent 100 Days in Pokémon,Ryan Trahan,22065277,2.19,https://www.youtube.com/watch?v=4hi0YBa4I6I,https://i.ytimg.com/vi/4hi0YBa4I6I/maxresdefault.jpg
spent days,spent days buried alive,I Spent 7 Days Buried Alive,MrBeast,323700333,2.14,https://www.youtube.com/watch?v=7dYTw-jAYkY,https://i.ytimg.com/vi/7dYTw-jAYkY/maxresdefault.jpg
spent days,spent days in solitary confinement,I Spent 7 Days In Solitary Confinement,MrBeast,305079187,2.02,https://www.youtube.com/watch?v=K_CbgLpvH9E,https://i.ytimg.com/vi/K_CbgLpvH9E/maxresdefault.jpg
steal,steal playstation 5,Crazy Karen Tries to Steal Playstation 5 from Black Teen. Then She Calls The Police On Him,SoulSnack,5223060,8.29,https://www.youtube.com/watch?v=veLYG88yYIU,https://i.ytimg.com/vi/veLYG88yYIU/maxresdefault.jpg
steal,steal iphone 13,Angry Old White Man Tries to Steal iPhone 13 from Small Children,SoulSnack,3205346,5.09,https://www.youtube.com/watch?v=EGszMYq8OMI,https://i.ytimg.com/vi/EGszMYq8OMI/maxresdefault.jpg
steal,steal and run,FASTEST TEEN Forced To Steal and Run From Cops! | Dhar Mann Studios,Dhar Mann Studios,18107611,3.39,https://www.youtube.com/watch?v=8eyV196Tj_U,https://i.ytimg.com/vi/8eyV196Tj_U/maxresdefault.jpg
truth,truth,Cheating Wife Failed At Hiding Truth | @DramatizeMe,DramatizeMe,3871322,4.7,https://www.youtube.com/watch?v=_UjYk7QWkUc,https://i.ytimg.com/vi/_UjYk7QWkUc/maxresdefault.jpg
truth,truth,My Parents LIED About My Blindness Until I Found The Dark Truth,Story Time Animated,1659887,2.18,https://www.youtube.com/watch?v=SFkxspWIsSY,https://i.ytimg.com/vi/SFkxspWIsSY/maxresdefault.jpg
truth,truth comes out scripted,A Game Console Is Taken—and the Truth Comes Out | Scripted Drama,Sameer Bhavnani,4589039,8.43,https://www.youtube.com/watch?v=luqizqtAxmo,https://i.ytimg.com/vi/luqizqtAxmo/maxresdefault.jpg
truth,truth i uncovered,From Warrior to Bodyguard—The Truth I Uncovered Will Stun You!,MSA,32260832,2.07,https://www.youtube.com/watch?v=dGyyRGy-CUk,https://i.ytimg.com/vi/dGyyRGy-CUk/maxresdefault.jpg
truth,truth about her job,My Mom HID The Truth About Her Job At The Mansion,Story Time Animated,1527118,2.01,https://www.youtube.com/watch?v=vney4UwIa8g,https://i.ytimg.com/vi/vney4UwIa8g/maxresdefault.jpg
dream,dream birthday surprise,Our Son's DREAM Birthday Surprise!,The Royalty Family,74016477,4.35,https://www.youtube.com/watch?v=CqIMF0M-XrU,https://i.ytimg.com/vi/CqIMF0M-XrU/maxresdefault.jpg
dream,dream vacation,First Class Dream Vacation!,The Royalty Family,52912906,3.11,https://www.youtube.com/watch?v=pE09zW0m0Kk,https://i.ytimg.com/vi/pE09zW0m0Kk/maxresdefault.jpg
dream,dream 15th birthday,Surprising Our Son with DREAM 15th Birthday,The Royalty Family,51726602,3.04,https://www.youtube.com/watch?v=4bMAzJQNMm4,https://i.ytimg.com/vi/4bMAzJQNMm4/maxresdefault.jpg
dream,dream dog house,"I BUILT A $100,000 DREAM DOG HOUSE!!",Ben Azelart,74891894,2.66,https://www.youtube.com/watch?v=zEMCRFnAUUM,https://i.ytimg.com/vi/zEMCRFnAUUM/maxresdefault.jpg
dream,dream room transformation,Surprising Our Son with DREAM Room Transformation,The Royalty Family,36851083,2.17,https://www.youtube.com/watch?v=Lq4UK822eys,https://i.ytimg.com/vi/Lq4UK822eys/maxresdefault.jpg
trapped,trapped in hot car,Homeless Man Saves Baby Girl Trapped in Hot Car While The Mom Goes Shopping.,SoulSnack,2246833,3.57,https://www.youtube.com/watch?v=1SlLZ451iAc,https://i.ytimg.com/vi/1SlLZ451iAc/maxresdefault.jpg
trapped,trapped win 500 000,"Survive 100 Days Trapped, Win $500,000",MrBeast,475456299,3.15,https://www.youtube.com/watch?v=9RhWXPcKBI8,https://i.ytimg.com/vi/9RhWXPcKBI8/maxresdefault.jpg
trapped,trapped 25 strangers,I Trapped 25 Strangers In A Box,Airrack,23383019,2.26,https://www.youtube.com/watch?v=xcGiyOxZpCw,https://i.ytimg.com/vi/xcGiyOxZpCw/maxresdefault.jpg
trapped,trapped in stranger,Woman Saves Girl Trapped In Stranger’s Car | @DramatizeMe,DramatizeMe,1835554,2.23,https://www.youtube.com/watch?v=ujGexbqs68s,https://i.ytimg.com/vi/ujGexbqs68s/maxresdefault.jpg
vol,vol 3,8 Most Disturbing Things Caught on Dashcam Footage (Vol. 3),Chilling Scares,21915771,6.73,https://www.youtube.com/watch?v=xQCR_Z0EpdI,https://i.ytimg.com/vi/xQCR_Z0EpdI/maxresdefault.jpg
vol,vol 3,Scary Videos Caught on Ring Cameras (Vol. 3),Mr. Nightmare,6408451,2.11,https://www.youtube.com/watch?v=r-ViIM4eZiI,https://i.ytimg.com/vi/r-ViIM4eZiI/maxresdefault.jpg
vol,vol 6,8 Most Disturbing Things Caught on Dashcam Footage (Vol. 6),Chilling Scares,12547753,3.86,https://www.youtube.com/watch?v=BUfXcCWAeMw,https://i.ytimg.com/vi/BUfXcCWAeMw/maxresdefault.jpg
vol,vol 5,3 Disturbing True Craigslist Horror Stories - Vol. 5,Mr. Nightmare,6356076,2.09,https://www.youtube.com/watch?v=xrf2adnAKv0,https://i.ytimg.com/vi/xrf2adnAKv0/maxresdefault.jpg
vol,vol,3 Disturbing True Snapchat Stories - Vol 2,Mr. Nightmare,6236729,2.05,https://www.youtube.com/watch?v=PZ2dBgAof70,https://i.ytimg.com/vi/PZ2dBgAof70/hqdefault.jpg
vol,vol 1,Top 5 Bingeable SCARY STORIES • PLACES You Can't Go Edition Vol. 1,MrBallen,5381721,2.01,https://www.youtube.com/watch?v=kYnAoco4Fbo,https://i.ytimg.com/vi/kYnAoco4Fbo/maxresdefault.jpg
kicked,kicked,MEAN Mom KICKED OUT Her ONLY Son! (A Roblox Movie),ShanePlays 2,8940998,3.67,https://www.youtube.com/watch?v=2lPWcSKlo6o,https://i.ytimg.com/vi/2lPWcSKlo6o/maxresdefault.jpg
kicked,kicked,PREGNANT TEEN Kicked Out Of Her House,Illumeably,1240312,2.1,https://www.youtube.com/watch?v=Oy2YHkJL83E,https://i.ytimg.com/vi/Oy2YHkJL83E/maxresdefault.jpg
kicked,kicked off team,PREGNANT Cheerleader KICKED Off Team by Coach. She Regrets it Immediately. Totally Studios.,Totally Studios,4306639,3.06,https://www.youtube.com/watch?v=_-89GUfI-3M,https://i.ytimg.com/vi/_-89GUfI-3M/maxresdefault.jpg
kicked,kicked out of school,FARTING KID Kicked Out of School. Crazy Ending.,Totally Studios,3028438,2.15,https://www.youtube.com/watch?v=rMw2jSy88mM,https://i.ytimg.com/vi/rMw2jSy88mM/maxresdefault.jpg
kicked,kicked out of vacation,Wealthy Black Man Kicked Out Of Vacation Home. Then This Happens,SoulSnack,1317322,2.09,https://www.youtube.com/watch?v=qo7CZvQRczQ,https://i.ytimg.com/vi/qo7CZvQRczQ/maxresdefault.jpg
top,top 3 strange,They all heard dead people • Top 3 Strange But True (*MATURE AUDIENCES*),MrBallen,5548208,2.08,https://www.youtube.com/watch?v=eCdzzoB7jrQ,https://i.ytimg.com/vi/eCdzzoB7jrQ/hqdefault.jpg
top,top 3 strange,Top 3 Strange But True | DEATH'S door (*DISTRESSING CONTENT*),MrBallen,5479523,2.05,https://www.youtube.com/watch?v=S7VtahvTLH4,https://i.ytimg.com/vi/S7VtahvTLH4/maxresdefault.jpg
top,top 5 restaurants,I Tried the Top 5 Restaurants in America,Ryan Trahan,23376109,2.32,https://www.youtube.com/watch?v=3Njxv_D3MEQ,https://i.ytimg.com/vi/3Njxv_D3MEQ/maxresdefault.jpg
top,top 3,Extremely Distressing Missing Person Cases | TOP 3,MrBallen,5682327,2.13,https://www.youtube.com/watch?v=RsKSqWj3HpQ,https://i.ytimg.com/vi/RsKSqWj3HpQ/hqdefault.jpg
top,top ranked airbnb,I Stayed in Every State's Top Ranked Airbnb,Ryan Trahan,20838860,2.06,https://www.youtube.com/watch?v=xyIF9hoNGqU,https://i.ytimg.com/vi/xyIF9hoNGqU/maxresdefault.jpg
top,top secret new iphone,TEEN Caught Taking TOP SECRET New IPHONE from Apple before Release Date.,Totally Studios,2861577,2.03,https://www.youtube.com/watch?v=UD922nOKK-8,https://i.ytimg.com/vi/UD922nOKK-8/maxresdefault.jpg
racist cop,racist cop pulls over black,Racist Cop Pulls Over Black Grandma. Then This Happens,SoulSnack,1868991,2.97,https://www.youtube.com/watch?v=TTqPVOoluis,https://i.ytimg.com/vi/TTqPVOoluis/maxresdefault.jpg
racist cop,racist cop pulls over black,Racist Cop Pulls Over Black Police Captain’s Teen Son.,SoulSnack,1545787,2.45,https://www.youtube.com/watch?v=EYEFIf7sGGA,https://i.ytimg.com/vi/EYEFIf7sGGA/maxresdefault.jpg
racist cop,racist cop arrests black military,RACIST COP Arrests BLACK Military Veteran: YOU WON'T BELIEVE WHAT HE DOES!!!!,Life Lessons With Luis,7245857,3.78,https://www.youtube.com/watch?v=AakUbWzzfkk,https://i.ytimg.com/vi/AakUbWzzfkk/maxresdefault.jpg
racist cop,racist cop arrest for disturbing,Racist Cop Arrest for Disturbing the Peace! Then This Happens... | Sameer Bhavnani,Sameer Bhavnani,1341070,2.46,https://www.youtube.com/watch?v=PZYHiQPIBAA,https://i.ytimg.com/vi/PZYHiQPIBAA/maxresdefault.jpg
racist cop,racist cop arrests 7 year,Racist Cop Arrests 7 Year Old Black Boy. Then This Happens,SoulSnack,1428271,2.27,https://www.youtube.com/watch?v=dr72I2Nd5fM,https://i.ytimg.com/vi/dr72I2Nd5fM/maxresdefault.jpg
cop,cop eats black grand,Racist Karen Cop EATS Black Grand Mother! | Sameer Bhavnani,Sameer Bhavnani,2355031,4.32,https://www.youtube.com/watch?v=ha_MhVJQAF8,https://i.ytimg.com/vi/ha_MhVJQAF8/maxresdefault.jpg
cop,cop profiles undercover cop,Cop Profiles Undercover Cop And Gets Caught,SoulSnack,2015510,3.2,https://www.youtube.com/watch?v=V4T3Msol-Es,https://i.ytimg.com/vi/V4T3Msol-Es/maxresdefault.jpg
cop,cop falsely arrests black,Cop Falsely Arrests Black Business Owner. Then This Happens,SoulSnack,1843015,2.92,https://www.youtube.com/watch?v=_UD4zc0aOzg,https://i.ytimg.com/vi/_UD4zc0aOzg/maxresdefault.jpg
cop,cop caught selling drugs,Evil COP Caught SELLING DRUGS to Kids!!!! SHOCKING ENDING!!!!,Life Lessons With Luis,4582997,2.39,https://www.youtube.com/watch?v=0ahJcgQCj3A,https://i.ytimg.com/vi/0ahJcgQCj3A/maxresdefault.jpg
steals,steals candy from store,"Kids STEALS CANDY From STORE, They live to Regret It | The Beast Family",The Beast Family,6046738,4.74,https://www.youtube.com/watch?v=YqY8fft97EQ,https://i.ytimg.com/vi/YqY8fft97EQ/maxresdefault.jpg
steals,steals teenager's expensive nike,Angry Karen Steals Teenager's Expensive Nike Shoes. Then This Happens,SoulSnack,1695869,2.69,https://www.youtube.com/watch?v=s6i00YEQklA,https://i.ytimg.com/vi/s6i00YEQklA/maxresdefault.jpg
steals,steals new iphone,Rich Girl STEALS New iPHONE from Poor Classmate at School. Must See Surprise Ending.,Totally Studios,3590171,2.55,https://www.youtube.com/watch?v=0OPz7OKfBD8,https://i.ytimg.com/vi/0OPz7OKfBD8/maxresdefault.jpg
steals,steals shy kid's girl,New Cool Kid STEALS SHY KID'S Girl | Dhar Mann Studios,Dhar Mann Studios,11314407,2.12,https://www.youtube.com/watch?v=ruMqtIASAww,https://i.ytimg.com/vi/ruMqtIASAww/maxresdefault.jpg
ruins,ruins kid's bbq,Crazy Karen Ruins Kid's BBQ Party. Then This Happens.,SoulSnack,3151365,5.0,https://www.youtube.com/watch?v=8LZD3muWfyE,https://i.ytimg.com/vi/8LZD3muWfyE/maxresdefault.jpg
ruins,ruins black kids chalk,Crazy Karen Ruins Black Kids Chalk on Sidewalk. Then This Happens,SoulSnack,3073706,4.88,https://www.youtube.com/watch?v=z7gMD54ixuU,https://i.ytimg.com/vi/z7gMD54ixuU/maxresdefault.jpg
ruins,ruins marriage then daughter,"Mother-In-Law RUINS Marriage, Then Daughter-In-Law Makes An Unexpected Decision | Illumeably",Illumeably,1527899,2.59,https://www.youtube.com/watch?v=rVFLfgGxYEs,https://i.ytimg.com/vi/rVFLfgGxYEs/maxresdefault.jpg
fake,fake funeral a roblox,SPOILED Brother Had A FAKE FUNERAL! (A Roblox Movie),ShanePlays 2,7052817,2.9,https://www.youtube.com/watch?v=c5W12wfA4QE,https://i.ytimg.com/vi/c5W12wfA4QE/maxresdefault.jpg
fake,fake qr code,Girl Rips Off Store With Fake QR Code | @DramatizeMe,DramatizeMe,2269772,2.75,https://www.youtube.com/watch?v=AG0EifkPvGY,https://i.ytimg.com/vi/AG0EifkPvGY/maxresdefault.jpg
fake,fake paparazzi,I Hired 100 FAKE Paparazzi!,Airrack,25528083,2.47,https://www.youtube.com/watch?v=TWZT9dLza1w,https://i.ytimg.com/vi/TWZT9dLza1w/maxresdefault.jpg
fake,fake photos,Asking Celebrities If They Remember Me (using fake photos),Ryan Trahan,23285439,2.31,https://www.youtube.com/watch?v=7aeQ941TUjk,https://i.ytimg.com/vi/7aeQ941TUjk/maxresdefault.jpg
rich man,rich man,"Parents SELL DAUGHTER To OLD RICH MAN, What Happens Is Shocking | Illumeably",Illumeably,1504259,2.55,https://www.youtube.com/watch?v=FZR-MgJLteM,https://i.ytimg.com/vi/FZR-MgJLteM/maxresdefault.jpg
rich man,rich man,Wife Leaves Husband And Kids For Rich Man | Vid Chronicles,Vid Chronicles,529555,2.42,https://www.youtube.com/watch?v=pMZaOcWsgtQ,https://i.ytimg.com/vi/pMZaOcWsgtQ/maxresdefault.jpg
rich man,rich man acts like,Rich Man Acts Like A Beggar | @DramatizeMe,DramatizeMe,2767756,3.36,https://www.youtube.com/watch?v=3bcbSI-XVRA,https://i.ytimg.com/vi/3bcbSI-XVRA/maxresdefault.jpg
rich man,rich man ending is shocking,"Girlfriend Brutally Dumps Poor Boyfriend For Rich Man, Ending Is Shocking | Illumeably",Illumeably,1389673,2.36,https://www.youtube.com/watch?v=hEC3XCHoujs,https://i.ytimg.com/vi/hEC3XCHoujs/maxresdefault.jpg
rich man,rich man shames his classmate,Rich Man Shames His Classmate | @DramatizeMe,DramatizeMe,1716629,2.08,https://www.youtube.com/watch?v=aJT6PPtxQS4,https://i.ytimg.com/vi/aJT6PPtxQS4/maxresdefault.jpg
jail,jail,"NOT GUILTY Kid GOES TO JAIL, What Happens IS SHOCKING | The Beast Family",The Beast Family,13693730,10.73,https://www.youtube.com/watch?v=eW18OhhcGyU,https://i.ytimg.com/vi/eW18OhhcGyU/maxresdefault.jpg
jail,jail for valentine,"Prisoner ESCAPES JAIL For VALENTINE, What Happens Is Shocking | Illumeably",Illumeably,2228588,3.78,https://www.youtube.com/watch?v=8tOIQagdVNI,https://i.ytimg.com/vi/8tOIQagdVNI/maxresdefault.jpg
stayed,stayed in every hotel,I Stayed in Every Hotel at Disney World,Ryan Trahan,40933784,4.06,https://www.youtube.com/watch?v=iEcr07-aOmg,https://i.ytimg.com/vi/iEcr07-aOmg/maxresdefault.jpg
stayed,stayed in omg airbnbs,I Stayed in “OMG!” Airbnbs,Ryan Trahan,40937419,4.06,https://www.youtube.com/watch?v=Dcp02c9LLEw,https://i.ytimg.com/vi/Dcp02c9LLEw/maxresdefault.jpg
stayed,stayed in luxury tiny,I Stayed in Luxury Tiny Homes,Ryan Trahan,36563373,3.62,https://www.youtube.com/watch?v=INQw5iRweUI,https://i.ytimg.com/vi/INQw5iRweUI/maxresdefault.jpg
stayed,stayed in secret hotels,I Stayed in Secret Hotels,Ryan Trahan,24104458,2.39,https://www.youtube.com/watch?v=_wbuASKwwm0,https://i.ytimg.com/vi/_wbuASKwwm0/maxresdefault.jpg
stayed,stayed in every state's,I Stayed in Every State's Top Ranked Airbnb,Ryan Trahan,20838860,2.06,https://www.youtube.com/watch?v=xyIF9hoNGqU,https://i.ytimg.com/vi/xyIF9hoNGqU/maxresdefault.jpg
white,white man,Angry Old White Man Tries to Steal iPhone 13 from Small Children,SoulSnack,3205346,5.09,https://www.youtube.com/watch?v=EGszMYq8OMI,https://i.ytimg.com/vi/EGszMYq8OMI/maxresdefault.jpg
white,white car salesman shames,"White Car Salesman Shames Rich Black Doctor, then this Happens.",SoulSnack,1894420,3.01,https://www.youtube.com/watch?v=lhFJnnufIF4,https://i.ytimg.com/vi/lhFJnnufIF4/maxresdefault.jpg
white,white son,Racist Karen Calls Cops on Black Dad Who Has White Son.,SoulSnack,1788563,2.84,https://www.youtube.com/watch?v=FyPm-K53fh4,https://i.ytimg.com/vi/FyPm-K53fh4/maxresdefault.jpg
white,white cops rope tie,White Cops Rope Tie Black Man Resisting Arrest. Then This Happens,SoulSnack,1462381,2.32,https://www.youtube.com/watch?v=W6h9gLlaVQs,https://i.ytimg.com/vi/W6h9gLlaVQs/maxresdefault.jpg
white,white people vs 1,6 White People Vs 1 Secret Black Person (FINALE),Beta Squad,23736105,2.27,https://www.youtube.com/watch?v=bXP_BIrF3Ak,https://i.ytimg.com/vi/bXP_BIrF3Ak/maxresdefault.jpg
catnap,catnap,CATNAP: The Story So Far... (Cartoon Animation),GameToons,16399799,5.15,https://www.youtube.com/watch?v=gQFafqJPHjk,https://i.ytimg.com/vi/gQFafqJPHjk/maxresdefault.jpg
catnap,catnap abandoned at birth,CATNAP: ABANDONED at BIRTH... (Cartoon Animation),GameToons,10413139,3.27,https://www.youtube.com/watch?v=XTABaZmT0iQ,https://i.ytimg.com/vi/XTABaZmT0iQ/maxresdefault.jpg
catnap,catnap has only 24,CATNAP Has Only 24 HOURS to LIVE!? (Cartoon Animation),GameToons,8626216,2.71,https://www.youtube.com/watch?v=G0KKI0OBkDM,https://i.ytimg.com/vi/G0KKI0OBkDM/maxresdefault.jpg
catnap,catnap is moving,CATNAP is MOVING AWAY?! (Cartoon Animation),GameToons,8071084,2.53,https://www.youtube.com/watch?v=XSMJSDaGgs8,https://i.ytimg.com/vi/XSMJSDaGgs8/maxresdefault.jpg
catnap,catnap cartoon animation,SAVED by CATNAP?! (Cartoon Animation),GameToons,8025513,2.52,https://www.youtube.com/watch?v=6f3lsMSb2a4,https://i.ytimg.com/vi/6f3lsMSb2a4/maxresdefault.jpg
catnap,catnap has kittens cartoon,CATNAP HAS KITTENS! (Cartoon Animation),GameToons,6450130,2.02,https://www.youtube.com/watch?v=qYLtPicCYuI,https://i.ytimg.com/vi/qYLtPicCYuI/maxresdefault.jpg
catnap,catnap buys his first,CATNAP BUYS HIS FIRST HOUSE?! (Cartoon Animation),GameToons,6396947,2.01,https://www.youtube.com/watch?v=JPuD9AawGeA,https://i.ytimg.com/vi/JPuD9AawGeA/maxresdefault.jpg
breaking rules hours,breaking rules hours,BREAKING 100 RULES IN 24 HOURS!!,Stokes Twins,165899189,3.23,https://www.youtube.com/watch?v=XGPex66EyTU,https://i.ytimg.com/vi/XGPex66EyTU/maxresdefault.jpg
breaking rules hours,breaking rules hours,BREAKING 100 RULES IN 24 HOURS!!,Ben Azelart,89559615,3.18,https://www.youtube.com/watch?v=rVUC29ord2M,https://i.ytimg.com/vi/rVUC29ord2M/maxresdefault.jpg
breaking rules hours,breaking rules hours,"BREAKING 1,000 RULES IN 24 HOURS!",Unspeakable,32734877,2.66,https://www.youtube.com/watch?v=5hlKSi3D78E,https://i.ytimg.com/vi/5hlKSi3D78E/maxresdefault.jpg
breaking rules hours,breaking rules hours,"BREAKING 1,000 RULES IN 24 HOURS!!",Ben Azelart,70744255,2.52,https://www.youtube.com/watch?v=W9oDtJrTAlM,https://i.ytimg.com/vi/W9oDtJrTAlM/maxresdefault.jpg
friend,friend s mom,Friend’s Mom Takes New XBOX Series X from Kid. Does she get caught?,Totally Studios,5419412,3.85,https://www.youtube.com/watch?v=9_pa2O2_ags,https://i.ytimg.com/vi/9_pa2O2_ags/maxresdefault.jpg
friend,friend in highschool,My Toxic Friend In Highschool,scribblejuice,6704735,2.78,https://www.youtube.com/watch?v=YsM4YwlwKIs,https://i.ytimg.com/vi/YsM4YwlwKIs/maxresdefault.jpg
friend,friend for having poor,Girl Teases Friend For Having Poor BF | @DramatizeMe​,DramatizeMe,1831675,2.22,https://www.youtube.com/watch?v=b9HLoGsAl98,https://i.ytimg.com/vi/b9HLoGsAl98/maxresdefault.jpg
friend,friend,Friend Stories (ft. TheOdd1sOut),Infamous Swoosh,7364573,2.07,https://www.youtube.com/watch?v=h34Scs5FjXg,https://i.ytimg.com/vi/h34Scs5FjXg/maxresdefault.jpg
eat,eat real worms gummy,WE HAD TO EAT REAL WORMS! GUMMY FOOD VS REAL FOOD CHALLENGE! | SIS VS BRO | THE BEAST FAMILY,The Beast Family,5966637,4.68,https://www.youtube.com/watch?v=z4VUVyNfR9w,https://i.ytimg.com/vi/z4VUVyNfR9w/maxresdefault.jpg
eat,eat beef gets revenge,Vegetarian FORCED to Eat BEEF! Gets REVENGE... | SAMEER BHAVNANI,Sameer Bhavnani,2098300,3.85,https://www.youtube.com/watch?v=TIR6GJfuxB8,https://i.ytimg.com/vi/TIR6GJfuxB8/maxresdefault.jpg
eat,eat too much halloween,Kids Eat TOO MUCH HALLOWEEN CANDY on a Plane with Stepmom. The Ending is a Surprise. Totally Studios,Totally Studios,3523348,2.5,https://www.youtube.com/watch?v=u2S-IE9AVWI,https://i.ytimg.com/vi/u2S-IE9AVWI/maxresdefault.jpg
war,war cartoon animation,SPRUNKI: CIVIL WAR! (Cartoon Animation),GameToons,10709589,3.36,https://www.youtube.com/watch?v=ILXQncUvWhw,https://i.ytimg.com/vi/ILXQncUvWhw/maxresdefault.jpg
war,war cartoon animation,RAINBOW FRIENDS: WAR! (Cartoon Animation),GameToons,6393076,2.01,https://www.youtube.com/watch?v=P2xMc3AcjGw,https://i.ytimg.com/vi/P2xMc3AcjGw/maxresdefault.jpg
war,war,3 World War Horror Stories Animated,IMR Scary Tales,1093804,3.12,https://www.youtube.com/watch?v=DoP4eW3vCfA,https://i.ytimg.com/vi/DoP4eW3vCfA/hqdefault.jpg
war,war of condiments,SPRUNKI: WAR of the CONDIMENTS! (Cartoon Animation),GameToons,7347394,2.31,https://www.youtube.com/watch?v=n9N_D2c001A,https://i.ytimg.com/vi/n9N_D2c001A/maxresdefault.jpg
war,war over same girl,Stepbrothers GO TO WAR Over SAME GIRL Ft. Julianne Hough | Dhar Mann Studios,Dhar Mann Studios,12201195,2.29,https://www.youtube.com/watch?v=H4S1jMGosPA,https://i.ytimg.com/vi/H4S1jMGosPA/maxresdefault.jpg
mcdonald's,mcdonald's,3 True McDonald's Horror Stories Animated,IMR Scary Tales,1345454,3.83,https://www.youtube.com/watch?v=RQiJNhUwdzs,https://i.ytimg.com/vi/RQiJNhUwdzs/maxresdefault.jpg
mcdonald's,mcdonald's,3 TRUE MCDONALD'S HORROR STORIES ANIMATED,Horror Shorts Party,3081900,3.38,https://www.youtube.com/watch?v=7SfsL3VX6aU,https://i.ytimg.com/vi/7SfsL3VX6aU/maxresdefault.jpg
mcdonald's,mcdonald's in my room,I Built a SECRET McDonald's in My Room!,Ben Azelart,117719077,4.19,https://www.youtube.com/watch?v=v3mTRLpA2Rk,https://i.ytimg.com/vi/v3mTRLpA2Rk/maxresdefault.jpg
black kids,black kids,Crazy Karen Takes Toy Truck Away From Black Kids. Then This Happens,SoulSnack,3497822,5.55,https://www.youtube.com/watch?v=CfbtQvXFWwk,https://i.ytimg.com/vi/CfbtQvXFWwk/maxresdefault.jpg
black kids,black kids,Crazy Entitled Karen Steals PlayStation 5 From Black Kids. Then This Happens,SoulSnack,1722958,2.73,https://www.youtube.com/watch?v=jQbBSw6z1ns,https://i.ytimg.com/vi/jQbBSw6z1ns/maxresdefault.jpg
black kids,black kids chalk on sidewalk,Crazy Karen Ruins Black Kids Chalk on Sidewalk. Then This Happens,SoulSnack,3073706,4.88,https://www.youtube.com/watch?v=z7gMD54ixuU,https://i.ytimg.com/vi/z7gMD54ixuU/maxresdefault.jpg
black kids,black kids in hot,Police Officer Puts Black Kids In Hot Squad Car. Then This Happens,SoulSnack,2338133,3.71,https://www.youtube.com/watch?v=S9KdqOBssXc,https://i.ytimg.com/vi/S9KdqOBssXc/hqdefault.jpg
ate,ate every drive thru,I ATE Every DRIVE THRU in a Day,The Royalty Family,54923691,3.23,https://www.youtube.com/watch?v=ryNBItLZGc4,https://i.ytimg.com/vi/ryNBItLZGc4/maxresdefault.jpg
ate,ate rare food,I Ate Rare Food In EVERY Color,Nick DiGiovanni,87367259,2.54,https://www.youtube.com/watch?v=GPgW3MWmQwM,https://i.ytimg.com/vi/GPgW3MWmQwM/maxresdefault.jpg
ate,ate world,I Ate The World’s Largest Slice Of Pizza,MrBeast,342955871,2.27,https://www.youtube.com/watch?v=Rj_vssRaZlQ,https://i.ytimg.com/vi/Rj_vssRaZlQ/maxresdefault.jpg
ate,ate school lunch,I Ate School Lunch From Every Country,Nick DiGiovanni,73917227,2.15,https://www.youtube.com/watch?v=yyw_GTNzXFc,https://i.ytimg.com/vi/yyw_GTNzXFc/maxresdefault.jpg
ate,ate 100 000 golden,"I Ate $100,000 Golden Ice Cream",MrBeast,311655974,2.07,https://www.youtube.com/watch?v=C680oxL__ck,https://i.ytimg.com/vi/C680oxL__ck/maxresdefault.jpg
yacht,yacht,"$1 vs $1,000,000,000 Yacht!",MrBeast,571149603,3.78,https://www.youtube.com/watch?v=48h57PspBec,https://i.ytimg.com/vi/48h57PspBec/maxresdefault.jpg
yacht,yacht,I Built an EXTREME Yacht!,Ben Azelart,74284001,2.64,https://www.youtube.com/watch?v=66v5KLtT2nA,https://i.ytimg.com/vi/66v5KLtT2nA/maxresdefault.jpg
yacht,yacht broker refuses,Racist Yacht Broker Refuses to Sell Boat to Wealthy Black Man. Then This Happens,SoulSnack,2620543,4.16,https://www.youtube.com/watch?v=stK1stPpUEQ,https://i.ytimg.com/vi/stK1stPpUEQ/maxresdefault.jpg
gold digger,gold digger,Son Saves His Father from Evil Cheating Gold-Digger,SoulSnack,1814225,2.88,https://www.youtube.com/watch?v=87oRjgWawvc,https://i.ytimg.com/vi/87oRjgWawvc/maxresdefault.jpg
gold digger,gold digger stuck 30,"Gold Digger STUCK with $30,000 BILL! Instantly Regrets It...| SAMEER BHAVNANI #BMWi8 #GoldDigger",Sameer Bhavnani,1456143,2.67,https://www.youtube.com/watch?v=qq8O4svsIQ0,https://i.ytimg.com/vi/qq8O4svsIQ0/maxresdefault.jpg
gold digger,gold digger almost loses,"Gold Digger Almost Loses Her Life, What Happens Will Shock You.",Vid Chronicles,475305,2.17,https://www.youtube.com/watch?v=wf8bEVL4VQ0,https://i.ytimg.com/vi/wf8bEVL4VQ0/maxresdefault.jpg
gold digger,gold digger dumps her poor,"GOLD DIGGER Dumps Her POOR GUY, She Lives To Regret It | Illumeably",Illumeably,1234543,2.09,https://www.youtube.com/watch?v=2gZuGKTJxcY,https://i.ytimg.com/vi/2gZuGKTJxcY/maxresdefault.jpg
shames,shames wealthy black customer,Car Wash Owner Shames Wealthy Black Customer. Then This Happens,SoulSnack,3482186,5.53,https://www.youtube.com/watch?v=zHhl51WXPic,https://i.ytimg.com/vi/zHhl51WXPic/maxresdefault.jpg
shames,shames rich black doctor,"White Car Salesman Shames Rich Black Doctor, then this Happens.",SoulSnack,1894420,3.01,https://www.youtube.com/watch?v=lhFJnnufIF4,https://i.ytimg.com/vi/lhFJnnufIF4/maxresdefault.jpg
shames,shames daughter forces,Dad FAT SHAMES Daughter!!!! FORCES HER to Lose Weight,Life Lessons With Luis,4302682,2.24,https://www.youtube.com/watch?v=6xXblu0ACCs,https://i.ytimg.com/vi/6xXblu0ACCs/maxresdefault.jpg
shames,shames his classmate,Rich Man Shames His Classmate | @DramatizeMe,DramatizeMe,1716629,2.08,https://www.youtube.com/watch?v=aJT6PPtxQS4,https://i.ytimg.com/vi/aJT6PPtxQS4/maxresdefault.jpg
shames,shames girl in pool,Spoiled Brat Shames Girl In Pool | @DramatizeMe,DramatizeMe,1684805,2.04,https://www.youtube.com/watch?v=kEYwvEz0LsA,https://i.ytimg.com/vi/kEYwvEz0LsA/maxresdefault.jpg
disturbing true,disturbing true high school,4 Disturbing TRUE High School Horror Stories,Mr. Nightmare,9470499,3.11,https://www.youtube.com/watch?v=IXahfM5mKn0,https://i.ytimg.com/vi/IXahfM5mKn0/maxresdefault.jpg
disturbing true,disturbing true instagram,3 Disturbing True Instagram Horror Stories,Mr. Nightmare,8379298,2.75,https://www.youtube.com/watch?v=rEQz8IzThxI,https://i.ytimg.com/vi/rEQz8IzThxI/hqdefault.jpg
disturbing true,disturbing true stories volume,10 More Disturbing True Stories (Volume 2),Mr. Nightmare,8068545,2.65,https://www.youtube.com/watch?v=LIpgF2wtXSg,https://i.ytimg.com/vi/LIpgF2wtXSg/hqdefault.jpg
disturbing true,disturbing true snapchat,3 Disturbing True Snapchat Stories,Mr. Nightmare,7298226,2.4,https://www.youtube.com/watch?v=rq_22Kl-zJw,https://i.ytimg.com/vi/rq_22Kl-zJw/hqdefault.jpg
disturbing true,disturbing true roommate,4 Disturbing True Roommate Horror Stories,Mr. Nightmare,6518643,2.14,https://www.youtube.com/watch?v=YylK7Lhxyc0,https://i.ytimg.com/vi/YylK7Lhxyc0/maxresdefault.jpg
disturbing true,disturbing true craigslist,3 Disturbing True Craigslist Horror Stories - Vol. 5,Mr. Nightmare,6356076,2.09,https://www.youtube.com/watch?v=xrf2adnAKv0,https://i.ytimg.com/vi/xrf2adnAKv0/maxresdefault.jpg
disturbing true,disturbing true snapchat stories vol,3 Disturbing True Snapchat Stories - Vol 2,Mr. Nightmare,6236729,2.05,https://www.youtube.com/watch?v=PZ2dBgAof70,https://i.ytimg.com/vi/PZ2dBgAof70/hqdefault.jpg
child,child,My Sister Hates Me Because I’m the PERFECT Child,Story Time Animated,1764913,2.32,https://www.youtube.com/watch?v=cNT61Y4bvSs,https://i.ytimg.com/vi/cNT61Y4bvSs/maxresdefault.jpg
child,child,I Wish I Was an ONLY CHILD After This Happened,Story Time Animated,1521335,2.0,https://www.youtube.com/watch?v=JbQGvMKhctc,https://i.ytimg.com/vi/JbQGvMKhctc/maxresdefault.jpg
child,child lives,"Parent CHOOSES FAVORITE CHILD, Family Lives To Regret It | The Beast Family",The Beast Family,5033940,3.94,https://www.youtube.com/watch?v=g-AD_j1Zdjk,https://i.ytimg.com/vi/g-AD_j1Zdjk/maxresdefault.jpg
child,child to die,"Mother Leaves Child To Die, Watch What Happens.",Vid Chronicles,709676,3.25,https://www.youtube.com/watch?v=zu1lW_V2e1w,https://i.ytimg.com/vi/zu1lW_V2e1w/maxresdefault.jpg
packing,packing peanuts,I FILLED MY ISLAND HOUSE WITH PACKING PEANUTS!,Unspeakable,103391067,8.41,https://www.youtube.com/watch?v=Y3sj_v62dpc,https://i.ytimg.com/vi/Y3sj_v62dpc/maxresdefault.jpg
packing,packing peanuts,I FILLED MY ENTIRE HOUSE WITH PACKING PEANUTS!,Ben Azelart,139141261,4.95,https://www.youtube.com/watch?v=GGBO7rsdllA,https://i.ytimg.com/vi/GGBO7rsdllA/maxresdefault.jpg
peanuts,peanuts,I FILLED MY ISLAND HOUSE WITH PACKING PEANUTS!,Unspeakable,103391067,8.41,https://www.youtube.com/watch?v=Y3sj_v62dpc,https://i.ytimg.com/vi/Y3sj_v62dpc/maxresdefault.jpg
peanuts,peanuts,I FILLED MY ENTIRE HOUSE WITH PACKING PEANUTS!,Ben Azelart,139141261,4.95,https://www.youtube.com/watch?v=GGBO7rsdllA,https://i.ytimg.com/vi/GGBO7rsdllA/maxresdefault.jpg
ways,ways to use chocolate,50 Ways To Use Chocolate,Nick DiGiovanni,169922392,4.93,https://www.youtube.com/watch?v=jOjJY3xEI8o,https://i.ytimg.com/vi/jOjJY3xEI8o/maxresdefault.jpg
ways,ways to destroy,27 Ways To DESTROY The Worlds STRONGEST Cube!,Unspeakable,36390783,2.96,https://www.youtube.com/watch?v=qYZ8LNK3k7Q,https://i.ytimg.com/vi/qYZ8LNK3k7Q/maxresdefault.jpg
ways,ways to spend 1,"7 Ways To Spend $1,000,000 In 1 HOUR!",Unspeakable,32855536,2.67,https://www.youtube.com/watch?v=F9uVp1TR9Y8,https://i.ytimg.com/vi/F9uVp1TR9Y8/maxresdefault.jpg
ways,ways to use,50 Ways To Use A Watermelon,Nick DiGiovanni,82490384,2.4,https://www.youtube.com/watch?v=eUQZcXrciRA,https://i.ytimg.com/vi/eUQZcXrciRA/maxresdefault.jpg
ways,ways to sneak anything,27 Ways To Sneak ANYTHING In!,Unspeakable,25703508,2.09,https://www.youtube.com/watch?v=17V1w05NRAQ,https://i.ytimg.com/vi/17V1w05NRAQ/maxresdefault.jpg
sleep,sleep pods,I Tried Airport Sleep Pods,Ryan Trahan,39050935,3.87,https://www.youtube.com/watch?v=BEkdhf3zua0,https://i.ytimg.com/vi/BEkdhf3zua0/maxresdefault.jpg
sleep,sleep pods,I Tried Public Sleep Pods,Ryan Trahan,29794619,2.95,https://www.youtube.com/watch?v=b_MChcA2YXo,https://i.ytimg.com/vi/b_MChcA2YXo/maxresdefault.jpg
sleep,sleep paralysis,3 Sleep Paralysis Horror Stories Animated,IMR Scary Tales,909821,2.59,https://www.youtube.com/watch?v=xxiBp5d0CBw,https://i.ytimg.com/vi/xxiBp5d0CBw/hqdefault.jpg
sleep,sleep,Sleep,Domics,14686737,2.19,https://www.youtube.com/watch?v=_TqOLFLcVPM,https://i.ytimg.com/vi/_TqOLFLcVPM/maxresdefault.jpg
ending shock,ending shock,BF Discovers GF was BORN A GUY... THE ENDING WILL SHOCK YOU | Sameer Bhavnani,Sameer Bhavnani,1701791,3.12,https://www.youtube.com/watch?v=3CHKhJdwrDA,https://i.ytimg.com/vi/3CHKhJdwrDA/maxresdefault.jpg
ending shock,ending shock,Police Harass Homeless Black Man. The Ending Will Shock You,SoulSnack,1806487,2.87,https://www.youtube.com/watch?v=uS10X8DuGVE,https://i.ytimg.com/vi/uS10X8DuGVE/maxresdefault.jpg
ending shock,ending shock,Mom PAYS GIRL to DATE AUTISTIC SON! The Ending Will SHOCK YOU | SAMEER BHAVNANI,Sameer Bhavnani,1450253,2.66,https://www.youtube.com/watch?v=7kIw9vxpBz4,https://i.ytimg.com/vi/7kIw9vxpBz4/maxresdefault.jpg
ending shock,ending shock,NERD and POPULAR GIRL FALL IN LOVE. The Ending is a Shock. Totally Studios.,Totally Studios,3513465,2.49,https://www.youtube.com/watch?v=_q4jer_2AZo,https://i.ytimg.com/vi/_q4jer_2AZo/maxresdefault.jpg
lockdown,lockdown,3 Creepy True School Lockdown Stories,Mr. Nightmare,29973603,9.85,https://www.youtube.com/watch?v=kKDHnbsYWWM,https://i.ytimg.com/vi/kKDHnbsYWWM/hqdefault.jpg
lockdown,lockdown,3 True Lockdown Horror Stories,Mr. Nightmare,13422610,4.41,https://www.youtube.com/watch?v=FzcBUZHF-t8,https://i.ytimg.com/vi/FzcBUZHF-t8/maxresdefault.jpg
lockdown,lockdown,3 True School Lockdown Horror Stories Animated,IMR Scary Tales,1093617,3.12,https://www.youtube.com/watch?v=zDJaKZrdKHY,https://i.ytimg.com/vi/zDJaKZrdKHY/maxresdefault.jpg
sibling,sibling does something,"Girl CHOOSES FAVORITE BABY Brother, JEALOUS SIBLING Does Something HE REGRETS | The Beast Family",The Beast Family,13469162,10.56,https://www.youtube.com/watch?v=poVl9oPfILs,https://i.ytimg.com/vi/poVl9oPfILs/maxresdefault.jpg
sibling,sibling get sad,"Sister CHOOSES FAVORITE BROTHER, Sibling GET SAD | The Beast Family",The Beast Family,7565778,5.93,https://www.youtube.com/watch?v=E6oL0h_WnwM,https://i.ytimg.com/vi/E6oL0h_WnwM/maxresdefault.jpg
caught camera,caught camera,5 Truly Shocking & Horrifying Moments Caught on Camera,Mr. Nightmare,26567771,8.73,https://www.youtube.com/watch?v=T1MrMnmFyU0,https://i.ytimg.com/vi/T1MrMnmFyU0/hqdefault.jpg
caught camera,caught camera,6 Most Disturbing Forest Encounters Caught on Camera,Chilling Scares,10407426,3.2,https://www.youtube.com/watch?v=m8p3CXj2Wyc,https://i.ytimg.com/vi/m8p3CXj2Wyc/maxresdefault.jpg
caught camera,caught camera,6 Most Disturbing Forest Encounters Caught on Camera,Chilling Scares,8544024,2.63,https://www.youtube.com/watch?v=xzRPxmF6PHE,https://i.ytimg.com/vi/xzRPxmF6PHE/maxresdefault.jpg
caught camera,caught camera,6 Most Disturbing Forest Encounters Caught on Camera,Chilling Scares,7565534,2.32,https://www.youtube.com/watch?v=cweBJSGeNiE,https://i.ytimg.com/vi/cweBJSGeNiE/maxresdefault.jpg
caught camera,caught camera,6 Most Disturbing Forest Findings Caught on Camera,Chilling Scares,7060891,2.17,https://www.youtube.com/watch?v=YYHwAKaCEd8,https://i.ytimg.com/vi/YYHwAKaCEd8/maxresdefault.jpg
alone,alone,10 Scary TRUE Home Alone Stories,Mr. Nightmare,7168698,2.35,https://www.youtube.com/watch?v=iOy1b4K6D8s,https://i.ytimg.com/vi/iOy1b4K6D8s/hqdefault.jpg
alone,alone,"Parents LEAVE GIRL HOME ALONE, What She Does IS SHOCKING | THE BEAST FAMILY",The Beast Family,2960671,2.32,https://www.youtube.com/watch?v=sep6Kr6JTBc,https://i.ytimg.com/vi/sep6Kr6JTBc/maxresdefault.jpg
alone,alone,The New Hot Boy Won't Leave Me Alone,MSA,34910383,2.24,https://www.youtube.com/watch?v=wJJPA04fNhs,https://i.ytimg.com/vi/wJJPA04fNhs/maxresdefault.jpg
alone,alone at day care,Kids Left Alone at Day Care. Then This Happens,SoulSnack,2677615,4.25,https://www.youtube.com/watch?v=FP6E5pZHROo,https://i.ytimg.com/vi/FP6E5pZHROo/maxresdefault.jpg
onlyfans,onlyfans,4 TRUE ONLYFANS HORROR STORIES ANIMATED,Horror Shorts Party,6159000,6.76,https://www.youtube.com/watch?v=Ne6lz_wU3Mc,https://i.ytimg.com/vi/Ne6lz_wU3Mc/hqdefault.jpg
onlyfans,onlyfans,3 True OnlyFans HORROR Stories Animated,IMR Scary Tales,2197743,6.26,https://www.youtube.com/watch?v=LrbcLcVEyB0,https://i.ytimg.com/vi/LrbcLcVEyB0/hqdefault.jpg
ever,ever,The most gut-wrenching hiking story I have EVER told,MrBallen,8099984,3.03,https://www.youtube.com/watch?v=3doPbW2VS3Q,https://i.ytimg.com/vi/3doPbW2VS3Q/maxresdefault.jpg
ever,ever,The most terrifying night in the woods story I've ever told,MrBallen,5472330,2.05,https://www.youtube.com/watch?v=GFQzByJkbko,https://i.ytimg.com/vi/GFQzByJkbko/maxresdefault.jpg
ever,ever hear,The SCARIEST BASEMENT story you will ever hear,MrBallen,6113405,2.29,https://www.youtube.com/watch?v=dR3ThBE7Cj4,https://i.ytimg.com/vi/dR3ThBE7Cj4/maxresdefault.jpg
ever,ever bubble wrap battle,The First Ever Bubble Wrap Battle: Who Wins the Trophy?,Dude Perfect,106840099,2.17,https://www.youtube.com/watch?v=LoaEy7CCC1E,https://i.ytimg.com/vi/LoaEy7CCC1E/maxresdefault.jpg
ever,ever irl,Never Have I Ever: IRL,Airrack,21731274,2.1,https://www.youtube.com/watch?v=U1bUwDxBu4Y,https://i.ytimg.com/vi/U1bUwDxBu4Y/maxresdefault.jpg
law,law electrocutes wife shocking,EVIL Mother In-Law Electrocutes WIFE! SHOCKING END... | SAMEER BHAVNANI,Sameer Bhavnani,2103608,3.86,https://www.youtube.com/watch?v=6JYLrvM3yjA,https://i.ytimg.com/vi/6JYLrvM3yjA/maxresdefault.jpg
law,law mistaken for bride,Mom-In-Law Mistaken For Bride | @DramatizeMe,DramatizeMe,2961586,3.59,https://www.youtube.com/watch?v=KBrYKeIeuOQ,https://i.ytimg.com/vi/KBrYKeIeuOQ/maxresdefault.jpg
law,law ruins marriage,"Mother-In-Law RUINS Marriage, Then Daughter-In-Law Makes An Unexpected Decision | Illumeably",Illumeably,1527899,2.59,https://www.youtube.com/watch?v=rVFLfgGxYEs,https://i.ytimg.com/vi/rVFLfgGxYEs/maxresdefault.jpg
saves,saves baby girl trapped,Homeless Man Saves Baby Girl Trapped in Hot Car While The Mom Goes Shopping.,SoulSnack,2246833,3.57,https://www.youtube.com/watch?v=1SlLZ451iAc,https://i.ytimg.com/vi/1SlLZ451iAc/maxresdefault.jpg
saves,saves his father,Son Saves His Father from Evil Cheating Gold-Digger,SoulSnack,1814225,2.88,https://www.youtube.com/watch?v=87oRjgWawvc,https://i.ytimg.com/vi/87oRjgWawvc/maxresdefault.jpg
saves,saves plane,Kid SAVES PLANE Full of Passengers when Pilots Can’t Fly.,Totally Studios,3535405,2.51,https://www.youtube.com/watch?v=skIhO1B1FfU,https://i.ytimg.com/vi/skIhO1B1FfU/maxresdefault.jpg
saves,saves by becoming,BROKE TEEN Saves Family By Becoming BOXING LEGEND | Dhar Mann Studios,Dhar Mann Studios,12383920,2.32,https://www.youtube.com/watch?v=2uHUpFosgNw,https://i.ytimg.com/vi/2uHUpFosgNw/maxresdefault.jpg
arrested,arrested for stealing,"7 Year Old Homeless Girl, ARRESTED for STEALING",Life Lessons With Luis,13050373,6.8,https://www.youtube.com/watch?v=v0EZFbB2fvc,https://i.ytimg.com/vi/v0EZFbB2fvc/maxresdefault.jpg
arrested,arrested,Police Captain's Niece Gets Arrested... Then This Happens,SoulSnack,3842046,6.1,https://www.youtube.com/watch?v=SocL1xfLd0s,https://i.ytimg.com/vi/SocL1xfLd0s/maxresdefault.jpg
bottle,bottle flip,Water Bottle Flip 2 | Dude Perfect,Dude Perfect,666601103,13.53,https://www.youtube.com/watch?v=VJwoSfTOhyM,https://i.ytimg.com/vi/VJwoSfTOhyM/maxresdefault.jpg
bottle,bottle flip edition,Water Bottle Flip Edition | Dude Perfect,Dude Perfect,124720544,2.53,https://www.youtube.com/watch?v=P8V_bx0L4RY,https://i.ytimg.com/vi/P8V_bx0L4RY/maxresdefault.jpg
flip,flip,Water Bottle Flip 2 | Dude Perfect,Dude Perfect,666601103,13.53,https://www.youtube.com/watch?v=VJwoSfTOhyM,https://i.ytimg.com/vi/VJwoSfTOhyM/maxresdefault.jpg
flip,flip edition,Water Bottle Flip Edition | Dude Perfect,Dude Perfect,124720544,2.53,https://www.youtube.com/watch?v=P8V_bx0L4RY,https://i.ytimg.com/vi/P8V_bx0L4RY/maxresdefault.jpg
saves girl,saves girl from kidnapper,"Waiter SAVES Girl From KIDNAPPER, What Happens Is Shocking | Illumeably",Illumeably,2443305,4.14,https://www.youtube.com/watch?v=t0it_EGuVms,https://i.ytimg.com/vi/t0it_EGuVms/maxresdefault.jpg
saves girl,saves girl from male student,Teacher Saves Girl From Male Student | @DramatizeMe,DramatizeMe,2949728,3.58,https://www.youtube.com/watch?v=owvQ6-TKxgM,https://i.ytimg.com/vi/owvQ6-TKxgM/maxresdefault.jpg
saves girl,saves girl from abuse,Сar Accident Saves Girl From Abuse | @DramatizeMe,DramatizeMe,2347069,2.85,https://www.youtube.com/watch?v=YXLUFamZ13M,https://i.ytimg.com/vi/YXLUFamZ13M/maxresdefault.jpg
saves girl,saves girl trapped in stranger,Woman Saves Girl Trapped In Stranger’s Car | @DramatizeMe,DramatizeMe,1835554,2.23,https://www.youtube.com/watch?v=ujGexbqs68s,https://i.ytimg.com/vi/ujGexbqs68s/maxresdefault.jpg
shocking ending,shocking ending,Policeman Arrests Black Woman Who Is Married to The Sheriff. Shocking Ending.,SoulSnack,3147509,5.0,https://www.youtube.com/watch?v=HrGr0Ues4ts,https://i.ytimg.com/vi/HrGr0Ues4ts/maxresdefault.jpg
shocking ending,shocking ending,Wife DIVORCES Military Husband After LOSING HIS LEGS!!!! Shocking Ending!!!!,Life Lessons With Luis,8456623,4.41,https://www.youtube.com/watch?v=mBfsKSnMQqs,https://i.ytimg.com/vi/mBfsKSnMQqs/maxresdefault.jpg
shocking ending,shocking ending,Police Captain's Daughter Pulled Over. Shocking Ending.,SoulSnack,1607871,2.55,https://www.youtube.com/watch?v=cBDP4WdcmNA,https://i.ytimg.com/vi/cBDP4WdcmNA/maxresdefault.jpg
shocking ending,shocking ending,Evil COP Caught SELLING DRUGS to Kids!!!! SHOCKING ENDING!!!!,Life Lessons With Luis,4582997,2.39,https://www.youtube.com/watch?v=0ahJcgQCj3A,https://i.ytimg.com/vi/0ahJcgQCj3A/maxresdefault.jpg
shocking ending,shocking ending,Guy Pulls Hijab off Muslim Girls Head!!!! SHOCKING ENDING!!!!!,Life Lessons With Luis,4238583,2.21,https://www.youtube.com/watch?v=B0iY4opoy1M,https://i.ytimg.com/vi/B0iY4opoy1M/maxresdefault.jpg
dashcam footage,dashcam footage,8 Most Disturbing Things Caught on Dashcam Footage,Chilling Scares,13348860,4.1,https://www.youtube.com/watch?v=DgMhZLYOcXM,https://i.ytimg.com/vi/DgMhZLYOcXM/maxresdefault.jpg
dashcam footage,dashcam footage,6 Most Disturbing Things Caught on Trucker Dashcam Footage,Chilling Scares,8868872,2.73,https://www.youtube.com/watch?v=v8YtccV2G94,https://i.ytimg.com/vi/v8YtccV2G94/maxresdefault.jpg
dashcam footage,dashcam footage vol 3,8 Most Disturbing Things Caught on Dashcam Footage (Vol. 3),Chilling Scares,21915771,6.73,https://www.youtube.com/watch?v=xQCR_Z0EpdI,https://i.ytimg.com/vi/xQCR_Z0EpdI/maxresdefault.jpg
dashcam footage,dashcam footage vol 6,8 Most Disturbing Things Caught on Dashcam Footage (Vol. 6),Chilling Scares,12547753,3.86,https://www.youtube.com/watch?v=BUfXcCWAeMw,https://i.ytimg.com/vi/BUfXcCWAeMw/maxresdefault.jpg
sister roblox movie,sister roblox movie,He Had to Save His ROBOT SISTER! (A Roblox Movie),ShanePlays 2,14481729,5.95,https://www.youtube.com/watch?v=lqllmv_pErw,https://i.ytimg.com/vi/lqllmv_pErw/maxresdefault.jpg
sister roblox movie,sister roblox movie,Mom Loved YOUTUBER SISTER More Than HIM! (A Roblox Movie),ShanePlays 2,9952531,4.09,https://www.youtube.com/watch?v=f1dw-d7KZYA,https://i.ytimg.com/vi/f1dw-d7KZYA/maxresdefault.jpg
sister roblox movie,sister roblox movie,Mom Loved His ADOPTED Sister MORE Than Him! (A Roblox Movie),ShanePlays 2,9103170,3.74,https://www.youtube.com/watch?v=t-O5f9Uhr2k,https://i.ytimg.com/vi/t-O5f9Uhr2k/maxresdefault.jpg
sister roblox movie,sister roblox movie,Mom Loves His Sister MORE THAN HIM! (A Roblox Movie),ShanePlays 2,5294846,2.18,https://www.youtube.com/watch?v=8lvGaws3jc0,https://i.ytimg.com/vi/8lvGaws3jc0/maxresdefault.jpg
footage,footage,10 Most Disturbing Things Caught on Doorbell Camera Footage,Chilling Scares,11592800,3.56,https://www.youtube.com/watch?v=MzznUfFGcOg,https://i.ytimg.com/vi/MzznUfFGcOg/maxresdefault.jpg
footage,footage,5 Most Disturbing Cases of Real Found Footage,Chilling Scares,8735600,2.68,https://www.youtube.com/watch?v=SA_sR84QkqQ,https://i.ytimg.com/vi/SA_sR84QkqQ/maxresdefault.jpg
footage,footage,6 Most Disturbing Things Caught on Police Bodycam Footage,Chilling Scares,6822997,2.1,https://www.youtube.com/watch?v=W461pi5-meM,https://i.ytimg.com/vi/W461pi5-meM/maxresdefault.jpg
footage,footage fuels decades long,FOUND FOOTAGE fuels decades long MYSTERY (*WARNING GRAPHIC CONTENT*),MrBallen,16600770,6.21,https://www.youtube.com/watch?v=OMBxxvd64qk,https://i.ytimg.com/vi/OMBxxvd64qk/maxresdefault.jpg
birthday surprise,birthday surprise,Our Son's EPIC 14th Birthday Surprise,The Royalty Family,74000058,4.35,https://www.youtube.com/watch?v=XuNqMOGENZk,https://i.ytimg.com/vi/XuNqMOGENZk/maxresdefault.jpg
birthday surprise,birthday surprise,Our Son's DREAM Birthday Surprise!,The Royalty Family,74016477,4.35,https://www.youtube.com/watch?v=CqIMF0M-XrU,https://i.ytimg.com/vi/CqIMF0M-XrU/maxresdefault.jpg
birthday surprise,birthday surprise,our Son's EPIC Birthday Surprise!,The Royalty Family,58278636,3.43,https://www.youtube.com/watch?v=56NrzRjZDko,https://i.ytimg.com/vi/56NrzRjZDko/maxresdefault.jpg
birthday surprise,birthday surprise,Our Son's EPIC 13th BIRTHDAY SURPRISE!,The Royalty Family,50726633,2.98,https://www.youtube.com/watch?v=ppAIBR_BxO4,https://i.ytimg.com/vi/ppAIBR_BxO4/maxresdefault.jpg
creepy true,creepy true,3 Creepy True Horror Stories,Mr. Nightmare,8839868,2.9,https://www.youtube.com/watch?v=ZMIFH0qWOHE,https://i.ytimg.com/vi/ZMIFH0qWOHE/hqdefault.jpg
creepy true,creepy true,10 Really CREEPY True Stories,Mr. Nightmare,8016371,2.63,https://www.youtube.com/watch?v=J6b_KzjgkmE,https://i.ytimg.com/vi/J6b_KzjgkmE/hqdefault.jpg
creepy true,creepy true,3 Really Creepy True Horror Stories,Mr. Nightmare,7802366,2.56,https://www.youtube.com/watch?v=OMyVNZ77gWw,https://i.ytimg.com/vi/OMyVNZ77gWw/hqdefault.jpg
creepy true,creepy true school lockdown,3 Creepy True School Lockdown Stories,Mr. Nightmare,29973603,9.85,https://www.youtube.com/watch?v=kKDHnbsYWWM,https://i.ytimg.com/vi/kKDHnbsYWWM/hqdefault.jpg
creepy true,creepy true hitchhiking,3 Creepy TRUE Hitchhiking Horror Stories,Mr. Nightmare,7007135,2.3,https://www.youtube.com/watch?v=zHMWydQbUew,https://i.ytimg.com/vi/zHMWydQbUew/maxresdefault.jpg
creepy true,creepy true fire drill,3 Creepy True Fire Drill Stories,Mr. Nightmare,6126393,2.01,https://www.youtube.com/watch?v=EyNYkQvqK48,https://i.ytimg.com/vi/EyNYkQvqK48/maxresdefault.jpg
crosses,crosses line scripted,A Competitive Coach Crosses the Line | Scripted Drama,Sameer Bhavnani,2821698,5.18,https://www.youtube.com/watch?v=-PdQsjjIR7Y,https://i.ytimg.com/vi/-PdQsjjIR7Y/maxresdefault.jpg
crosses,crosses line scripted,A Trusted Person Crosses the Line | Scripted Drama,Sameer Bhavnani,1180138,2.17,https://www.youtube.com/watch?v=CrrUTuEosB8,https://i.ytimg.com/vi/CrrUTuEosB8/maxresdefault.jpg
crosses,crosses a dangerous line,A Trusted Employee Crosses a Dangerous Line | Scripted Drama,Sameer Bhavnani,3133568,5.75,https://www.youtube.com/watch?v=sQC39Um-Ac8,https://i.ytimg.com/vi/sQC39Um-Ac8/maxresdefault.jpg
line scripted drama,line scripted drama,A Trusted Employee Crosses a Dangerous Line | Scripted Drama,Sameer Bhavnani,3133568,5.75,https://www.youtube.com/watch?v=sQC39Um-Ac8,https://i.ytimg.com/vi/sQC39Um-Ac8/maxresdefault.jpg
line scripted drama,line scripted drama,A Competitive Coach Crosses the Line | Scripted Drama,Sameer Bhavnani,2821698,5.18,https://www.youtube.com/watch?v=-PdQsjjIR7Y,https://i.ytimg.com/vi/-PdQsjjIR7Y/maxresdefault.jpg
line scripted drama,line scripted drama,A Trusted Person Crosses the Line | Scripted Drama,Sameer Bhavnani,1180138,2.17,https://www.youtube.com/watch?v=CrrUTuEosB8,https://i.ytimg.com/vi/CrrUTuEosB8/maxresdefault.jpg
kidnapper,kidnapper,9 Year Old RUNS AWAY From Home..... MEETS KIDNAPPER!!!!!,Life Lessons With Luis,8361157,4.36,https://www.youtube.com/watch?v=t721REXlTj0,https://i.ytimg.com/vi/t721REXlTj0/maxresdefault.jpg
kidnapper,kidnapper,"Waiter SAVES Girl From KIDNAPPER, What Happens Is Shocking | Illumeably",Illumeably,2443305,4.14,https://www.youtube.com/watch?v=t0it_EGuVms,https://i.ytimg.com/vi/t0it_EGuVms/maxresdefault.jpg
kidnapper,kidnapper surprise ending,9 YEAR OLD Girl Meets KIDNAPPER!!! Surprise ENDING!!!!,Life Lessons With Luis,5295600,2.76,https://www.youtube.com/watch?v=0Z3CLkojZs4,https://i.ytimg.com/vi/0Z3CLkojZs4/maxresdefault.jpg
bullied,bullied,"If YOU'VE Been Bullied Because of Your NAME, WATCH THIS | SAMEER BHAVNANI",Sameer Bhavnani,2398434,4.4,https://www.youtube.com/watch?v=FkKTE5rW0xU,https://i.ytimg.com/vi/FkKTE5rW0xU/maxresdefault.jpg
bullied,bullied for smiling,Bullied for Smiling Too Much,Sameer Bhavnani,2231337,4.1,https://www.youtube.com/watch?v=mtw4Ps8iV6Y,https://i.ytimg.com/vi/mtw4Ps8iV6Y/maxresdefault.jpg
bullied,bullied kid,BULLIED KID Becomes A Millionaire Ft. Salish Matter | Dhar Mann Studios,Dhar Mann Studios,13062756,2.45,https://www.youtube.com/watch?v=HpsMYs9KuBM,https://i.ytimg.com/vi/HpsMYs9KuBM/maxresdefault.jpg
stranger,stranger,"Layla Meets STRANGER, What happens is surprising! Full Movie | THE BEAST FAMILY",The Beast Family,7293637,5.72,https://www.youtube.com/watch?v=duQs_XQyzCY,https://i.ytimg.com/vi/duQs_XQyzCY/maxresdefault.jpg
stranger,stranger buys homeless,"Stranger Buys Homeless Family A House, Watch What Happens.",Vid Chronicles,744541,3.41,https://www.youtube.com/watch?v=89S_KgiewcY,https://i.ytimg.com/vi/89S_KgiewcY/maxresdefault.jpg
stranger,stranger s car,Woman Saves Girl Trapped In Stranger’s Car | @DramatizeMe,DramatizeMe,1835554,2.23,https://www.youtube.com/watch?v=ujGexbqs68s,https://i.ytimg.com/vi/ujGexbqs68s/maxresdefault.jpg
buys,buys back grandma's house,Doge Coin Millionaire Buys Back Grandma's House! | Sameer Bhavnani,Sameer Bhavnani,2578089,4.73,https://www.youtube.com/watch?v=lGPa9Z4yRbw,https://i.ytimg.com/vi/lGPa9Z4yRbw/maxresdefault.jpg
buys,buys homeless,"Stranger Buys Homeless Family A House, Watch What Happens.",Vid Chronicles,744541,3.41,https://www.youtube.com/watch?v=89S_KgiewcY,https://i.ytimg.com/vi/89S_KgiewcY/maxresdefault.jpg
buys,buys evil toy,"Family BUYS EVIL TOY, What Happens NEXT Is Shocking!",The Beast Family,3940288,3.09,https://www.youtube.com/watch?v=dos6AKorcwY,https://i.ytimg.com/vi/dos6AKorcwY/maxresdefault.jpg
racist karen,racist karen cop eats black,Racist Karen Cop EATS Black Grand Mother! | Sameer Bhavnani,Sameer Bhavnani,2355031,4.32,https://www.youtube.com/watch?v=ha_MhVJQAF8,https://i.ytimg.com/vi/ha_MhVJQAF8/maxresdefault.jpg
racist karen,racist karen attacks innocent arab,Racist Karen Attacks Innocent Arab Man. Then This Happens.,SoulSnack,1947200,3.09,https://www.youtube.com/watch?v=JOc5zJb-HzU,https://i.ytimg.com/vi/JOc5zJb-HzU/maxresdefault.jpg
racist karen,racist karen rejects customer,Racist Karen Rejects Customer With Black American Express Card. He Gets The Last Laugh.,SoulSnack,1919742,3.05,https://www.youtube.com/watch?v=3ZGLxYyN820,https://i.ytimg.com/vi/3ZGLxYyN820/maxresdefault.jpg
racist karen,racist karen calls cops,Racist Karen Calls Cops on Black Dad Who Has White Son.,SoulSnack,1788563,2.84,https://www.youtube.com/watch?v=FyPm-K53fh4,https://i.ytimg.com/vi/FyPm-K53fh4/maxresdefault.jpg
built extreme,built extreme rooms,I Built 7 EXTREME Rooms in My House!,Ben Azelart,108304299,3.85,https://www.youtube.com/watch?v=SrWHnSDQyps,https://i.ytimg.com/vi/SrWHnSDQyps/maxresdefault.jpg
built extreme,built extreme rooms,I Built 10 EXTREME Rooms in My House!,Ben Azelart,58986737,2.1,https://www.youtube.com/watch?v=zFk0kvxDehc,https://i.ytimg.com/vi/zFk0kvxDehc/maxresdefault.jpg
built extreme,built extreme school bus,I Built an EXTREME School Bus!,Ben Azelart,124197076,4.42,https://www.youtube.com/watch?v=Jg9mQl81EDs,https://i.ytimg.com/vi/Jg9mQl81EDs/maxresdefault.jpg
built extreme,built extreme yacht,I Built an EXTREME Yacht!,Ben Azelart,74284001,2.64,https://www.youtube.com/watch?v=66v5KLtT2nA,https://i.ytimg.com/vi/66v5KLtT2nA/maxresdefault.jpg
built extreme,built extreme waterpark,I Built an EXTREME Waterpark!,Ben Azelart,68830674,2.45,https://www.youtube.com/watch?v=tFHVao19q_w,https://i.ytimg.com/vi/tFHVao19q_w/maxresdefault.jpg
built extreme,built extreme private jet,I Built an EXTREME Private Jet!,Ben Azelart,56969681,2.03,https://www.youtube.com/watch?v=GprYyc7m4gg,https://i.ytimg.com/vi/GprYyc7m4gg/maxresdefault.jpg
survive,survive in a grocery,"$10,000 Every Day You Survive In A Grocery Store",MrBeast,542557558,3.59,https://www.youtube.com/watch?v=tnTPaLOaHz8,https://i.ytimg.com/vi/tnTPaLOaHz8/maxresdefault.jpg
survive,survive in wilderness,"$10,000 Every Day You Survive In The Wilderness",MrBeast,404353653,2.68,https://www.youtube.com/watch?v=U_LlX4t0A9I,https://i.ytimg.com/vi/U_LlX4t0A9I/maxresdefault.jpg
survive,survive,Horror Games I Could Easily Survive,Tyler Vitelli,2133603,2.4,https://www.youtube.com/watch?v=elJwAKaA-_A,https://i.ytimg.com/vi/elJwAKaA-_A/maxresdefault.jpg
survive,survive an abandoned mall,How Many Days Can I Survive an Abandoned Mall?,Ryan Trahan,21551258,2.14,https://www.youtube.com/watch?v=DpzLLyo0F8k,https://i.ytimg.com/vi/DpzLLyo0F8k/maxresdefault.jpg
top bingeable,top bingeable stories forest,Top 5 Bingeable SCARY STORIES • FOREST HORROR Edition,MrBallen,11723229,4.39,https://www.youtube.com/watch?v=EEJcCYmCVWM,https://i.ytimg.com/vi/EEJcCYmCVWM/maxresdefault.jpg
top bingeable,top bingeable stories terrifying,Top 4 Bingeable SCARY STORIES • Terrifying Encounters Edition,MrBallen,8841643,3.31,https://www.youtube.com/watch?v=RzW0QsAPOQY,https://i.ytimg.com/vi/RzW0QsAPOQY/maxresdefault.jpg
top bingeable,top bingeable stories strangest,Top 5 Bingeable SCARY STORIES • STRANGEST of the Strange Edition (*MATURE AUDIENCES*),MrBallen,8623375,3.23,https://www.youtube.com/watch?v=Z_jD-95RhWo,https://i.ytimg.com/vi/Z_jD-95RhWo/maxresdefault.jpg
top bingeable,top bingeable stories missing,Top 5 Bingeable SCARY STORIES • MISSING Persons Edition,MrBallen,5749930,2.15,https://www.youtube.com/watch?v=hwtXGiWSkQY,https://i.ytimg.com/vi/hwtXGiWSkQY/hqdefault.jpg
top bingeable,top bingeable,Top 5 Bingeable SCARY STORIES • NIGHTMARE FUEL Edition,MrBallen,5681606,2.13,https://www.youtube.com/watch?v=CBPYXcxyAOg,https://i.ytimg.com/vi/CBPYXcxyAOg/maxresdefault.jpg
top bingeable,top bingeable stories sick,TOP 5 Bingeable SCARY STORIES • Sick Minds Edition,MrBallen,5611317,2.1,https://www.youtube.com/watch?v=GyljYbQiGj8,https://i.ytimg.com/vi/GyljYbQiGj8/maxresdefault.jpg
top bingeable,top bingeable stories places,Top 5 Bingeable SCARY STORIES • PLACES You Can't Go Edition Vol. 1,MrBallen,5381721,2.01,https://www.youtube.com/watch?v=kYnAoco4Fbo,https://i.ytimg.com/vi/kYnAoco4Fbo/maxresdefault.jpg
town,town only appears,The Hotel On The Edge Of Town Only Appears At Midnight,Dr. NoSleep Podcast,76515,4.17,https://www.youtube.com/watch?v=SOAYw14PmJg,https://i.ytimg.com/vi/SOAYw14PmJg/maxresdefault.jpg
town,town,"I Survived in an Ancient, then Futuristic Town",Ryan Trahan,25697311,2.55,https://www.youtube.com/watch?v=X3aoIWMC2qs,https://i.ytimg.com/vi/X3aoIWMC2qs/maxresdefault.jpg
town,town claims,The Richest Family In My Town Claims I'm Their Daughter,MSA,38460643,2.46,https://www.youtube.com/watch?v=S_REUE9Mow0,https://i.ytimg.com/vi/S_REUE9Mow0/maxresdefault.jpg
town,town i moved,The Town I Moved To Has No Cemeteries And Now I Know Why,Dr. NoSleep Podcast,42190,2.3,https://www.youtube.com/watch?v=iP2kMGtUEYo,https://i.ytimg.com/vi/iP2kMGtUEYo/maxresdefault.jpg
waterpark house,waterpark house,We Built a Waterpark Inside Our House!,The Royalty Family,65366340,3.84,https://www.youtube.com/watch?v=UfZnRKo5AYc,https://i.ytimg.com/vi/UfZnRKo5AYc/maxresdefault.jpg
waterpark house,waterpark house,I Built a WATERPARK In My House!,Stokes Twins,168860595,3.29,https://www.youtube.com/watch?v=An52a50mVXs,https://i.ytimg.com/vi/An52a50mVXs/maxresdefault.jpg
waterpark house,waterpark house jay's world s3,Kid BUILDS WATERPARK IN HOUSE - Jay's World S3 E04 | Dhar Mann Studios,Dhar Mann Studios,12396822,2.32,https://www.youtube.com/watch?v=uVDdIP2n7hs,https://i.ytimg.com/vi/uVDdIP2n7hs/maxresdefault.jpg
apple,apple,Teen Gets FIRST NEW iPHONE from Apple. Then what Happens?,Totally Studios,5785785,4.11,https://www.youtube.com/watch?v=ngwd_F8ALI8,https://i.ytimg.com/vi/ngwd_F8ALI8/maxresdefault.jpg
apple,apple vision pro,I Survived 50 Hours in Apple Vision Pro,Ryan Trahan,39575201,3.92,https://www.youtube.com/watch?v=Cb1Dv565f2I,https://i.ytimg.com/vi/Cb1Dv565f2I/maxresdefault.jpg
apple,apple before release date,TEEN Caught Taking TOP SECRET New IPHONE from Apple before Release Date.,Totally Studios,2861577,2.03,https://www.youtube.com/watch?v=UD922nOKK-8,https://i.ytimg.com/vi/UD922nOKK-8/maxresdefault.jpg
cops black,cops black man,"Racist Lady Calls Cops On Black Man, Then This Happens | Illumeably",Illumeably,2017095,3.42,https://www.youtube.com/watch?v=mjbPAUQrFSk,https://i.ytimg.com/vi/mjbPAUQrFSk/maxresdefault.jpg
cops black,cops black neighbor moving,Crazy Karen Calls Cops on Black Neighbor Moving Out. Claims He's a thief. Then This Happens,SoulSnack,1901497,3.02,https://www.youtube.com/watch?v=hcbZoBq1Kz8,https://i.ytimg.com/vi/hcbZoBq1Kz8/maxresdefault.jpg
cops black,cops black dad,Racist Karen Calls Cops on Black Dad Who Has White Son.,SoulSnack,1788563,2.84,https://www.youtube.com/watch?v=FyPm-K53fh4,https://i.ytimg.com/vi/FyPm-K53fh4/maxresdefault.jpg
cops black,cops black children,Racist Neighbor Calls Cops on Two Black Children,SoulSnack,1595493,2.53,https://www.youtube.com/watch?v=QZtUTu3gcNg,https://i.ytimg.com/vi/QZtUTu3gcNg/maxresdefault.jpg
overnight,overnight,Ugly Girl Becomes Beautiful Overnight | Alan’s Universe,Alan's Universe,69601631,2.11,https://www.youtube.com/watch?v=Pd_zn1f-ax8,https://i.ytimg.com/vi/Pd_zn1f-ax8/maxresdefault.jpg
overnight,overnight,Ugly Boy Becomes Handsome Overnight | Alan’s Universe,Alan's Universe,68041981,2.06,https://www.youtube.com/watch?v=hPIcEynU2Xk,https://i.ytimg.com/vi/hPIcEynU2Xk/maxresdefault.jpg
overnight,overnight in a cyber,Surviving Overnight in a Cyber Truck,The Royalty Family,53069564,3.12,https://www.youtube.com/watch?v=DQ8-CtiFn7w,https://i.ytimg.com/vi/DQ8-CtiFn7w/maxresdefault.jpg
overnight,overnight in my tank,OVERNIGHT In My TANK Challenge! 24 HOURS,Unspeakable,33862622,2.75,https://www.youtube.com/watch?v=uwS5-YcNyGI,https://i.ytimg.com/vi/uwS5-YcNyGI/maxresdefault.jpg
hot car,hot car,Police Officer Puts Black Kids In Hot Squad Car. Then This Happens,SoulSnack,2338133,3.71,https://www.youtube.com/watch?v=S9KdqOBssXc,https://i.ytimg.com/vi/S9KdqOBssXc/hqdefault.jpg
hot car,hot car,Foster Parent Leaves Black Burn Victim In Hot Car. Then This Happens,SoulSnack,1366914,2.17,https://www.youtube.com/watch?v=-1QxpX5w9Xo,https://i.ytimg.com/vi/-1QxpX5w9Xo/maxresdefault.jpg
hot car,hot car soon lives,Evil Mom Leaves Son In Scorching Hot Car. Soon Lives To Regret It.,SoulSnack,3124007,4.96,https://www.youtube.com/watch?v=jBJL_-e-0O8,https://i.ytimg.com/vi/jBJL_-e-0O8/maxresdefault.jpg
hot car,hot car while mom,Homeless Man Saves Baby Girl Trapped in Hot Car While The Mom Goes Shopping.,SoulSnack,2246833,3.57,https://www.youtube.com/watch?v=1SlLZ451iAc,https://i.ytimg.com/vi/1SlLZ451iAc/maxresdefault.jpg
instantly,instantly regret,"Siblings DONT LISTEN To Mom, They Instantly Regret it | The Beast Family",The Beast Family,8135270,6.38,https://www.youtube.com/watch?v=_ymYt7odJsE,https://i.ytimg.com/vi/_ymYt7odJsE/maxresdefault.jpg
instantly,instantly regret,Karen STEALS PLAYSTATION 5 from KID. Does He Get the PS5 Back at the End or Instantly Regret It?,Totally Studios,4555069,3.23,https://www.youtube.com/watch?v=_F5NL-W5Kfk,https://i.ytimg.com/vi/_F5NL-W5Kfk/maxresdefault.jpg
instantly,instantly regretted,My Dad Abandoned Us for Millions and Instantly Regretted It,Story Time Animated,1627062,2.14,https://www.youtube.com/watch?v=VBw3tkmIvGg,https://i.ytimg.com/vi/VBw3tkmIvGg/maxresdefault.jpg
regret,regret,"Siblings DONT LISTEN To Mom, They Instantly Regret it | The Beast Family",The Beast Family,8135270,6.38,https://www.youtube.com/watch?v=_ymYt7odJsE,https://i.ytimg.com/vi/_ymYt7odJsE/maxresdefault.jpg
regret,regret,Karen STEALS PLAYSTATION 5 from KID. Does He Get the PS5 Back at the End or Instantly Regret It?,Totally Studios,4555069,3.23,https://www.youtube.com/watch?v=_F5NL-W5Kfk,https://i.ytimg.com/vi/_F5NL-W5Kfk/maxresdefault.jpg
regret,regret,12 Year old Son & Mom SWAP LIVES! *Instant Regret*,The Royalty Family,38352797,2.26,https://www.youtube.com/watch?v=ksJqjusYFt0,https://i.ytimg.com/vi/ksJqjusYFt0/maxresdefault.jpg
dying,dying millionaire gives wealth,"Dying Millionaire Gives Wealth To Poor Girl Instead Of Wife, This Is Why.",Vid Chronicles,2033617,9.3,https://www.youtube.com/watch?v=MRBfJ5Due5c,https://i.ytimg.com/vi/MRBfJ5Due5c/maxresdefault.jpg
dying,dying to skip school,Kid FAKES Dying to SKIP School. Does He Get Caught?,Totally Studios,3198958,2.27,https://www.youtube.com/watch?v=FYuTGv2xIhc,https://i.ytimg.com/vi/FYuTGv2xIhc/maxresdefault.jpg
children's,children's lemonade stand,Crazy Karen Decides To Destroy Children's Lemonade Stand (Then This Happens),SoulSnack,2112070,3.35,https://www.youtube.com/watch?v=p6XlPoMiwkE,https://i.ytimg.com/vi/p6XlPoMiwkE/maxresdefault.jpg
children's,children's birthday,Crazy Karen Destroys Children's Birthday Party. Then This Happens,SoulSnack,1836744,2.91,https://www.youtube.com/watch?v=hyKzn8Jc7AI,https://i.ytimg.com/vi/hyKzn8Jc7AI/maxresdefault.jpg
children's,children's drawings backstories,3 Disturbing Children's Drawings with Backstories,Mr. Nightmare,8724923,2.87,https://www.youtube.com/watch?v=zm5B4IjYlaE,https://i.ytimg.com/vi/zm5B4IjYlaE/maxresdefault.jpg
children's,children's drawings disturbing,4 Children's Drawings With Disturbing Backstories (V3),Mr. Nightmare,7061329,2.32,https://www.youtube.com/watch?v=AeFPU-LfNwo,https://i.ytimg.com/vi/AeFPU-LfNwo/maxresdefault.jpg
revenge,revenge on man,Girl Takes Revenge On Man In Bus | @DramatizeMe,DramatizeMe,6934238,8.41,https://www.youtube.com/watch?v=BjEBzF0L6I0,https://i.ytimg.com/vi/BjEBzF0L6I0/maxresdefault.jpg
revenge,revenge on man,Girl Takes Revenge On Man In Bus | @DramatizeMe,DramatizeMe,2298530,2.79,https://www.youtube.com/watch?v=YmXpu_jCVhA,https://i.ytimg.com/vi/YmXpu_jCVhA/maxresdefault.jpg
revenge,revenge,Vegetarian FORCED to Eat BEEF! Gets REVENGE... | SAMEER BHAVNANI,Sameer Bhavnani,2098300,3.85,https://www.youtube.com/watch?v=TIR6GJfuxB8,https://i.ytimg.com/vi/TIR6GJfuxB8/maxresdefault.jpg
pretty,pretty wife to hide,Husband Forces Pretty Wife to HIDE FACE,Illumeably,2556999,4.34,https://www.youtube.com/watch?v=vl-bS06PkTs,https://i.ytimg.com/vi/vl-bS06PkTs/maxresdefault.jpg
pretty,pretty,i found out why i am pretty,MSA,60158319,3.85,https://www.youtube.com/watch?v=G2UbULU6NQs,https://i.ytimg.com/vi/G2UbULU6NQs/maxresdefault.jpg
pretty,pretty girl moves,"Pretty Girl MOVES IN With TWO GUYS, What Happens Is Shocking | Illumeably",Illumeably,1525924,2.59,https://www.youtube.com/watch?v=y1lXFOwkdI4,https://i.ytimg.com/vi/y1lXFOwkdI4/maxresdefault.jpg
escapes,escapes jail for valentine,"Prisoner ESCAPES JAIL For VALENTINE, What Happens Is Shocking | Illumeably",Illumeably,2228588,3.78,https://www.youtube.com/watch?v=8tOIQagdVNI,https://i.ytimg.com/vi/8tOIQagdVNI/maxresdefault.jpg
escapes,escapes,LAST To LEAVE 100 Buttons But Only ONE Escapes!,Unspeakable,39460376,3.21,https://www.youtube.com/watch?v=ojA8H9lEVAQ,https://i.ytimg.com/vi/ojA8H9lEVAQ/maxresdefault.jpg
escapes,escapes toxic home,Boy Escapes Toxic Home Becomes Millionaire | Vid Chronicles,Vid Chronicles,517773,2.37,https://www.youtube.com/watch?v=cjP3zhIQJJc,https://i.ytimg.com/vi/cjP3zhIQJJc/maxresdefault.jpg
model,model rocket battle,Model Rocket Battle 2 | Dude Perfect,Dude Perfect,189006729,3.84,https://www.youtube.com/watch?v=uPCi5Rs7EuA,https://i.ytimg.com/vi/uPCi5Rs7EuA/maxresdefault.jpg
model,model rocket battle,Model Rocket Battle | Dude Perfect,Dude Perfect,120878465,2.45,https://www.youtube.com/watch?v=WpqUOW19aJQ,https://i.ytimg.com/vi/WpqUOW19aJQ/maxresdefault.jpg
model,model body,My Mom Is Jealous Of My Model Body,Story Time Animated,3414780,4.49,https://www.youtube.com/watch?v=J2C2jPA-v6M,https://i.ytimg.com/vi/J2C2jPA-v6M/maxresdefault.jpg
changes,changes everything emotional drama,A Heartbreaking Decision Changes Everything | Emotional Drama,Sameer Bhavnani,2630028,4.83,https://www.youtube.com/watch?v=4wGvcwpDO9M,https://i.ytimg.com/vi/4wGvcwpDO9M/maxresdefault.jpg
changes,changes her forever,Millionaire Helps Homeless Black Teen Mom. Changes Her Life Forever.,SoulSnack,2012575,3.19,https://www.youtube.com/watch?v=F3QGHb4zupg,https://i.ytimg.com/vi/F3QGHb4zupg/maxresdefault.jpg
changes,changes identity to date,"Guy CHANGES IDENTITY To Date Two Girls, What Happens Next Is Shocking | Illumeably",Illumeably,1287691,2.18,https://www.youtube.com/watch?v=esWR87AXaag,https://i.ytimg.com/vi/esWR87AXaag/maxresdefault.jpg
grocery store,grocery store,"$10,000 Every Day You Survive In A Grocery Store",MrBeast,542557558,3.59,https://www.youtube.com/watch?v=tnTPaLOaHz8,https://i.ytimg.com/vi/tnTPaLOaHz8/maxresdefault.jpg
grocery store,grocery store,How Long Could You Secretly Live In A Grocery Store?,Airrack,24490436,2.37,https://www.youtube.com/watch?v=HUZHDrckHSs,https://i.ytimg.com/vi/HUZHDrckHSs/maxresdefault.jpg
grocery store,grocery store,How Many Days Can I Secretly Live In a Grocery Store?,Airrack,22626850,2.19,https://www.youtube.com/watch?v=wn-deqrkNP8,https://i.ytimg.com/vi/wn-deqrkNP8/maxresdefault.jpg
grocery store,grocery store stereotypes,Grocery Store Stereotypes,Dude Perfect,117731329,2.39,https://www.youtube.com/watch?v=JHiLEkV8l_8,https://i.ytimg.com/vi/JHiLEkV8l_8/maxresdefault.jpg
train,train,I Tried Every Seat on the Most Expensive Train,Ryan Trahan,34608747,3.43,https://www.youtube.com/watch?v=Ye-VZFF0qLE,https://i.ytimg.com/vi/Ye-VZFF0qLE/maxresdefault.jpg
train,train that never stops,I Am On A Train That Never Stops,Dr. NoSleep Podcast,44655,2.44,https://www.youtube.com/watch?v=EZWXKUitNZM,https://i.ytimg.com/vi/EZWXKUitNZM/maxresdefault.jpg
train,train ride in america,I Took the Longest Train Ride in America,Ryan Trahan,23442086,2.32,https://www.youtube.com/watch?v=31VHogI00T0,https://i.ytimg.com/vi/31VHogI00T0/maxresdefault.jpg
train,train vs giant pit,Train Vs Giant Pit,MrBeast,311617009,2.06,https://www.youtube.com/watch?v=fuhE6PYnRMc,https://i.ytimg.com/vi/fuhE6PYnRMc/maxresdefault.jpg
last fall asleep,last fall asleep wins 10 000,"Last to FALL ASLEEP Wins $10,000 CHALLENGE!!! 😴 | The Royalty Family",The Royalty Family,43752621,2.57,https://www.youtube.com/watch?v=wfcZR1rCqvU,https://i.ytimg.com/vi/wfcZR1rCqvU/maxresdefault.jpg
last fall asleep,last fall asleep wins 10 000,"LAST TO FALL ASLEEP WINS $10,000",Stokes Twins,112727440,2.2,https://www.youtube.com/watch?v=4PaqJhHM9-s,https://i.ytimg.com/vi/4PaqJhHM9-s/maxresdefault.jpg
last fall asleep,last fall asleep ft amp,LAST TO FALL ASLEEP FT AMP,Beta Squad,29070522,2.78,https://www.youtube.com/watch?v=Kd_UqfRhN44,https://i.ytimg.com/vi/Kd_UqfRhN44/maxresdefault.jpg
last fall asleep,last fall asleep challenge,LAST TO FALL ASLEEP CHALLENGE,Beta Squad,21825255,2.08,https://www.youtube.com/watch?v=OfALmGupms8,https://i.ytimg.com/vi/OfALmGupms8/maxresdefault.jpg
console,console,A Game Console Is Taken—and the Truth Comes Out | Scripted Drama,Sameer Bhavnani,4589039,8.43,https://www.youtube.com/watch?v=luqizqtAxmo,https://i.ytimg.com/vi/luqizqtAxmo/maxresdefault.jpg
console,console,A Woman Targets a Game Console,Sameer Bhavnani,3175858,5.83,https://www.youtube.com/watch?v=qQllhaQdQdQ,https://i.ytimg.com/vi/qQllhaQdQdQ/maxresdefault.jpg
penny,penny a roblox movie,Surviving On A Penny:  A Roblox Movie,ShanePlays 2,8979319,3.69,https://www.youtube.com/watch?v=7xBokGhT02Q,https://i.ytimg.com/vi/7xBokGhT02Q/maxresdefault.jpg
penny,penny a roblox movie,How He SURVIVED On A PENNY! (A Roblox Movie),ShanePlays 2,5012081,2.06,https://www.youtube.com/watch?v=YLC8p4HJL_8,https://i.ytimg.com/vi/YLC8p4HJL_8/maxresdefault.jpg
penny,penny changed,A Penny Changed His Life: A Roblox Movie,ShanePlays 2,6732887,2.77,https://www.youtube.com/watch?v=ZqTCKAODt8I,https://i.ytimg.com/vi/ZqTCKAODt8I/maxresdefault.jpg
penny,penny turned,A PENNY Turned Him Into A TRILLIONAIRE! (A Roblox Movie),ShanePlays 2,5518529,2.27,https://www.youtube.com/watch?v=Fm04pL6JUmo,https://i.ytimg.com/vi/Fm04pL6JUmo/maxresdefault.jpg
penny,penny,I Delivered a Penny to MrBeast!,Ryan Trahan,21952087,2.18,https://www.youtube.com/watch?v=uImFHteQd_8,https://i.ytimg.com/vi/uImFHteQd_8/maxresdefault.jpg
arrests black,arrests black woman,Policeman Arrests Black Woman Who Is Married to The Sheriff. Shocking Ending.,SoulSnack,3147509,5.0,https://www.youtube.com/watch?v=HrGr0Ues4ts,https://i.ytimg.com/vi/HrGr0Ues4ts/maxresdefault.jpg
arrests black,arrests black military veteran,RACIST COP Arrests BLACK Military Veteran: YOU WON'T BELIEVE WHAT HE DOES!!!!,Life Lessons With Luis,7245857,3.78,https://www.youtube.com/watch?v=AakUbWzzfkk,https://i.ytimg.com/vi/AakUbWzzfkk/maxresdefault.jpg
arrests black,arrests black business owner,Cop Falsely Arrests Black Business Owner. Then This Happens,SoulSnack,1843015,2.92,https://www.youtube.com/watch?v=_UD4zc0aOzg,https://i.ytimg.com/vi/_UD4zc0aOzg/maxresdefault.jpg
bad,bad in school,"Girl HIDES She GETTING Treated Bad In School From Mom, What Happens Is Shocking | The Beast Family",The Beast Family,7137528,5.59,https://www.youtube.com/watch?v=ENeyhA7dzWo,https://i.ytimg.com/vi/ENeyhA7dzWo/maxresdefault.jpg
bad,bad babysitter season 1,BAD BABYSITTER SEASON 1,The Beast Family,3783755,2.97,https://www.youtube.com/watch?v=miKO9oKAzsE,https://i.ytimg.com/vi/miKO9oKAzsE/maxresdefault.jpg
bad,bad babysitter,"MOM CATCHES BAD BABYSITTER, What Happens Next Is Shocking | THE BEAST FAMILY",The Beast Family,3435020,2.69,https://www.youtube.com/watch?v=YQNZWZYihao,https://i.ytimg.com/vi/YQNZWZYihao/maxresdefault.jpg
bad,bad,ROBLOX is BAD!!,scribblejuice,5517830,2.29,https://www.youtube.com/watch?v=dqJ4q4ebJHQ,https://i.ytimg.com/vi/dqJ4q4ebJHQ/maxresdefault.jpg
terrifying true volume,terrifying true volume 7,10 Terrifying True Scary Stories (Volume 7),Mr. Nightmare,10065660,3.31,https://www.youtube.com/watch?v=aWykibCYWuE,https://i.ytimg.com/vi/aWykibCYWuE/maxresdefault.jpg
terrifying true volume,terrifying true volume 4,10 Terrifying TRUE Stories (Volume 4),Mr. Nightmare,9266893,3.04,https://www.youtube.com/watch?v=kG-InJgh1-M,https://i.ytimg.com/vi/kG-InJgh1-M/maxresdefault.jpg
terrifying true volume,terrifying true volume 8,10 Terrifying True Scary Stories (Volume 8),Mr. Nightmare,8597043,2.82,https://www.youtube.com/watch?v=KnKcOzNC32o,https://i.ytimg.com/vi/KnKcOzNC32o/maxresdefault.jpg
terrifying true volume,terrifying true volume 6,10 Terrifying TRUE Stories (Volume 6),Mr. Nightmare,8419698,2.77,https://www.youtube.com/watch?v=icqN4E1Tous,https://i.ytimg.com/vi/icqN4E1Tous/hqdefault.jpg
terrifying true volume,terrifying true volume 9,10 Terrifying TRUE Scary Stories (Volume 9),Mr. Nightmare,7326327,2.41,https://www.youtube.com/watch?v=hNoKzd866-o,https://i.ytimg.com/vi/hNoKzd866-o/maxresdefault.jpg
spoiled,spoiled brother,SPOILED Brother Had A FAKE FUNERAL! (A Roblox Movie),ShanePlays 2,7052817,2.9,https://www.youtube.com/watch?v=c5W12wfA4QE,https://i.ytimg.com/vi/c5W12wfA4QE/maxresdefault.jpg
spoiled,spoiled twin a roblox,The Spoiled Twin: A Roblox Movie,ShanePlays 2,6474575,2.66,https://www.youtube.com/watch?v=X4WMt0vHmzo,https://i.ytimg.com/vi/X4WMt0vHmzo/maxresdefault.jpg
spoiled,spoiled teen,WORLD'S MOST Spoiled Teen | Dhar Mann Studios,Dhar Mann Studios,10950158,2.05,https://www.youtube.com/watch?v=-izIZbDfDz8,https://i.ytimg.com/vi/-izIZbDfDz8/maxresdefault.jpg
spoiled,spoiled brat shames girl,Spoiled Brat Shames Girl In Pool | @DramatizeMe,DramatizeMe,1684805,2.04,https://www.youtube.com/watch?v=kEYwvEz0LsA,https://i.ytimg.com/vi/kEYwvEz0LsA/maxresdefault.jpg
world's largest,world's largest pringles can shot,WORLD'S LARGEST Pringles Can Shot (Ping Pong Trick Shots 2),Dude Perfect,224925144,4.56,https://www.youtube.com/watch?v=UtsfUAHkyWQ,https://i.ytimg.com/vi/UtsfUAHkyWQ/maxresdefault.jpg
world's largest,world's largest pizza 132 feet,I Made The World's Largest Pizza (132 Feet),Airrack,32275966,3.12,https://www.youtube.com/watch?v=LrTKeT8xBRg,https://i.ytimg.com/vi/LrTKeT8xBRg/maxresdefault.jpg
world's largest,world's largest mystery box 500,"I Bought The World's Largest Mystery Box! ($500,000)",MrBeast,311506787,2.06,https://www.youtube.com/watch?v=ayXxwJJId_c,https://i.ytimg.com/vi/ayXxwJJId_c/maxresdefault.jpg
curse,curse,My PERFECT MEMORY Got Me All A’s (But It’s A Curse),Story Time Animated,2106391,2.77,https://www.youtube.com/watch?v=Fimj5RjfzcE,https://i.ytimg.com/vi/Fimj5RjfzcE/maxresdefault.jpg
curse,curse of frost lake,The Curse of Frost Lake Manor | From #1 Bestselling Author Tony Marturano,Dr. NoSleep Podcast,45042,2.46,https://www.youtube.com/watch?v=w1mLPlRKbhQ,https://i.ytimg.com/vi/w1mLPlRKbhQ/maxresdefault.jpg
curse,curse of sprunki cartoon,The CURSE of SPRUNKI... (Cartoon Animation),GameToons,7089588,2.22,https://www.youtube.com/watch?v=QbkNnlDVC1k,https://i.ytimg.com/vi/QbkNnlDVC1k/maxresdefault.jpg
curse,curse of rainbow,CURSE of the RAINBOW SPRUNKI! (Cartoon Animation),GameToons,6432086,2.02,https://www.youtube.com/watch?v=aEhWuv_hHiQ,https://i.ytimg.com/vi/aEhWuv_hHiQ/maxresdefault.jpg
fat,fat and lazy,Student CALLED FAT and LAZY by Coach at School. Must see Surprise Ending. Totally Studios,Totally Studios,4458001,3.16,https://www.youtube.com/watch?v=zu6ZwekCSy8,https://i.ytimg.com/vi/zu6ZwekCSy8/maxresdefault.jpg
fat,fat shamed at restaurant,SKINNY Girl FAT SHAMED At Restaurant | Illumeably,Illumeably,1833363,3.11,https://www.youtube.com/watch?v=ZZnxkP0QwM0,https://i.ytimg.com/vi/ZZnxkP0QwM0/maxresdefault.jpg
fat,fat shames daughter forces,Dad FAT SHAMES Daughter!!!! FORCES HER to Lose Weight,Life Lessons With Luis,4302682,2.24,https://www.youtube.com/watch?v=6xXblu0ACCs,https://i.ytimg.com/vi/6xXblu0ACCs/maxresdefault.jpg
fighting,fighting they live,"Brother And Sister KEEP FIGHTING, They Live To Regret It | The Beast Family",The Beast Family,11428029,8.96,https://www.youtube.com/watch?v=79O9JycPhT4,https://i.ytimg.com/vi/79O9JycPhT4/maxresdefault.jpg
fighting,fighting in beast's,Fighting in Mr Beast's $100k Youtuber Battle Royale,TheOdd1sOut,92074275,2.2,https://www.youtube.com/watch?v=GEFPqEVlKEk,https://i.ytimg.com/vi/GEFPqEVlKEk/maxresdefault.jpg
true waterpark,true waterpark,3 True Waterpark Horror Stories Animated,IMR Scary Tales,1837934,5.24,https://www.youtube.com/watch?v=sBbNKvIFJrg,https://i.ytimg.com/vi/sBbNKvIFJrg/maxresdefault.jpg
true waterpark,true waterpark,3 TRUE WATERPARK HORROR STORIES ANIMATED,Horror Shorts Party,2687151,2.95,https://www.youtube.com/watch?v=tVLWJMxVorA,https://i.ytimg.com/vi/tVLWJMxVorA/maxresdefault.jpg
true waterpark,true waterpark,3 SCARY TRUE WATERPARK HORROR STORIES ANIMATED,Horror Shorts Party,2342311,2.57,https://www.youtube.com/watch?v=8KIDhEOScdE,https://i.ytimg.com/vi/8KIDhEOScdE/maxresdefault.jpg
true waterpark,true waterpark,3 True Waterpark Horror Stories Animated,IMR Scary Tales,862103,2.46,https://www.youtube.com/watch?v=AmL9q0oGZgw,https://i.ytimg.com/vi/AmL9q0oGZgw/maxresdefault.jpg
regrets,regrets,"Girl CHOOSES FAVORITE BABY Brother, JEALOUS SIBLING Does Something HE REGRETS | The Beast Family",The Beast Family,13469162,10.56,https://www.youtube.com/watch?v=poVl9oPfILs,https://i.ytimg.com/vi/poVl9oPfILs/maxresdefault.jpg
regrets,regrets,Copies Viral Slap and Regrets It,Sameer Bhavnani,1296574,2.38,https://www.youtube.com/watch?v=0OBWtCN4bs0,https://i.ytimg.com/vi/0OBWtCN4bs0/maxresdefault.jpg
regrets,regrets it immediately,PREGNANT Cheerleader KICKED Off Team by Coach. She Regrets it Immediately. Totally Studios.,Totally Studios,4306639,3.06,https://www.youtube.com/watch?v=_-89GUfI-3M,https://i.ytimg.com/vi/_-89GUfI-3M/maxresdefault.jpg
way,way to his friends,Police Officer Attacks Handicap Teenager On Way To His Friends House,SoulSnack,5150563,8.17,https://www.youtube.com/watch?v=lWCfKCrKeRc,https://i.ytimg.com/vi/lWCfKCrKeRc/maxresdefault.jpg
way,way,"Something Twisted Crawled Out from the Edge of the Universe, and It's Coming Our Way...",Dr. NoSleep Podcast,52141,2.84,https://www.youtube.com/watch?v=wyj4SsdBy9E,https://i.ytimg.com/vi/wyj4SsdBy9E/maxresdefault.jpg
ping pong trick,ping pong trick shots 3,Ping Pong Trick Shots 3 | Dude Perfect,Dude Perfect,325791355,6.61,https://www.youtube.com/watch?v=UeG1ftTmLAg,https://i.ytimg.com/vi/UeG1ftTmLAg/maxresdefault.jpg
ping pong trick,ping pong trick shots,WORLD'S LARGEST Pringles Can Shot (Ping Pong Trick Shots 2),Dude Perfect,224925144,4.56,https://www.youtube.com/watch?v=UtsfUAHkyWQ,https://i.ytimg.com/vi/UtsfUAHkyWQ/maxresdefault.jpg
ping pong trick,ping pong trick shots 4,Ping Pong Trick Shots 4 | Dude Perfect,Dude Perfect,174836756,3.55,https://www.youtube.com/watch?v=DkW87-Z9FAY,https://i.ytimg.com/vi/DkW87-Z9FAY/maxresdefault.jpg
shots,shots 3,Ping Pong Trick Shots 3 | Dude Perfect,Dude Perfect,325791355,6.61,https://www.youtube.com/watch?v=UeG1ftTmLAg,https://i.ytimg.com/vi/UeG1ftTmLAg/maxresdefault.jpg
shots,shots,WORLD'S LARGEST Pringles Can Shot (Ping Pong Trick Shots 2),Dude Perfect,224925144,4.56,https://www.youtube.com/watch?v=UtsfUAHkyWQ,https://i.ytimg.com/vi/UtsfUAHkyWQ/maxresdefault.jpg
shots,shots 4,Ping Pong Trick Shots 4 | Dude Perfect,Dude Perfect,174836756,3.55,https://www.youtube.com/watch?v=DkW87-Z9FAY,https://i.ytimg.com/vi/DkW87-Z9FAY/maxresdefault.jpg
first day school,first day school be like,The First Day of School Be Like..,Tyler Vitelli,1998645,2.25,https://www.youtube.com/watch?v=rVFNX8GJNCs,https://i.ytimg.com/vi/rVFNX8GJNCs/maxresdefault.jpg
first day school,first day school be like,The First Day of School Be Like,ChainsFR,16365348,2.11,https://www.youtube.com/watch?v=A2c1q-lyCXU,https://i.ytimg.com/vi/A2c1q-lyCXU/maxresdefault.jpg
first day school,first day school ft salish matter,Our Son's First Day Back to SCHOOL! ft/ Salish Matter,The Royalty Family,54188259,3.19,https://www.youtube.com/watch?v=-EWv6dER2Dw,https://i.ytimg.com/vi/-EWv6dER2Dw/maxresdefault.jpg
first day school,first day school,Our Son's First Day at a NEW SCHOOL,The Royalty Family,38098195,2.24,https://www.youtube.com/watch?v=Le4ERLEMxKc,https://i.ytimg.com/vi/Le4ERLEMxKc/maxresdefault.jpg
lost,lost everything a roblox,Rich Family Lost Everything: A Roblox Movie,ShanePlays 2,6577415,2.7,https://www.youtube.com/watch?v=XoXXxw71MeA,https://i.ytimg.com/vi/XoXXxw71MeA/maxresdefault.jpg
lost,lost twin brother,I Found my Long Lost Twin Brother,The Royalty Family,38691703,2.28,https://www.youtube.com/watch?v=gJlwNKEdH-U,https://i.ytimg.com/vi/gJlwNKEdH-U/maxresdefault.jpg
lost,lost 500 000,"How I Actually Lost $500,000 From MrBeast",Airrack,22948857,2.22,https://www.youtube.com/watch?v=GBfRk5v5YGU,https://i.ytimg.com/vi/GBfRk5v5YGU/maxresdefault.jpg
lost,lost dog,We Found a Lost Dog in a Dumpster,The Royalty Family,36659593,2.16,https://www.youtube.com/watch?v=ZRAd7SfSFXw,https://i.ytimg.com/vi/ZRAd7SfSFXw/maxresdefault.jpg
busting,busting super hero myths,Busting SUPER HERO Myths in Real Life!,The Royalty Family,55088587,3.24,https://www.youtube.com/watch?v=jRGYaWev7T0,https://i.ytimg.com/vi/jRGYaWev7T0/maxresdefault.jpg
busting,busting 1 000 movie,"Busting 1,000 Movie Myths In 24 Hours!",Stokes Twins,153657783,2.99,https://www.youtube.com/watch?v=tn79OFbPwKE,https://i.ytimg.com/vi/tn79OFbPwKE/maxresdefault.jpg
busting,busting 50 game myths,Busting 50 Game Myths in Real Life!,Unspeakable,29470601,2.4,https://www.youtube.com/watch?v=CFBQSKAfEAY,https://i.ytimg.com/vi/CFBQSKAfEAY/hqdefault.jpg
park,park,I Turned My House Into a Trampoline Park!,Unspeakable,79441733,6.46,https://www.youtube.com/watch?v=lSSWH4NOdgE,https://i.ytimg.com/vi/lSSWH4NOdgE/hqdefault.jpg
park,park,3 TRUE AMUSEMENT PARK HORROR STORIES ANIMATED,Horror Shorts Party,3886734,4.26,https://www.youtube.com/watch?v=YuMcRt37Yeo,https://i.ytimg.com/vi/YuMcRt37Yeo/maxresdefault.jpg
scariest,scariest true,10 of the Scariest TRUE Stories of 2023,Mr. Nightmare,6617572,2.17,https://www.youtube.com/watch?v=hqIiAE579X8,https://i.ytimg.com/vi/hqIiAE579X8/maxresdefault.jpg
scariest,scariest true,10 Scariest TRUE Stories of 2024,Mr. Nightmare,6553307,2.15,https://www.youtube.com/watch?v=6P2aV1i44IM,https://i.ytimg.com/vi/6P2aV1i44IM/maxresdefault.jpg
scariest,scariest night,The SCARIEST Night of our Lives,The Royalty Family,53093736,3.12,https://www.youtube.com/watch?v=E_Uu5bKRpzc,https://i.ytimg.com/vi/E_Uu5bKRpzc/maxresdefault.jpg
scariest,scariest basement,The SCARIEST BASEMENT story you will ever hear,MrBallen,6113405,2.29,https://www.youtube.com/watch?v=dR3ThBE7Cj4,https://i.ytimg.com/vi/dR3ThBE7Cj4/maxresdefault.jpg
destroy,destroy children's lemonade stand,Crazy Karen Decides To Destroy Children's Lemonade Stand (Then This Happens),SoulSnack,2112070,3.35,https://www.youtube.com/watch?v=p6XlPoMiwkE,https://i.ytimg.com/vi/p6XlPoMiwkE/maxresdefault.jpg
destroy,destroy worlds strongest,27 Ways To DESTROY The Worlds STRONGEST Cube!,Unspeakable,36390783,2.96,https://www.youtube.com/watch?v=qYZ8LNK3k7Q,https://i.ytimg.com/vi/qYZ8LNK3k7Q/maxresdefault.jpg
destroy,destroy mom day,"BAD Kids DESTROY Mom DAY, What Happens Is Shocking | The Beast Family",The Beast Family,3655310,2.86,https://www.youtube.com/watch?v=8Ul7zKHVAy0,https://i.ytimg.com/vi/8Ul7zKHVAy0/maxresdefault.jpg
strange,strange set of rules,"I Took a Job as a Security Officer at Area 51, I Found a Strange Set of Rules to Follow",Dr. NoSleep Podcast,69228,3.78,https://www.youtube.com/watch?v=s4XJnbZBOqs,https://i.ytimg.com/vi/s4XJnbZBOqs/maxresdefault.jpg
strange,strange edition mature audiences,Top 5 Bingeable SCARY STORIES • STRANGEST of the Strange Edition (*MATURE AUDIENCES*),MrBallen,8623375,3.23,https://www.youtube.com/watch?v=Z_jD-95RhWo,https://i.ytimg.com/vi/Z_jD-95RhWo/maxresdefault.jpg
strange,strange but true mature,They all heard dead people • Top 3 Strange But True (*MATURE AUDIENCES*),MrBallen,5548208,2.08,https://www.youtube.com/watch?v=eCdzzoB7jrQ,https://i.ytimg.com/vi/eCdzzoB7jrQ/hqdefault.jpg
strange,strange but true death's,Top 3 Strange But True | DEATH'S door (*DISTRESSING CONTENT*),MrBallen,5479523,2.05,https://www.youtube.com/watch?v=S7VtahvTLH4,https://i.ytimg.com/vi/S7VtahvTLH4/maxresdefault.jpg
spending,spending 1 000 000,"SPENDING $1,000,000 IN 24 HOURS!!",Stokes Twins,142235403,2.77,https://www.youtube.com/watch?v=kQrl7VQqzQI,https://i.ytimg.com/vi/kQrl7VQqzQI/maxresdefault.jpg
spending,spending 1 000 000,"SPENDING $1,000,000 FILLING MY HOUSE",Unspeakable,31183473,2.54,https://www.youtube.com/watch?v=tI3XBVrglEY,https://i.ytimg.com/vi/tI3XBVrglEY/maxresdefault.jpg
spending,spending 100 hours,Spending 100 Hours In Go Karts,Unspeakable,45330091,3.69,https://www.youtube.com/watch?v=cxzU5MPBrt0,https://i.ytimg.com/vi/cxzU5MPBrt0/hqdefault.jpg
spending,spending 100 000,"Spending $100,000 On Underground Bunker",Unspeakable,26393368,2.15,https://www.youtube.com/watch?v=qovO1NNzsdo,https://i.ytimg.com/vi/qovO1NNzsdo/maxresdefault.jpg
extreme ways survive,extreme ways survive for 24 hours,7 EXTREME WAYS To Survive For 24 HOURS!,Unspeakable,39589496,3.22,https://www.youtube.com/watch?v=9hF1UtAVYlc,https://i.ytimg.com/vi/9hF1UtAVYlc/maxresdefault.jpg
extreme ways survive,extreme ways survive for 24 hours,7 EXTREME Ways To Survive For 24 HOURS!,Stokes Twins,151353427,2.95,https://www.youtube.com/watch?v=A58m8KTOWWM,https://i.ytimg.com/vi/A58m8KTOWWM/maxresdefault.jpg
extreme ways survive,extreme ways survive for 24 hours,7 EXTREME Ways To Survive For 24 HOURS!,Ben Azelart,74443901,2.65,https://www.youtube.com/watch?v=MKGLxxa9_VA,https://i.ytimg.com/vi/MKGLxxa9_VA/maxresdefault.jpg
public,public,I Built a SECRET Room in Public!,Ben Azelart,85184051,3.03,https://www.youtube.com/watch?v=c_iqrJrph8M,https://i.ytimg.com/vi/c_iqrJrph8M/maxresdefault.jpg
public,public,I Caught Strangers Lying In Public,Airrack,29081464,2.81,https://www.youtube.com/watch?v=PJqlSJ8pzy8,https://i.ytimg.com/vi/PJqlSJ8pzy8/maxresdefault.jpg
public,public sleep pods,I Tried Public Sleep Pods,Ryan Trahan,29794619,2.95,https://www.youtube.com/watch?v=b_MChcA2YXo,https://i.ytimg.com/vi/b_MChcA2YXo/maxresdefault.jpg
door,door,Wife Cheats While Husband is Next Door  | @DramatizeMe,DramatizeMe,6978368,8.47,https://www.youtube.com/watch?v=pv7ThizF4t8,https://i.ytimg.com/vi/pv7ThizF4t8/maxresdefault.jpg
door,door distressing content,Top 3 Strange But True | DEATH'S door (*DISTRESSING CONTENT*),MrBallen,5479523,2.05,https://www.youtube.com/watch?v=S7VtahvTLH4,https://i.ytimg.com/vi/S7VtahvTLH4/maxresdefault.jpg
october,october 2021,24 Horror Stories Animated (Compilation of October 2021),IMR Scary Tales,3434138,9.79,https://www.youtube.com/watch?v=uXbzdPK3va4,https://i.ytimg.com/vi/uXbzdPK3va4/maxresdefault.jpg
october,october 2022,24 True Horror Stories Animated (Compilation of October 2022),IMR Scary Tales,1166559,3.32,https://www.youtube.com/watch?v=YYZxYS3xmiQ,https://i.ytimg.com/vi/YYZxYS3xmiQ/maxresdefault.jpg
doesn't,doesn't officially exist,I Work on an Oil Rig in the North Sea That Doesn't Officially Exist,Dr. NoSleep Podcast,187619,10.23,https://www.youtube.com/watch?v=TG3qPwr0X38,https://i.ytimg.com/vi/TG3qPwr0X38/maxresdefault.jpg
doesn't,doesn't know poor kid,BULLY Doesn't Know POOR KID Is A RAP GOD [Inspired By Eminem]  (PG-13) | Dhar Mann Studios,Dhar Mann Studios,18598983,3.49,https://www.youtube.com/watch?v=odIoBdfLaMs,https://i.ytimg.com/vi/odIoBdfLaMs/maxresdefault.jpg
doesn't,doesn't,"The New Neighbor Knocks Every Night at 3 AM, He Doesn't Want to Come In",Dr. NoSleep Podcast,50612,2.76,https://www.youtube.com/watch?v=ncge7b7tJOk,https://i.ytimg.com/vi/ncge7b7tJOk/maxresdefault.jpg
hides,hides she getting treated,"Girl HIDES She GETTING Treated Bad In School From Mom, What Happens Is Shocking | The Beast Family",The Beast Family,7137528,5.59,https://www.youtube.com/watch?v=ENeyhA7dzWo,https://i.ytimg.com/vi/ENeyhA7dzWo/maxresdefault.jpg
hides,hides his face,Boy HIDES HIS FACE After Crush Calls Him UGLY,Illumeably,2864453,4.86,https://www.youtube.com/watch?v=1hEGX_MObhc,https://i.ytimg.com/vi/1hEGX_MObhc/maxresdefault.jpg
spent hours,spent hours world,I Spent 24 Hours With The World’s SHORTEST Woman!,Stokes Twins,237841182,4.63,https://www.youtube.com/watch?v=TzebVGUMrGU,https://i.ytimg.com/vi/TzebVGUMrGU/maxresdefault.jpg
spent hours,spent hours world,I Spent 24 Hours with the World’s Tallest Man!,Stokes Twins,148760342,2.9,https://www.youtube.com/watch?v=psgYshOi9v8,https://i.ytimg.com/vi/psgYshOi9v8/maxresdefault.jpg
spent hours,spent hours buried alive,I Spent 50 Hours Buried Alive,MrBeast,348041231,2.31,https://www.youtube.com/watch?v=9bqk6ZUsKyA,https://i.ytimg.com/vi/9bqk6ZUsKyA/maxresdefault.jpg
spent hours,spent hours in solitary confinement,I Spent 50 Hours In Solitary Confinement,MrBeast,345960236,2.29,https://www.youtube.com/watch?v=r7zJ8srwwjk,https://i.ytimg.com/vi/r7zJ8srwwjk/maxresdefault.jpg
criminal,criminal a roblox movie,His STEP MOM Was Secretly A CRIMINAL! (A Roblox Movie),ShanePlays 2,7285734,2.99,https://www.youtube.com/watch?v=xUo0Cm4LWT4,https://i.ytimg.com/vi/xUo0Cm4LWT4/maxresdefault.jpg
criminal,criminal,Trusting Girl Went On Date With Criminal | @DramatizeMe,DramatizeMe,2371011,2.88,https://www.youtube.com/watch?v=GkME32B_IDQ,https://i.ytimg.com/vi/GkME32B_IDQ/maxresdefault.jpg
criminal,criminal carjacks vehicle,Criminal Carjacks Vehicle With Kids Inside. Then This Happens,SoulSnack,1582441,2.51,https://www.youtube.com/watch?v=5_-kmTMcpz0,https://i.ytimg.com/vi/5_-kmTMcpz0/maxresdefault.jpg
seat,seat,I Tried Every Seat on the Most Expensive Airline,Ryan Trahan,70237408,6.96,https://www.youtube.com/watch?v=ymvjfu_Hm_8,https://i.ytimg.com/vi/ymvjfu_Hm_8/maxresdefault.jpg
seat,seat,I Tried Every Seat on the Most Expensive Train,Ryan Trahan,34608747,3.43,https://www.youtube.com/watch?v=Ye-VZFF0qLE,https://i.ytimg.com/vi/Ye-VZFF0qLE/maxresdefault.jpg
seat,seat,"Traveling FIRST CLASS To DUBAI! ($15,000 Seat) | The Royalty Family",The Royalty Family,45416774,2.67,https://www.youtube.com/watch?v=jPN5ZStAf7k,https://i.ytimg.com/vi/jPN5ZStAf7k/maxresdefault.jpg
lies,lies,My Salty Teacher Told Kids Lies About Me,storybooth,17372757,3.8,https://www.youtube.com/watch?v=hxP-TJQZjQY,https://i.ytimg.com/vi/hxP-TJQZjQY/maxresdefault.jpg
lies,lies about secret lover,"Wife Lies About Secret Lover Being Her Cousin, End Will Shock You.",Vid Chronicles,619769,2.83,https://www.youtube.com/watch?v=FmsbAPXgyEQ,https://i.ytimg.com/vi/FmsbAPXgyEQ/maxresdefault.jpg
lies,lies to fiance,Man Lies To Fiance About How Rich He Is | @DramatizeMe,DramatizeMe,1807469,2.19,https://www.youtube.com/watch?v=dIVoTG5s6Tg,https://i.ytimg.com/vi/dIVoTG5s6Tg/maxresdefault.jpg
bed,bed in my room,I Built a SECRET Bunk Bed in My Room!,Ben Azelart,123512888,4.39,https://www.youtube.com/watch?v=OetqlKApkvo,https://i.ytimg.com/vi/OetqlKApkvo/maxresdefault.jpg
bed,bed her mom,"Woman Catches Boyfriend In Bed with Her Mom, End Will Shock You.",Vid Chronicles,738855,3.38,https://www.youtube.com/watch?v=bX4wVdZqQEo,https://i.ytimg.com/vi/bX4wVdZqQEo/maxresdefault.jpg
bed,bed into a fish,I Turned my Bed into a Fish Tank!,Ben Azelart,89716426,3.19,https://www.youtube.com/watch?v=GOUG2xcDwsc,https://i.ytimg.com/vi/GOUG2xcDwsc/maxresdefault.jpg
encounters caught camera,encounters caught camera,6 Most Disturbing Camping Encounters Caught on Camera,Chilling Scares,11370260,3.49,https://www.youtube.com/watch?v=JyC7HujBvA0,https://i.ytimg.com/vi/JyC7HujBvA0/maxresdefault.jpg
encounters caught camera,encounters caught camera,6 Most Disturbing Abandoned Building Encounters Caught on Camera,Chilling Scares,8719296,2.68,https://www.youtube.com/watch?v=_HAYXIxQ3Ew,https://i.ytimg.com/vi/_HAYXIxQ3Ew/maxresdefault.jpg
encounters caught camera,encounters caught camera,6 Most Disturbing Abandoned Building Encounters Caught on Camera,Chilling Scares,8224052,2.53,https://www.youtube.com/watch?v=ZUrb9ouOdUo,https://i.ytimg.com/vi/ZUrb9ouOdUo/maxresdefault.jpg
encounters caught camera,encounters caught camera,6 Most Disturbing Abandoned Building Encounters Caught on Camera,Chilling Scares,7693966,2.36,https://www.youtube.com/watch?v=HKwftYuMoso,https://i.ytimg.com/vi/HKwftYuMoso/maxresdefault.jpg
encounters caught camera,encounters caught camera,6 Most Disturbing Camping Encounters Caught on Camera,Chilling Scares,6868347,2.11,https://www.youtube.com/watch?v=WuBaJAczi7s,https://i.ytimg.com/vi/WuBaJAczi7s/maxresdefault.jpg
run,run a bar,I Run A Bar That Trades Drinks For Secrets,Dr. NoSleep Podcast,122973,6.71,https://www.youtube.com/watch?v=US8PbXqgsXc,https://i.ytimg.com/vi/US8PbXqgsXc/maxresdefault.jpg
run,run from cops,FASTEST TEEN Forced To Steal and Run From Cops! | Dhar Mann Studios,Dhar Mann Studios,18107611,3.39,https://www.youtube.com/watch?v=8eyV196Tj_U,https://i.ytimg.com/vi/8eyV196Tj_U/maxresdefault.jpg
wealthy black,wealthy black customer,Car Wash Owner Shames Wealthy Black Customer. Then This Happens,SoulSnack,3482186,5.53,https://www.youtube.com/watch?v=zHhl51WXPic,https://i.ytimg.com/vi/zHhl51WXPic/maxresdefault.jpg
wealthy black,wealthy black man,Racist Yacht Broker Refuses to Sell Boat to Wealthy Black Man. Then This Happens,SoulSnack,2620543,4.16,https://www.youtube.com/watch?v=stK1stPpUEQ,https://i.ytimg.com/vi/stK1stPpUEQ/maxresdefault.jpg
wealthy black,wealthy black man kicked,Wealthy Black Man Kicked Out Of Vacation Home. Then This Happens,SoulSnack,1317322,2.09,https://www.youtube.com/watch?v=qo7CZvQRczQ,https://i.ytimg.com/vi/qo7CZvQRczQ/maxresdefault.jpg
poor girl,poor girl instead of wife,"Dying Millionaire Gives Wealth To Poor Girl Instead Of Wife, This Is Why.",Vid Chronicles,2033617,9.3,https://www.youtube.com/watch?v=MRBfJ5Due5c,https://i.ytimg.com/vi/MRBfJ5Due5c/maxresdefault.jpg
poor girl,poor girl,The ONLY POOR GIRL in a Family of BILLIONAIRES,Story Time Animated,2093601,2.75,https://www.youtube.com/watch?v=VJSZ0qr5UJw,https://i.ytimg.com/vi/VJSZ0qr5UJw/maxresdefault.jpg
poor girl,poor girl pretends,"POOR Girl PRETENDS To Be RICH For Her Friends, What Happens Is Shocking | Illumeably",Illumeably,1412138,2.39,https://www.youtube.com/watch?v=Css3T0bi6bY,https://i.ytimg.com/vi/Css3T0bi6bY/maxresdefault.jpg
throws,throws first class passenger,Karen THROWS First Class Passenger OFF PLANE. What Happens Next?,Totally Studios,7445013,5.28,https://www.youtube.com/watch?v=cvz0Dd5BWnE,https://i.ytimg.com/vi/cvz0Dd5BWnE/maxresdefault.jpg
throws,throws baby in dumpster,Teen Mom Throws Baby In Dumpster. Then This Happens,SoulSnack,2910159,4.62,https://www.youtube.com/watch?v=82IkX7HM8-g,https://i.ytimg.com/vi/82IkX7HM8-g/maxresdefault.jpg
living,living inside my body,Something Is Living Inside My Body,Story Time Animated,3110982,4.09,https://www.youtube.com/watch?v=HKPqKQuhwdo,https://i.ytimg.com/vi/HKPqKQuhwdo/maxresdefault.jpg
living,living,"I Took Over A Radio Station in the Mountains, The Broadcasts Are Not for the Living",Dr. NoSleep Podcast,50395,2.75,https://www.youtube.com/watch?v=vJApdfhUi6k,https://i.ytimg.com/vi/vJApdfhUi6k/maxresdefault.jpg
living,living ari,Living with Ari,JaidenAnimations,45499299,2.04,https://www.youtube.com/watch?v=8OnWeYuLboA,https://i.ytimg.com/vi/8OnWeYuLboA/maxresdefault.jpg
snapchat,snapchat,3 Unbelievable SNAPCHAT HORROR Stories Animated,IMR Scary Tales,1268448,3.62,https://www.youtube.com/watch?v=QX42O3tLTgM,https://i.ytimg.com/vi/QX42O3tLTgM/maxresdefault.jpg
snapchat,snapchat,3 Disturbing True Snapchat Stories,Mr. Nightmare,7298226,2.4,https://www.youtube.com/watch?v=rq_22Kl-zJw,https://i.ytimg.com/vi/rq_22Kl-zJw/hqdefault.jpg
snapchat,snapchat snap map,3 Disturbing Snapchat/Snap Map Horror Stories,Mr. Nightmare,7769814,2.55,https://www.youtube.com/watch?v=EWX6O-OTwZA,https://i.ytimg.com/vi/EWX6O-OTwZA/hqdefault.jpg
snapchat,snapchat stories vol,3 Disturbing True Snapchat Stories - Vol 2,Mr. Nightmare,6236729,2.05,https://www.youtube.com/watch?v=PZ2dBgAof70,https://i.ytimg.com/vi/PZ2dBgAof70/hqdefault.jpg
tiktoks,tiktoks,DAD Reacts to 11 Year old Son's CRINGE TIKTOKS!! 😂,The Royalty Family,62936194,3.7,https://www.youtube.com/watch?v=4SuPs7XrBW8,https://i.ytimg.com/vi/4SuPs7XrBW8/maxresdefault.jpg
tiktoks,tiktoks,Son REACTS to his Dad's CRINGE TikToks! 😂,The Royalty Family,52948117,3.11,https://www.youtube.com/watch?v=pC9DmA4_CMg,https://i.ytimg.com/vi/pC9DmA4_CMg/maxresdefault.jpg
tiktoks,tiktoks made him famous,CRINGEY TIKTOKS Made Him Famous Ft. Angelo Marasigan | Dhar Mann Studios,Dhar Mann Studios,17555613,3.29,https://www.youtube.com/watch?v=jUjJD0D5Dno,https://i.ytimg.com/vi/jUjJD0D5Dno/maxresdefault.jpg
dollar,dollar turned,A Dollar Turned Him Into A Millionaire: A Roblox Movie,ShanePlays 2,20023405,8.23,https://www.youtube.com/watch?v=3FFMAYkpmIA,https://i.ytimg.com/vi/3FFMAYkpmIA/maxresdefault.jpg
dollar,dollar turned,A Dollar Turned Him Into A Billionaire: A Roblox Movie,ShanePlays 2,9802830,4.03,https://www.youtube.com/watch?v=tRsQHpaIshk,https://i.ytimg.com/vi/tRsQHpaIshk/maxresdefault.jpg
abandoned birth,abandoned birth cartoon animation,CATNAP: ABANDONED at BIRTH... (Cartoon Animation),GameToons,10413139,3.27,https://www.youtube.com/watch?v=XTABaZmT0iQ,https://i.ytimg.com/vi/XTABaZmT0iQ/maxresdefault.jpg
abandoned birth,abandoned birth cartoon animation,DOGDAY: ABANDONED AT BIRTH... (Cartoon Animation),GameToons,7533691,2.36,https://www.youtube.com/watch?v=saQchZJ7m2E,https://i.ytimg.com/vi/saQchZJ7m2E/maxresdefault.jpg
abandoned birth,abandoned birth a roblox movie,ABANDONED At Birth! (A Roblox Movie),ShanePlays 2,8603949,3.54,https://www.youtube.com/watch?v=jSLFnR1GWlk,https://i.ytimg.com/vi/jSLFnR1GWlk/maxresdefault.jpg
prank,prank,Walking On Water Prank,Airrack,54503827,5.26,https://www.youtube.com/watch?v=RPH2APBoVtI,https://i.ytimg.com/vi/RPH2APBoVtI/maxresdefault.jpg
prank,prank,Walking on Water Prank!,Stokes Twins,166771122,3.25,https://www.youtube.com/watch?v=hHdKug_wQkU,https://i.ytimg.com/vi/hHdKug_wQkU/maxresdefault.jpg
prank,prank,Invisible Driver Prank,Airrack,22422574,2.17,https://www.youtube.com/watch?v=vgd20co9vp8,https://i.ytimg.com/vi/vgd20co9vp8/maxresdefault.jpg
kicked plane,kicked plane are kids,"Kids Want KAREN KICKED OFF a Plane. Are the Kids, their Sitter, or Karen Thrown Off?",Totally Studios,10495065,7.45,https://www.youtube.com/watch?v=vZH-z99uRas,https://i.ytimg.com/vi/vZH-z99uRas/maxresdefault.jpg
kicked plane,kicked plane for crying baby,Karen KICKED OFF Plane for Crying Baby. Surprise at the End.,Totally Studios,5703326,4.05,https://www.youtube.com/watch?v=FVENBA3mtfw,https://i.ytimg.com/vi/FVENBA3mtfw/maxresdefault.jpg
kicked plane,kicked plane for minecraft,Kid Kicked Off Plane for MINECRAFT. What went wrong? With Surprise Ending.,Totally Studios,2967051,2.11,https://www.youtube.com/watch?v=rXAGkmTbgMk,https://i.ytimg.com/vi/rXAGkmTbgMk/maxresdefault.jpg
pranks,pranks in 24 hours,100 PRANKS IN 24 HOURS!!,Stokes Twins,166329203,3.24,https://www.youtube.com/watch?v=YMrWXz0BCJ8,https://i.ytimg.com/vi/YMrWXz0BCJ8/maxresdefault.jpg
pranks,pranks in 24 hours,"1,000 PRANKS IN 24 HOURS!!",Ben Azelart,66607762,2.37,https://www.youtube.com/watch?v=tpIPiYBcM8M,https://i.ytimg.com/vi/tpIPiYBcM8M/maxresdefault.jpg
pranks,pranks in 365 days,365 PRANKS IN 365 DAYS!!,Stokes Twins,169178863,3.3,https://www.youtube.com/watch?v=5ZX_eypUHns,https://i.ytimg.com/vi/5ZX_eypUHns/maxresdefault.jpg
playstation,playstation 5 from black,Crazy Karen Tries to Steal Playstation 5 from Black Teen. Then She Calls The Police On Him,SoulSnack,5223060,8.29,https://www.youtube.com/watch?v=veLYG88yYIU,https://i.ytimg.com/vi/veLYG88yYIU/maxresdefault.jpg
playstation,playstation 5 from black,Crazy Entitled Karen Steals PlayStation 5 From Black Kids. Then This Happens,SoulSnack,1722958,2.73,https://www.youtube.com/watch?v=jQbBSw6z1ns,https://i.ytimg.com/vi/jQbBSw6z1ns/maxresdefault.jpg
playstation,playstation 5 from kid,Karen STEALS PLAYSTATION 5 from KID. Does He Get the PS5 Back at the End or Instantly Regret It?,Totally Studios,4555069,3.23,https://www.youtube.com/watch?v=_F5NL-W5Kfk,https://i.ytimg.com/vi/_F5NL-W5Kfk/maxresdefault.jpg
there,there,There’s a Very Good Reason Why NASA Hasn’t Sent People to the Moon Since 1972,Dr. NoSleep Podcast,127791,6.97,https://www.youtube.com/watch?v=b2FGA6kfmPY,https://i.ytimg.com/vi/b2FGA6kfmPY/maxresdefault.jpg
there,there is something,There is Something on the Bottom of the Ocean That Should Never Be Discovered,Dr. NoSleep Podcast,49020,2.67,https://www.youtube.com/watch?v=-8erikddWqU,https://i.ytimg.com/vi/-8erikddWqU/maxresdefault.jpg
there,there random,I Didn't Know He Was THERE! (Random Stories),scribblejuice,5263287,2.18,https://www.youtube.com/watch?v=WAONDDPrUUY,https://i.ytimg.com/vi/WAONDDPrUUY/maxresdefault.jpg
there,there was a journal,"We Found a Ship Drifting in the Ice—There Was a Journal, But No Crew",Dr. NoSleep Podcast,37522,2.05,https://www.youtube.com/watch?v=BYfl27Elv_U,https://i.ytimg.com/vi/BYfl27Elv_U/maxresdefault.jpg
handicap,handicap teenager on way,Police Officer Attacks Handicap Teenager On Way To His Friends House,SoulSnack,5150563,8.17,https://www.youtube.com/watch?v=lWCfKCrKeRc,https://i.ytimg.com/vi/lWCfKCrKeRc/maxresdefault.jpg
handicap,handicap teen,Crazy Karen Attacks Black Handicap Teen for His New Xbox,SoulSnack,2433950,3.86,https://www.youtube.com/watch?v=Hg9r619Skr4,https://i.ytimg.com/vi/Hg9r619Skr4/maxresdefault.jpg
reason,reason why nasa hasn,There’s a Very Good Reason Why NASA Hasn’t Sent People to the Moon Since 1972,Dr. NoSleep Podcast,127791,6.97,https://www.youtube.com/watch?v=b2FGA6kfmPY,https://i.ytimg.com/vi/b2FGA6kfmPY/maxresdefault.jpg
reason,reason,Racist Driving Instructor Fails Black Student For No Reason,SoulSnack,1676851,2.66,https://www.youtube.com/watch?v=x29plZ5rV4E,https://i.ytimg.com/vi/x29plZ5rV4E/maxresdefault.jpg
finale,finale,I Tested 1-Star Hotels (finale),Ryan Trahan,26930611,2.67,https://www.youtube.com/watch?v=uD4RtpT610E,https://i.ytimg.com/vi/uD4RtpT610E/maxresdefault.jpg
finale,finale,6 White People Vs 1 Secret Black Person (FINALE),Beta Squad,23736105,2.27,https://www.youtube.com/watch?v=bXP_BIrF3Ak,https://i.ytimg.com/vi/bXP_BIrF3Ak/maxresdefault.jpg
finale,finale cartoon animation,SKIBIDI TOILET: The FINALE (Cartoon Animation),GameToons,12759040,4.0,https://www.youtube.com/watch?v=ZTnqbsbm99o,https://i.ytimg.com/vi/ZTnqbsbm99o/maxresdefault.jpg
dares,dares in 24 hours,"1,000 DARES in 24 HOURS CHALLENGE!",Unspeakable,92722348,7.54,https://www.youtube.com/watch?v=EyapLNkauTQ,https://i.ytimg.com/vi/EyapLNkauTQ/maxresdefault.jpg
dares,dares in 24 hours,100 DARES IN 24 HOURS!,Stokes Twins,105724485,2.06,https://www.youtube.com/watch?v=oN0iK-cClQI,https://i.ytimg.com/vi/oN0iK-cClQI/maxresdefault.jpg
copy,copy a tv,Friends Copy a TV Show — Part 1,Sameer Bhavnani,3519268,6.46,https://www.youtube.com/watch?v=nRd4lgNgHOk,https://i.ytimg.com/vi/nRd4lgNgHOk/maxresdefault.jpg
copy,copy a dangerous tv,Friends Copy a Dangerous TV Challenge — Part 2,Sameer Bhavnani,3014469,5.53,https://www.youtube.com/watch?v=U2uPJu_AeKk,https://i.ytimg.com/vi/U2uPJu_AeKk/maxresdefault.jpg
trampoline,trampoline park,I Turned My House Into a Trampoline Park!,Unspeakable,79441733,6.46,https://www.youtube.com/watch?v=lSSWH4NOdgE,https://i.ytimg.com/vi/lSSWH4NOdgE/hqdefault.jpg
trampoline,trampoline park,I Built a Trampoline Park in My House!,Ben Azelart,87689720,3.12,https://www.youtube.com/watch?v=2lBkf3RupBQ,https://i.ytimg.com/vi/2lBkf3RupBQ/maxresdefault.jpg
pays,pays homeless to date,"Rich Girl PAYS HOMELESS To DATE HER, What Happens Is Shocking | Illumeably",Illumeably,1607088,2.73,https://www.youtube.com/watch?v=s5JEPNL3WL0,https://i.ytimg.com/vi/s5JEPNL3WL0/maxresdefault.jpg
pays,pays girl to date,Mom PAYS GIRL to DATE AUTISTIC SON! The Ending Will SHOCK YOU | SAMEER BHAVNANI,Sameer Bhavnani,1450253,2.66,https://www.youtube.com/watch?v=7kIw9vxpBz4,https://i.ytimg.com/vi/7kIw9vxpBz4/maxresdefault.jpg
pays,pays you money,I Opened A Store That Pays You Money!,Unspeakable,26478789,2.15,https://www.youtube.com/watch?v=EOTBFYD0vv0,https://i.ytimg.com/vi/EOTBFYD0vv0/maxresdefault.jpg
matter,matter,"We ADOPTED a GIRL, But Our SON Gets JEALOUS! ft/ Jordan Matter",The Royalty Family,85183388,5.01,https://www.youtube.com/watch?v=foQIRatJyj0,https://i.ytimg.com/vi/foQIRatJyj0/maxresdefault.jpg
matter,matter,Our Son's First Day Back to SCHOOL! ft/ Salish Matter,The Royalty Family,54188259,3.19,https://www.youtube.com/watch?v=-EWv6dER2Dw,https://i.ytimg.com/vi/-EWv6dER2Dw/maxresdefault.jpg
matter,matter,BULLIED KID Becomes A Millionaire Ft. Salish Matter | Dhar Mann Studios,Dhar Mann Studios,13062756,2.45,https://www.youtube.com/watch?v=HpsMYs9KuBM,https://i.ytimg.com/vi/HpsMYs9KuBM/maxresdefault.jpg
guess,guess black person,GUESS THE BLACK PERSON FT KSI,Beta Squad,37824222,3.61,https://www.youtube.com/watch?v=xYQ28eu35gI,https://i.ytimg.com/vi/xYQ28eu35gI/maxresdefault.jpg
guess,guess footballer,GUESS THE FOOTBALLER Ft Trent Alexander-Arnold,Beta Squad,37698905,3.6,https://www.youtube.com/watch?v=Hl9iVr3ZXR8,https://i.ytimg.com/vi/Hl9iVr3ZXR8/maxresdefault.jpg
guess,guess rapper,GUESS THE RAPPER FT STORMZY,Beta Squad,24832310,2.37,https://www.youtube.com/watch?v=DYYY5S8F1rs,https://i.ytimg.com/vi/DYYY5S8F1rs/maxresdefault.jpg
guess,guess comedian,GUESS THE COMEDIAN FT DRUSKI,Beta Squad,21111175,2.02,https://www.youtube.com/watch?v=_32QyCVw6Ig,https://i.ytimg.com/vi/_32QyCVw6Ig/maxresdefault.jpg
airline,airline,I Tried Every Seat on the Most Expensive Airline,Ryan Trahan,70237408,6.96,https://www.youtube.com/watch?v=ymvjfu_Hm_8,https://i.ytimg.com/vi/ymvjfu_Hm_8/maxresdefault.jpg
airline,airline weighs passengers,Airline WEIGHS PASSENGERS Before Flying. Too Heavy for the Plane?,Totally Studios,3587187,2.55,https://www.youtube.com/watch?v=Twt4ILRIMsE,https://i.ytimg.com/vi/Twt4ILRIMsE/maxresdefault.jpg
broke,broke husband keeps wasting,"BROKE HUSBAND Keeps WASTING Money, What Happens Next Is Shocking | Illumeably",Illumeably,1800817,3.05,https://www.youtube.com/watch?v=TzVWSNBG-U4,https://i.ytimg.com/vi/TzVWSNBG-U4/maxresdefault.jpg
broke,broke into famous youtuber,I Broke Into Famous YouTuber Houses!,Ben Azelart,74301435,2.64,https://www.youtube.com/watch?v=zZsI5nIlEdo,https://i.ytimg.com/vi/zZsI5nIlEdo/maxresdefault.jpg
broke,broke teen saves,BROKE TEEN Saves Family By Becoming BOXING LEGEND | Dhar Mann Studios,Dhar Mann Studios,12383920,2.32,https://www.youtube.com/watch?v=2uHUpFosgNw,https://i.ytimg.com/vi/2uHUpFosgNw/maxresdefault.jpg
coach,coach crosses line,A Competitive Coach Crosses the Line | Scripted Drama,Sameer Bhavnani,2821698,5.18,https://www.youtube.com/watch?v=-PdQsjjIR7Y,https://i.ytimg.com/vi/-PdQsjjIR7Y/maxresdefault.jpg
coach,coach at school must,Student CALLED FAT and LAZY by Coach at School. Must see Surprise Ending. Totally Studios,Totally Studios,4458001,3.16,https://www.youtube.com/watch?v=zu6ZwekCSy8,https://i.ytimg.com/vi/zu6ZwekCSy8/maxresdefault.jpg
coach,coach she regrets,PREGNANT Cheerleader KICKED Off Team by Coach. She Regrets it Immediately. Totally Studios.,Totally Studios,4306639,3.06,https://www.youtube.com/watch?v=_-89GUfI-3M,https://i.ytimg.com/vi/_-89GUfI-3M/maxresdefault.jpg
disturbing camping,disturbing camping encounters caught,6 Most Disturbing Camping Encounters Caught on Camera,Chilling Scares,11370260,3.49,https://www.youtube.com/watch?v=JyC7HujBvA0,https://i.ytimg.com/vi/JyC7HujBvA0/maxresdefault.jpg
disturbing camping,disturbing camping encounters caught,6 Most Disturbing Camping Encounters Caught on Camera,Chilling Scares,6868347,2.11,https://www.youtube.com/watch?v=WuBaJAczi7s,https://i.ytimg.com/vi/WuBaJAczi7s/maxresdefault.jpg
disturbing camping,disturbing camping,An Extremely Disturbing Camping Story,MrBallen,8454019,3.16,https://www.youtube.com/watch?v=hn-sLWFe13w,https://i.ytimg.com/vi/hn-sLWFe13w/maxresdefault.jpg
aunt,aunt is messing,"Girl Tells Mom Aunt Is Messing With Her, Watch What Happens.",Vid Chronicles,2588126,11.84,https://www.youtube.com/watch?v=ANemTh2SULQ,https://i.ytimg.com/vi/ANemTh2SULQ/maxresdefault.jpg
messing,messing,"Girl Tells Mom Aunt Is Messing With Her, Watch What Happens.",Vid Chronicles,2588126,11.84,https://www.youtube.com/watch?v=ANemTh2SULQ,https://i.ytimg.com/vi/ANemTh2SULQ/maxresdefault.jpg
turn,turn into adults parents,KIDS Turn Into ADULTS & PARENTS Turn Into KIDS for 24 HOURS CHALLENGE! | THE BEAST FAMILY,The Beast Family,4335531,3.4,https://www.youtube.com/watch?v=loQwGhiq2SE,https://i.ytimg.com/vi/loQwGhiq2SE/maxresdefault.jpg
turn,turn,Can I Turn MrBeast Into A Chef?,Nick DiGiovanni,108528604,3.15,https://www.youtube.com/watch?v=IdENz7Spr74,https://i.ytimg.com/vi/IdENz7Spr74/maxresdefault.jpg
turn,turn into adults,"KIDS TURN INTO ADULTS, What Happens Is Shocking",The Beast Family,2961837,2.32,https://www.youtube.com/watch?v=jFMHKPAyxmM,https://i.ytimg.com/vi/jFMHKPAyxmM/maxresdefault.jpg
human,human for years,I haven't seen another human for years,Story Time Animated,4957825,6.52,https://www.youtube.com/watch?v=4FVdxUT19zA,https://i.ytimg.com/vi/4FVdxUT19zA/maxresdefault.jpg
human,human remains,"We Found Human Remains on the Moon — From 700,000 Years Ago",Dr. NoSleep Podcast,53063,2.89,https://www.youtube.com/watch?v=Y7Z_sbYjBro,https://i.ytimg.com/vi/Y7Z_sbYjBro/maxresdefault.jpg
sprunki,sprunki civil war cartoon,SPRUNKI: CIVIL WAR! (Cartoon Animation),GameToons,10709589,3.36,https://www.youtube.com/watch?v=ILXQncUvWhw,https://i.ytimg.com/vi/ILXQncUvWhw/maxresdefault.jpg
sprunki,sprunki island cartoon animation,SURVIVING on SPRUNKI ISLAND... (Cartoon Animation),GameToons,9423272,2.96,https://www.youtube.com/watch?v=s2bsspVgVdk,https://i.ytimg.com/vi/s2bsspVgVdk/maxresdefault.jpg
sprunki,sprunki phase 0 cartoon,SPRUNKI: PHASE 0?! (Cartoon Animation),GameToons,7500783,2.35,https://www.youtube.com/watch?v=N7habMq_PRY,https://i.ytimg.com/vi/N7habMq_PRY/maxresdefault.jpg
sprunki,sprunki war,SPRUNKI: WAR of the CONDIMENTS! (Cartoon Animation),GameToons,7347394,2.31,https://www.youtube.com/watch?v=n9N_D2c001A,https://i.ytimg.com/vi/n9N_D2c001A/maxresdefault.jpg
sprunki,sprunki slide eater cartoon,HAUNTED by the SPRUNKI SLIDE EATER... (Cartoon Animation),GameToons,6877326,2.16,https://www.youtube.com/watch?v=m8lvUO7QDxU,https://i.ytimg.com/vi/m8lvUO7QDxU/maxresdefault.jpg
busting myths hours,busting myths hours,"BUSTING 1,000 MYTHS IN 24 HOURS!",Stokes Twins,127429513,2.48,https://www.youtube.com/watch?v=9PNpRQYMhas,https://i.ytimg.com/vi/9PNpRQYMhas/maxresdefault.jpg
busting myths hours,busting myths hours,Busting 50 Myths In 50 Hours,Unspeakable,30309341,2.47,https://www.youtube.com/watch?v=7ecTJ_PEsUA,https://i.ytimg.com/vi/7ecTJ_PEsUA/maxresdefault.jpg
busting myths hours,busting myths hours,Busting 50 Scary Myths in 50 Hours,Unspeakable,27435943,2.23,https://www.youtube.com/watch?v=dgzGzErF9AE,https://i.ytimg.com/vi/dgzGzErF9AE/maxresdefault.jpg
busting myths hours,busting myths hours,BUSTING 100 MYTHS IN 24 HOURS!!,Stokes Twins,112010539,2.18,https://www.youtube.com/watch?v=IuWj5GAPdWo,https://i.ytimg.com/vi/IuWj5GAPdWo/maxresdefault.jpg
cheat,cheat on his wife,Father Leaves To Cheat on his Wife! | Sameer Bhavnani,Sameer Bhavnani,4488440,8.24,https://www.youtube.com/watch?v=KfoNu5CYM-0,https://i.ytimg.com/vi/KfoNu5CYM-0/maxresdefault.jpg
cheat,cheat on valentine's day,"Mom WATCHES Daughter CHEAT On Valentine's Day, What Happens Is Shocking | Illumeably",Illumeably,1532416,2.6,https://www.youtube.com/watch?v=oDuBOGNWxvE,https://i.ytimg.com/vi/oDuBOGNWxvE/maxresdefault.jpg
cheat,cheat sheets for 10,"STUDENT Sells CHEAT SHEETS For $10,000 At SCHOOL | Dhar Mann Studios",Dhar Mann Studios,11746092,2.2,https://www.youtube.com/watch?v=g6LvwnIONTs,https://i.ytimg.com/vi/g6LvwnIONTs/maxresdefault.jpg
escape,escape,100 Buttons but ONLY ONE let’s you ESCAPE!,Unspeakable,46863365,3.81,https://www.youtube.com/watch?v=hJTYP7MnuHE,https://i.ytimg.com/vi/hJTYP7MnuHE/maxresdefault.jpg
escape,escape school jay's world,Kid BUILDS SECRET TUNNEL To ESCAPE SCHOOL - Jay's World S3 E03 | Dhar Mann Studios,Dhar Mann Studios,13872534,2.6,https://www.youtube.com/watch?v=bA2h2lj3Ilc,https://i.ytimg.com/vi/bA2h2lj3Ilc/maxresdefault.jpg
escape,escape my evil sister,I Can't Escape My Evil Sister,Story Time Animated,1807886,2.38,https://www.youtube.com/watch?v=4jUTkE3LyVs,https://i.ytimg.com/vi/4jUTkE3LyVs/maxresdefault.jpg
park house,park house,I Built a Theme Park In My House!,Ben Azelart,93126640,3.31,https://www.youtube.com/watch?v=cw_TI06Bfds,https://i.ytimg.com/vi/cw_TI06Bfds/maxresdefault.jpg
park house,park house,I Built a Trampoline Park in My House!,Ben Azelart,87689720,3.12,https://www.youtube.com/watch?v=2lBkf3RupBQ,https://i.ytimg.com/vi/2lBkf3RupBQ/maxresdefault.jpg
park house,park house,I Built a Theme Park In My House!,Stokes Twins,106067629,2.07,https://www.youtube.com/watch?v=Hh5JHs4j5fI,https://i.ytimg.com/vi/Hh5JHs4j5fI/maxresdefault.jpg
pulls,pulls over black grandma,Racist Cop Pulls Over Black Grandma. Then This Happens,SoulSnack,1868991,2.97,https://www.youtube.com/watch?v=TTqPVOoluis,https://i.ytimg.com/vi/TTqPVOoluis/maxresdefault.jpg
pulls,pulls over black police,Racist Cop Pulls Over Black Police Captain’s Teen Son.,SoulSnack,1545787,2.45,https://www.youtube.com/watch?v=EYEFIf7sGGA,https://i.ytimg.com/vi/EYEFIf7sGGA/maxresdefault.jpg
pulls,pulls hijab off muslim,Guy Pulls Hijab off Muslim Girls Head!!!! SHOCKING ENDING!!!!!,Life Lessons With Luis,4238583,2.21,https://www.youtube.com/watch?v=B0iY4opoy1M,https://i.ytimg.com/vi/B0iY4opoy1M/maxresdefault.jpg
pulls,pulls over kids driving,Policeman Pulls Over Kids Driving Toy Car. Then This Happens.,SoulSnack,1357340,2.15,https://www.youtube.com/watch?v=U0ulMazVeI4,https://i.ytimg.com/vi/U0ulMazVeI4/maxresdefault.jpg
beauty,beauty it's worth millions,"I Need To Protect My Beauty, It's Worth Millions",Story Time Animated,3648833,4.8,https://www.youtube.com/watch?v=-RKucZfHfK0,https://i.ytimg.com/vi/-RKucZfHfK0/maxresdefault.jpg
beauty,beauty for years,I hid my natural beauty for years,Story Time Animated,2951910,3.88,https://www.youtube.com/watch?v=2Gjn9mDdmZk,https://i.ytimg.com/vi/2Gjn9mDdmZk/maxresdefault.jpg
beauty,beauty,Mom Only Cares About Her Beauty,Story Time Animated,1531327,2.01,https://www.youtube.com/watch?v=FD7CCtEHP2M,https://i.ytimg.com/vi/FD7CCtEHP2M/maxresdefault.jpg
wishes,wishes,"Girl WISHES For A NEW FAMILY, She Lives To Regret It | The Beast Family",The Beast Family,14823995,11.62,https://www.youtube.com/watch?v=wI3qu4Ajijk,https://i.ytimg.com/vi/wI3qu4Ajijk/maxresdefault.jpg
twin,twin brothers a roblox,Big Sister Hated Little Twin Brothers: A Roblox Movie,ShanePlays 2,7758178,3.19,https://www.youtube.com/watch?v=58-uQZQhvIA,https://i.ytimg.com/vi/58-uQZQhvIA/maxresdefault.jpg
twin,twin brother was murdered,My Twin Brother Was MURDERED…,Stokes Twins,132474793,2.58,https://www.youtube.com/watch?v=P8gXGWH49ao,https://i.ytimg.com/vi/P8gXGWH49ao/maxresdefault.jpg
twin,twin brother,I Found my Long Lost Twin Brother,The Royalty Family,38691703,2.28,https://www.youtube.com/watch?v=gJlwNKEdH-U,https://i.ytimg.com/vi/gJlwNKEdH-U/maxresdefault.jpg
wear,wear face mask,"Racist Employee FORCES Chinese to Wear Face Mask, He Gets Slapped! | Sameer Bhavnani",Sameer Bhavnani,1563680,2.87,https://www.youtube.com/watch?v=JDwxzUJi5qA,https://i.ytimg.com/vi/JDwxzUJi5qA/maxresdefault.jpg
wear,wear swimsuits,Waitresses Forced To Wear Swimsuits | @DramatizeMe,DramatizeMe,2128060,2.58,https://www.youtube.com/watch?v=KdTjVqTEbAI,https://i.ytimg.com/vi/KdTjVqTEbAI/maxresdefault.jpg
wear,wear a mask everywhere,I Wear a Mask Everywhere I Go,MSA,32341624,2.07,https://www.youtube.com/watch?v=dAeUWRiASyg,https://i.ytimg.com/vi/dAeUWRiASyg/hqdefault.jpg
horrifying,horrifying moments caught,5 Truly Shocking & Horrifying Moments Caught on Camera,Mr. Nightmare,26567771,8.73,https://www.youtube.com/watch?v=T1MrMnmFyU0,https://i.ytimg.com/vi/T1MrMnmFyU0/hqdefault.jpg
horrifying,horrifying true hunting,3 Horrifying TRUE Hunting Stories to Freak you Out,Mr. Nightmare,7565678,2.49,https://www.youtube.com/watch?v=rD-WNPOTkSw,https://i.ytimg.com/vi/rD-WNPOTkSw/hqdefault.jpg
horrifying,horrifying experiences of former,4 Horrifying Experiences of Former Police Officers,Mr. Nightmare,6522971,2.14,https://www.youtube.com/watch?v=NyG73bDodfM,https://i.ytimg.com/vi/NyG73bDodfM/hqdefault.jpg
horrifying,horrifying secret,The Martian Dunes Hide a Horrifying Secret,Dr. NoSleep Podcast,36728,2.0,https://www.youtube.com/watch?v=Xxo-mb3g2Kw,https://i.ytimg.com/vi/Xxo-mb3g2Kw/maxresdefault.jpg
hunt,hunt,3 Treasure Hunt Horror Stories Animated,IMR Scary Tales,2110373,6.01,https://www.youtube.com/watch?v=xstrlZC70_w,https://i.ytimg.com/vi/xstrlZC70_w/maxresdefault.jpg
hunt,hunt down creatures escaped,I Hunt Down Creatures Escaped from Secret Labs,Dr. NoSleep Podcast,59992,3.27,https://www.youtube.com/watch?v=lUFOF_Ht8kI,https://i.ytimg.com/vi/lUFOF_Ht8kI/maxresdefault.jpg
america,america,I Took the Longest Train Ride in America,Ryan Trahan,23442086,2.32,https://www.youtube.com/watch?v=31VHogI00T0,https://i.ytimg.com/vi/31VHogI00T0/maxresdefault.jpg
america,america,I Tried the Top 5 Restaurants in America,Ryan Trahan,23376109,2.32,https://www.youtube.com/watch?v=3Njxv_D3MEQ,https://i.ytimg.com/vi/3Njxv_D3MEQ/maxresdefault.jpg
america,america,I Took the Longest Bus Ride in America,Ryan Trahan,21583615,2.14,https://www.youtube.com/watch?v=LLoO24HLr1o,https://i.ytimg.com/vi/LLoO24HLr1o/maxresdefault.jpg
america,america 0 01,Can I Travel Back to America with €0.01?,Ryan Trahan,43925058,4.35,https://www.youtube.com/watch?v=guXTAOcrZaY,https://i.ytimg.com/vi/guXTAOcrZaY/maxresdefault.jpg
america,america 0 01,I crossed America with $0.01,Ryan Trahan,24390960,2.42,https://www.youtube.com/watch?v=Py_tOOG99Hw,https://i.ytimg.com/vi/Py_tOOG99Hw/maxresdefault.jpg
christmas,christmas,Mom FORCES Son's Wife To Get PREGNANT On Christmas | Illumeably,Illumeably,1746727,2.96,https://www.youtube.com/watch?v=opqb0-E8apk,https://i.ytimg.com/vi/opqb0-E8apk/maxresdefault.jpg
christmas,christmas,Mom REJECTS Pregnant Girlfriend On Christmas | Illumeably,Illumeably,1230920,2.09,https://www.youtube.com/watch?v=-Lz_wavABYA,https://i.ytimg.com/vi/-Lz_wavABYA/maxresdefault.jpg
christmas,christmas,"Daughter Brings DRUG DEALER Home FOR CHRISTMAS, What Happens Is Shocking | Illumeably",Illumeably,1186632,2.01,https://www.youtube.com/watch?v=UWgnvzdMjeA,https://i.ytimg.com/vi/UWgnvzdMjeA/maxresdefault.jpg
christmas,christmas stereotypes rage monster,Christmas Stereotypes: RAGE MONSTER!,Dude Perfect,125797689,2.55,https://www.youtube.com/watch?v=ycVc1jsaAA0,https://i.ytimg.com/vi/ycVc1jsaAA0/maxresdefault.jpg
terrifying,terrifying encounters edition,Top 4 Bingeable SCARY STORIES • Terrifying Encounters Edition,MrBallen,8841643,3.31,https://www.youtube.com/watch?v=RzW0QsAPOQY,https://i.ytimg.com/vi/RzW0QsAPOQY/maxresdefault.jpg
terrifying,terrifying secret,I Traveled to a Deserted Island in the North Pacific That Has a Terrifying Secret,Dr. NoSleep Podcast,56603,3.09,https://www.youtube.com/watch?v=EPqmeGxKi0U,https://i.ytimg.com/vi/EPqmeGxKi0U/maxresdefault.jpg
terrifying,terrifying night,The most terrifying night in the woods story I've ever told,MrBallen,5472330,2.05,https://www.youtube.com/watch?v=GFQzByJkbko,https://i.ytimg.com/vi/GFQzByJkbko/maxresdefault.jpg
attacks,attacks handicap teenager,Police Officer Attacks Handicap Teenager On Way To His Friends House,SoulSnack,5150563,8.17,https://www.youtube.com/watch?v=lWCfKCrKeRc,https://i.ytimg.com/vi/lWCfKCrKeRc/maxresdefault.jpg
attacks,attacks black handicap teen,Crazy Karen Attacks Black Handicap Teen for His New Xbox,SoulSnack,2433950,3.86,https://www.youtube.com/watch?v=Hg9r619Skr4,https://i.ytimg.com/vi/Hg9r619Skr4/maxresdefault.jpg
attacks,attacks innocent arab man,Racist Karen Attacks Innocent Arab Man. Then This Happens.,SoulSnack,1947200,3.09,https://www.youtube.com/watch?v=JOc5zJb-HzU,https://i.ytimg.com/vi/JOc5zJb-HzU/maxresdefault.jpg
web,web,4 TRUE DARK WEB HORROR STORIES ANIMATED COMPILATION,Horror Shorts Party,6341797,6.96,https://www.youtube.com/watch?v=LXULCEcIC_U,https://i.ytimg.com/vi/LXULCEcIC_U/maxresdefault.jpg
web,web,Never Buy a Slave Off the Dark Web...,Dr. NoSleep Podcast,41418,2.26,https://www.youtube.com/watch?v=2JRt-FZCcoI,https://i.ytimg.com/vi/2JRt-FZCcoI/maxresdefault.jpg
waiter,waiter saves girl,"Waiter SAVES Girl From KIDNAPPER, What Happens Is Shocking | Illumeably",Illumeably,2443305,4.14,https://www.youtube.com/watch?v=t0it_EGuVms,https://i.ytimg.com/vi/t0it_EGuVms/maxresdefault.jpg
waiter,waiter respect,Couple Teaches Waiter Respect | @DramatizeMe​,DramatizeMe,2107401,2.56,https://www.youtube.com/watch?v=JhtmJe7jEdg,https://i.ytimg.com/vi/JhtmJe7jEdg/maxresdefault.jpg
waiter,waiter lesson in karma,Rude Karen's Son Saved From Choking by Kind Black Waiter. Lesson In Karma,SoulSnack,1612631,2.56,https://www.youtube.com/watch?v=OGmh48PSAb8,https://i.ytimg.com/vi/OGmh48PSAb8/maxresdefault.jpg
persons,persons,5 Disturbing Recordings Left by Missing Persons,Chilling Scares,9139236,2.81,https://www.youtube.com/watch?v=CWipxBgwVPQ,https://i.ytimg.com/vi/CWipxBgwVPQ/maxresdefault.jpg
persons,persons a roblox,He SAVED A FAMOUS Persons LIFE! (A Roblox Movie),ShanePlays 2,6227723,2.56,https://www.youtube.com/watch?v=vckreAKsBVM,https://i.ytimg.com/vi/vckreAKsBVM/maxresdefault.jpg
persons,persons edition,Top 5 Bingeable SCARY STORIES • MISSING Persons Edition,MrBallen,5749930,2.15,https://www.youtube.com/watch?v=hwtXGiWSkQY,https://i.ytimg.com/vi/hwtXGiWSkQY/hqdefault.jpg
born,born a guy,BF Discovers GF was BORN A GUY... THE ENDING WILL SHOCK YOU | Sameer Bhavnani,Sameer Bhavnani,1701791,3.12,https://www.youtube.com/watch?v=3CHKhJdwrDA,https://i.ytimg.com/vi/3CHKhJdwrDA/maxresdefault.jpg
born,born to be hated,Born To Be Hated: A Roblox Movie,ShanePlays 2,7443250,3.06,https://www.youtube.com/watch?v=vitQiVZQ_U0,https://i.ytimg.com/vi/vitQiVZQ_U0/maxresdefault.jpg
born,born into a spy,Born Into A Spy Family: A Roblox Movie,ShanePlays 2,5925346,2.43,https://www.youtube.com/watch?v=IDYUiZxLDPo,https://i.ytimg.com/vi/IDYUiZxLDPo/maxresdefault.jpg
monster,monster,Christmas Stereotypes: RAGE MONSTER!,Dude Perfect,125797689,2.55,https://www.youtube.com/watch?v=ycVc1jsaAA0,https://i.ytimg.com/vi/ycVc1jsaAA0/maxresdefault.jpg
monster,monster,"They Called Me DRACULA, But My Mom Was the Real Monster",Story Time Animated,1543381,2.03,https://www.youtube.com/watch?v=uTtHjHGIRss,https://i.ytimg.com/vi/uTtHjHGIRss/maxresdefault.jpg
monster,monster cartoon animation,ZOOKEEPER is NOT a MONSTER... (Cartoon Animation),GameToons,8297614,2.6,https://www.youtube.com/watch?v=S9OU3y6LA5U,https://i.ytimg.com/vi/S9OU3y6LA5U/maxresdefault.jpg
mistaken,mistaken for doorman,Man Mistaken For Doorman | @DramatizeMe,DramatizeMe,6494409,7.88,https://www.youtube.com/watch?v=akBeRTi4qIs,https://i.ytimg.com/vi/akBeRTi4qIs/maxresdefault.jpg
mistaken,mistaken for bride,Mom-In-Law Mistaken For Bride | @DramatizeMe,DramatizeMe,2961586,3.59,https://www.youtube.com/watch?v=KBrYKeIeuOQ,https://i.ytimg.com/vi/KBrYKeIeuOQ/maxresdefault.jpg
customer,customer,Car Wash Owner Shames Wealthy Black Customer. Then This Happens,SoulSnack,3482186,5.53,https://www.youtube.com/watch?v=zHhl51WXPic,https://i.ytimg.com/vi/zHhl51WXPic/maxresdefault.jpg
customer,customer black american,Racist Karen Rejects Customer With Black American Express Card. He Gets The Last Laugh.,SoulSnack,1919742,3.05,https://www.youtube.com/watch?v=3ZGLxYyN820,https://i.ytimg.com/vi/3ZGLxYyN820/maxresdefault.jpg
customer,customer food,Delivery Driver Eats Customer Food!,Totally Studios,3261328,2.31,https://www.youtube.com/watch?v=VjNK3JybNRU,https://i.ytimg.com/vi/VjNK3JybNRU/maxresdefault.jpg
laugh,laugh,Crazy Karen Calls Police on Black Teenager Who Needed Help. Teen Gets Last Laugh.,SoulSnack,2217136,3.52,https://www.youtube.com/watch?v=71GBzqCRqH8,https://i.ytimg.com/vi/71GBzqCRqH8/maxresdefault.jpg
laugh,laugh,Racist Karen Rejects Customer With Black American Express Card. He Gets The Last Laugh.,SoulSnack,1919742,3.05,https://www.youtube.com/watch?v=3ZGLxYyN820,https://i.ytimg.com/vi/3ZGLxYyN820/maxresdefault.jpg
laugh,laugh or grin challenge,TRY NOT TO LAUGH OR GRIN CHALLENGE!,Unspeakable,28474126,2.32,https://www.youtube.com/watch?v=lglSgoGdDUo,https://i.ytimg.com/vi/lglSgoGdDUo/maxresdefault.jpg
dark side moon,dark side moon,We Found an Abandoned Oil Rig on the Dark Side of the Moon,Dr. NoSleep Podcast,69916,3.81,https://www.youtube.com/watch?v=QMDIuYzyyhU,https://i.ytimg.com/vi/QMDIuYzyyhU/maxresdefault.jpg
dark side moon,dark side moon,The Dark Side of the Moon | Part 2,Dr. NoSleep Podcast,59134,3.23,https://www.youtube.com/watch?v=A9v0p98Hhrs,https://i.ytimg.com/vi/A9v0p98Hhrs/maxresdefault.jpg
dark side moon,dark side moon part 1,The Dark Side of the Moon | Part 1,Dr. NoSleep Podcast,321032,17.51,https://www.youtube.com/watch?v=1nD6119rgAk,https://i.ytimg.com/vi/1nD6119rgAk/maxresdefault.jpg
oil rig,oil rig in north,I Work on an Oil Rig in the North Sea That Doesn't Officially Exist,Dr. NoSleep Podcast,187619,10.23,https://www.youtube.com/watch?v=TG3qPwr0X38,https://i.ytimg.com/vi/TG3qPwr0X38/maxresdefault.jpg
oil rig,oil rig in north,"I Took a Job on an Oil Rig in the North Sea, I Wish I Never Had",Dr. NoSleep Podcast,45261,2.47,https://www.youtube.com/watch?v=s9ch4Ce3Hm8,https://i.ytimg.com/vi/s9ch4Ce3Hm8/maxresdefault.jpg
oil rig,oil rig on dark,We Found an Abandoned Oil Rig on the Dark Side of the Moon,Dr. NoSleep Podcast,69916,3.81,https://www.youtube.com/watch?v=QMDIuYzyyhU,https://i.ytimg.com/vi/QMDIuYzyyhU/maxresdefault.jpg
client,client,Massage Therapist Paralyzed His Client | @DramatizeMe,DramatizeMe,5440687,6.6,https://www.youtube.com/watch?v=IcHT6-sjjLs,https://i.ytimg.com/vi/IcHT6-sjjLs/maxresdefault.jpg
client,client,Racist Neighbor Karen Calls Police on Black Realtor and Black Client,SoulSnack,1605826,2.55,https://www.youtube.com/watch?v=EDOWXV14OAc,https://i.ytimg.com/vi/EDOWXV14OAc/maxresdefault.jpg
food hours,food hours,Eating Only GAS STATION FOOD for 24 Hours!! 🤮,The Royalty Family,73917008,4.35,https://www.youtube.com/watch?v=UtcJZnyFTQE,https://i.ytimg.com/vi/UtcJZnyFTQE/maxresdefault.jpg
food hours,food hours,EATING ONLY GAS STATION FOOD FOR 24 HOURS!!,Stokes Twins,123245663,2.4,https://www.youtube.com/watch?v=ZDLp9jX6DYQ,https://i.ytimg.com/vi/ZDLp9jX6DYQ/maxresdefault.jpg
food hours,food hours,Eating Only iKEA FOOD For 24 HOURS!!,The Royalty Family,36810499,2.16,https://www.youtube.com/watch?v=0qCV27FtA9M,https://i.ytimg.com/vi/0qCV27FtA9M/maxresdefault.jpg
food hours,food hours,Eating Only ONE COLOR Food for 24 Hours!,Stokes Twins,107325018,2.09,https://www.youtube.com/watch?v=nGTYZRs0ljw,https://i.ytimg.com/vi/nGTYZRs0ljw/maxresdefault.jpg
moving,moving out claims,Crazy Karen Calls Cops on Black Neighbor Moving Out. Claims He's a thief. Then This Happens,SoulSnack,1901497,3.02,https://www.youtube.com/watch?v=hcbZoBq1Kz8,https://i.ytimg.com/vi/hcbZoBq1Kz8/maxresdefault.jpg
moving,moving away cartoon animation,CATNAP is MOVING AWAY?! (Cartoon Animation),GameToons,8071084,2.53,https://www.youtube.com/watch?v=XSMJSDaGgs8,https://i.ytimg.com/vi/XSMJSDaGgs8/maxresdefault.jpg
moving,moving,Moving Into My Life Size Cardboard House,Unspeakable,24536575,2.0,https://www.youtube.com/watch?v=tG3WpQbzKLQ,https://i.ytimg.com/vi/tG3WpQbzKLQ/maxresdefault.jpg
humans,humans exist,I Didn't Know Humans Exist,Story Time Animated,3795820,4.99,https://www.youtube.com/watch?v=YwMtdTSYRnc,https://i.ytimg.com/vi/YwMtdTSYRnc/maxresdefault.jpg
humans,humans,This Old Library Has Books That Weren't Written by Humans,Dr. NoSleep Podcast,74596,4.07,https://www.youtube.com/watch?v=ocvUC-qc8VU,https://i.ytimg.com/vi/ocvUC-qc8VU/maxresdefault.jpg
exposed,exposed world,I Exposed The World’s Most DANGEROUS Theme Parks!,Stokes Twins,117995118,2.3,https://www.youtube.com/watch?v=sIISgvptmSw,https://i.ytimg.com/vi/sIISgvptmSw/maxresdefault.jpg
exposed,exposed world,I Exposed the World’s Most Evil 10 Year Olds!,Stokes Twins,113709508,2.22,https://www.youtube.com/watch?v=PCE_DfFsTZM,https://i.ytimg.com/vi/PCE_DfFsTZM/maxresdefault.jpg
exposed,exposed 5,I Exposed 5 of the World's Most Evil 10 Year Olds!,Stokes Twins,128230374,2.5,https://www.youtube.com/watch?v=z3L_ng4q5aw,https://i.ytimg.com/vi/z3L_ng4q5aw/maxresdefault.jpg
exposed,exposed on instagram live,Pregnant Wife EXPOSED on Instagram Live!!!!,Life Lessons With Luis,4110546,2.14,https://www.youtube.com/watch?v=2WU7pwGOhR8,https://i.ytimg.com/vi/2WU7pwGOhR8/maxresdefault.jpg
extreme,extreme win or fail,EXTREME WIN or FAIL PRIZE DROP!,Unspeakable,32909722,2.68,https://www.youtube.com/watch?v=dBm_Fh27I4o,https://i.ytimg.com/vi/dBm_Fh27I4o/maxresdefault.jpg
extreme,extreme last to fall,"*EXTREME* LAST TO FALL, WINS! 100FT DROP...",Unspeakable,27673970,2.25,https://www.youtube.com/watch?v=PeUJDIvLCAk,https://i.ytimg.com/vi/PeUJDIvLCAk/maxresdefault.jpg
extreme,extreme hide and seek,EXTREME HIDE AND SEEK VS CLOWNS!! (Scary),Ben Azelart,63345441,2.25,https://www.youtube.com/watch?v=dnaMbvNfGrI,https://i.ytimg.com/vi/dnaMbvNfGrI/maxresdefault.jpg
extreme,extreme weather,SURVIVING THE WORLD'S MOST EXTREME WEATHER!!,Ben Azelart,58284528,2.07,https://www.youtube.com/watch?v=X21MOiqSTk0,https://i.ytimg.com/vi/X21MOiqSTk0/maxresdefault.jpg
mom loved,mom loved youtuber sister,Mom Loved YOUTUBER SISTER More Than HIM! (A Roblox Movie),ShanePlays 2,9952531,4.09,https://www.youtube.com/watch?v=f1dw-d7KZYA,https://i.ytimg.com/vi/f1dw-d7KZYA/maxresdefault.jpg
mom loved,mom loved his adopted sister,Mom Loved His ADOPTED Sister MORE Than Him! (A Roblox Movie),ShanePlays 2,9103170,3.74,https://www.youtube.com/watch?v=t-O5f9Uhr2k,https://i.ytimg.com/vi/t-O5f9Uhr2k/maxresdefault.jpg
mom loved,mom loved her son,Mean STEP MOM Only Loved HER Son! (A Roblox Movie),ShanePlays 2,6222356,2.56,https://www.youtube.com/watch?v=neGO8i5PEhA,https://i.ytimg.com/vi/neGO8i5PEhA/maxresdefault.jpg
disciplines,disciplines his hot best,Dad Disciplines His HOT Best Friend! | SAMEER BHAVNANI,Sameer Bhavnani,6083050,11.17,https://www.youtube.com/watch?v=3UY44TCVdwU,https://i.ytimg.com/vi/3UY44TCVdwU/maxresdefault.jpg
another,another dimension,There's a Tunnel in the Outer Banks That Leads to Another Dimension,Dr. NoSleep Podcast,43849,2.39,https://www.youtube.com/watch?v=DPWkifQEGKw,https://i.ytimg.com/vi/DPWkifQEGKw/maxresdefault.jpg
another,another dimension,"There's A Hidden Room In My House, It Leads To Another Dimension",Dr. NoSleep Podcast,37567,2.05,https://www.youtube.com/watch?v=ifsFSwkqHZ4,https://i.ytimg.com/vi/ifsFSwkqHZ4/maxresdefault.jpg
another,another human for years,I haven't seen another human for years,Story Time Animated,4957825,6.52,https://www.youtube.com/watch?v=4FVdxUT19zA,https://i.ytimg.com/vi/4FVdxUT19zA/maxresdefault.jpg
another,another planet i wish,"We Received a Signal from Another Planet, I Wish We Never Did",Dr. NoSleep Podcast,37676,2.06,https://www.youtube.com/watch?v=XZj9OPwOZBI,https://i.ytimg.com/vi/XZj9OPwOZBI/maxresdefault.jpg
police officer,police officer attacks handicap teenager,Police Officer Attacks Handicap Teenager On Way To His Friends House,SoulSnack,5150563,8.17,https://www.youtube.com/watch?v=lWCfKCrKeRc,https://i.ytimg.com/vi/lWCfKCrKeRc/maxresdefault.jpg
police officer,police officer puts black kids,Police Officer Puts Black Kids In Hot Squad Car. Then This Happens,SoulSnack,2338133,3.71,https://www.youtube.com/watch?v=S9KdqOBssXc,https://i.ytimg.com/vi/S9KdqOBssXc/hqdefault.jpg
police officer,police officer arrests sheriff's,Police Officer Arrests The Sheriff's Son. Then This Happens,SoulSnack,1752973,2.78,https://www.youtube.com/watch?v=jt7KfMmY5Hg,https://i.ytimg.com/vi/jt7KfMmY5Hg/maxresdefault.jpg
emotional,emotional,Boyfriend Tries to Find Girlfriend Blindfolded! *emotional*,Ben Azelart,69526433,2.47,https://www.youtube.com/watch?v=glq14UJ8XgA,https://i.ytimg.com/vi/glq14UJ8XgA/maxresdefault.jpg
emotional,emotional,New Puppy Surprise! *Emotional*,The Royalty Family,36445427,2.14,https://www.youtube.com/watch?v=915nrUJohQ4,https://i.ytimg.com/vi/915nrUJohQ4/maxresdefault.jpg
emotional,emotional drama,A Heartbreaking Decision Changes Everything | Emotional Drama,Sameer Bhavnani,2630028,4.83,https://www.youtube.com/watch?v=4wGvcwpDO9M,https://i.ytimg.com/vi/4wGvcwpDO9M/maxresdefault.jpg
hired,hired me to date,A Billionaire Hired Me To Date His Son,MSA,60506894,3.87,https://www.youtube.com/watch?v=RrgLyLTscdQ,https://i.ytimg.com/vi/RrgLyLTscdQ/maxresdefault.jpg
hired,hired 100 fake paparazzi,I Hired 100 FAKE Paparazzi!,Airrack,25528083,2.47,https://www.youtube.com/watch?v=TWZT9dLza1w,https://i.ytimg.com/vi/TWZT9dLza1w/maxresdefault.jpg
hired,hired by a ghost,"I'm A Private Investigator, and I Was Hired By A Ghost",Dr. NoSleep Podcast,42907,2.34,https://www.youtube.com/watch?v=bJNKEE6wv3s,https://i.ytimg.com/vi/bJNKEE6wv3s/maxresdefault.jpg
won,won,Siblings Won’t Get Along but Learns Their Lesson | The Beast Family,The Beast Family,8055541,6.31,https://www.youtube.com/watch?v=IN_29IlMAIU,https://i.ytimg.com/vi/IN_29IlMAIU/maxresdefault.jpg
won,won t believe,Brother DONATES KIDNEY to SAVE SISTERS LIFE!!!! (You Won’t Believe How This Ends),Life Lessons With Luis,4716066,2.46,https://www.youtube.com/watch?v=XlPBHTvlmFU,https://i.ytimg.com/vi/XlPBHTvlmFU/maxresdefault.jpg
won,won t believe exist,4 YouTuber Homes You Won’t Believe Exist!,Stokes Twins,120845757,2.35,https://www.youtube.com/watch?v=WjQMBILy7q4,https://i.ytimg.com/vi/WjQMBILy7q4/maxresdefault.jpg
save,save his robot sister,He Had to Save His ROBOT SISTER! (A Roblox Movie),ShanePlays 2,14481729,5.95,https://www.youtube.com/watch?v=lqllmv_pErw,https://i.ytimg.com/vi/lqllmv_pErw/maxresdefault.jpg
save,save sisters,Brother DONATES KIDNEY to SAVE SISTERS LIFE!!!! (You Won’t Believe How This Ends),Life Lessons With Luis,4716066,2.46,https://www.youtube.com/watch?v=XlPBHTvlmFU,https://i.ytimg.com/vi/XlPBHTvlmFU/maxresdefault.jpg
save,save her marriage unexpected,"Mentally Disturbed Wife Cheats on Husband to Save Her Marriage, UNEXPECTED ENDING | Sameer Bhavnani",Sameer Bhavnani,1255028,2.3,https://www.youtube.com/watch?v=YDO1xlEUMPQ,https://i.ytimg.com/vi/YDO1xlEUMPQ/maxresdefault.jpg
stranded,stranded at sea,7 Days Stranded At Sea,MrBeast,444923458,2.95,https://www.youtube.com/watch?v=yhB3BgJyGl8,https://i.ytimg.com/vi/yhB3BgJyGl8/maxresdefault.jpg
stranded,stranded at sea,SURVIVING 100 HOURS STRANDED AT SEA!,Ben Azelart,60060043,2.14,https://www.youtube.com/watch?v=bW4VeXchwdQ,https://i.ytimg.com/vi/bW4VeXchwdQ/maxresdefault.jpg
stranded,stranded on an island,7 Days Stranded On An Island,MrBeast,522215402,3.46,https://www.youtube.com/watch?v=erLbbextvlY,https://i.ytimg.com/vi/erLbbextvlY/maxresdefault.jpg
rainbow friends,rainbow friends but they're dinosaurs,"RAINBOW FRIENDS, But They're DINOSAURS?! (Cartoon Animation)",GameToons,7633961,2.4,https://www.youtube.com/watch?v=3Q5IJi3s3Hw,https://i.ytimg.com/vi/3Q5IJi3s3Hw/maxresdefault.jpg
rainbow friends,rainbow friends but they're wubbox,RAINBOW FRIENDS But They're WUBBOX?! (My Singing Monsters),GameToons,7373667,2.31,https://www.youtube.com/watch?v=uuCGbmhBLM0,https://i.ytimg.com/vi/uuCGbmhBLM0/maxresdefault.jpg
rainbow friends,rainbow friends chapter,RAINBOW FRIENDS Chapter 2: The Story So Far... (Cartoon Animation),GameToons,7056718,2.21,https://www.youtube.com/watch?v=-KOaMQsxmi4,https://i.ytimg.com/vi/-KOaMQsxmi4/maxresdefault.jpg
rainbow friends,rainbow friends but they're garten,"RAINBOW FRIENDS, But They're GARTEN OF BANBAN?! (Cartoon Animation)",GameToons,6505131,2.04,https://www.youtube.com/watch?v=Mb7FBxFGv4U,https://i.ytimg.com/vi/Mb7FBxFGv4U/maxresdefault.jpg
rainbow friends,rainbow friends war cartoon animation,RAINBOW FRIENDS: WAR! (Cartoon Animation),GameToons,6393076,2.01,https://www.youtube.com/watch?v=P2xMc3AcjGw,https://i.ytimg.com/vi/P2xMc3AcjGw/maxresdefault.jpg
mean mom,mean mom a roblox movie,He Built A SECRET GAMING ROOM To Hide From His MEAN MOM! (A Roblox Movie),ShanePlays 2,10016462,4.12,https://www.youtube.com/watch?v=Inmc6ZpG-BY,https://i.ytimg.com/vi/Inmc6ZpG-BY/maxresdefault.jpg
mean mom,mean mom kicked,MEAN Mom KICKED OUT Her ONLY Son! (A Roblox Movie),ShanePlays 2,8940998,3.67,https://www.youtube.com/watch?v=2lPWcSKlo6o,https://i.ytimg.com/vi/2lPWcSKlo6o/maxresdefault.jpg
mean mom,mean mom only loved,Mean Mom Only Loved One Twin (A Roblox Movie),ShanePlays 2,6782080,2.79,https://www.youtube.com/watch?v=v-H7jnpOKIU,https://i.ytimg.com/vi/v-H7jnpOKIU/maxresdefault.jpg
falls,falls in love,Billionaire FALLS IN LOVE with Homeless Girl! MUST SEE ENDING! Ft. FREIDA PINTO | SAMEER BHAVNANI,Sameer Bhavnani,3541373,6.5,https://www.youtube.com/watch?v=B-EkPM0u92s,https://i.ytimg.com/vi/B-EkPM0u92s/maxresdefault.jpg
falls,falls in love,"CON ARTIST Falls IN LOVE With Victim, What Happens Is Shocking | Illumeably",Illumeably,1357184,2.3,https://www.youtube.com/watch?v=zco1YZnALUI,https://i.ytimg.com/vi/zco1YZnALUI/maxresdefault.jpg
hiding,hiding truth,Cheating Wife Failed At Hiding Truth | @DramatizeMe,DramatizeMe,3871322,4.7,https://www.youtube.com/watch?v=_UjYk7QWkUc,https://i.ytimg.com/vi/_UjYk7QWkUc/maxresdefault.jpg
hiding,hiding this for years,My parents have been hiding this for years,Story Time Animated,3106980,4.09,https://www.youtube.com/watch?v=B94BvkRvqbo,https://i.ytimg.com/vi/B94BvkRvqbo/maxresdefault.jpg
legs,legs shocking ending,Wife DIVORCES Military Husband After LOSING HIS LEGS!!!! Shocking Ending!!!!,Life Lessons With Luis,8456623,4.41,https://www.youtube.com/watch?v=mBfsKSnMQqs,https://i.ytimg.com/vi/mBfsKSnMQqs/maxresdefault.jpg
legs,legs are powerful,My Legs Are Powerful,MSA,45531103,2.92,https://www.youtube.com/watch?v=xplz2mfE_NY,https://i.ytimg.com/vi/xplz2mfE_NY/maxresdefault.jpg
legs,legs he lives,Husband LEAVES WIFE with NO LEGS!!!! He Lives to Regret It!!!!,Life Lessons With Luis,3982412,2.07,https://www.youtube.com/watch?v=n6Z9bQ54qOs,https://i.ytimg.com/vi/n6Z9bQ54qOs/maxresdefault.jpg
bunker,bunker,I Built a SECRET Survival Bunker!,Ben Azelart,116503429,4.14,https://www.youtube.com/watch?v=Xu4qqpjWbvI,https://i.ytimg.com/vi/Xu4qqpjWbvI/maxresdefault.jpg
bunker,bunker,"Spending $100,000 On Underground Bunker",Unspeakable,26393368,2.15,https://www.youtube.com/watch?v=qovO1NNzsdo,https://i.ytimg.com/vi/qovO1NNzsdo/maxresdefault.jpg
bunker,bunker win 500 000,"Survive 100 Days In Nuclear Bunker, Win $500,000",MrBeast,367213593,2.43,https://www.youtube.com/watch?v=UPrkC1LdlLY,https://i.ytimg.com/vi/UPrkC1LdlLY/maxresdefault.jpg
warning,warning graphic content,FOUND FOOTAGE fuels decades long MYSTERY (*WARNING GRAPHIC CONTENT*),MrBallen,16600770,6.21,https://www.youtube.com/watch?v=OMBxxvd64qk,https://i.ytimg.com/vi/OMBxxvd64qk/maxresdefault.jpg
warning,warning for a week,"There's Been A Storm Warning For A Week, But It's Not A Storm",Dr. NoSleep Podcast,45897,2.5,https://www.youtube.com/watch?v=EAJv2Gc4ZnU,https://i.ytimg.com/vi/EAJv2Gc4ZnU/maxresdefault.jpg
fears,fears in 24 hours,FACING 100 FEARS IN 24 HOURS!!,Stokes Twins,131615147,2.56,https://www.youtube.com/watch?v=guh65wpaGOQ,https://i.ytimg.com/vi/guh65wpaGOQ/maxresdefault.jpg
fears,fears in 24 hours,"FACING 1,000 FEARS IN 24 HOURS!",Ben Azelart,68032486,2.42,https://www.youtube.com/watch?v=YAJHWEzPnb8,https://i.ytimg.com/vi/YAJHWEzPnb8/maxresdefault.jpg
fears,fears,I have no fears,Story Time Animated,1750535,2.3,https://www.youtube.com/watch?v=gEsHcCQhJ_k,https://i.ytimg.com/vi/gEsHcCQhJ_k/maxresdefault.jpg
obsession,obsession,An Obsession With a New Device Leads to Tragedy | Scripted Drama,Sameer Bhavnani,3636898,6.68,https://www.youtube.com/watch?v=n5XipsnjHE8,https://i.ytimg.com/vi/n5XipsnjHE8/maxresdefault.jpg
obsession,obsession animals,My Childhood Obsession with Animals,JaidenAnimations,45078890,2.02,https://www.youtube.com/watch?v=6E94j0Goo8A,https://i.ytimg.com/vi/6E94j0Goo8A/maxresdefault.jpg
bought banned amazon,bought banned amazon products,"I Bought 1,000 Banned Amazon Products!",Ben Azelart,103615941,3.68,https://www.youtube.com/watch?v=rEi22yxu-G0,https://i.ytimg.com/vi/rEi22yxu-G0/maxresdefault.jpg
bought banned amazon,bought banned amazon products,I Bought 250 BANNED Amazon Products!,Stokes Twins,148772678,2.9,https://www.youtube.com/watch?v=Tb6dciVa1T0,https://i.ytimg.com/vi/Tb6dciVa1T0/maxresdefault.jpg
bought banned amazon,bought banned amazon products,I Bought 100 Banned Amazon Products!,Ben Azelart,58700847,2.09,https://www.youtube.com/watch?v=j8MMjigoXoA,https://i.ytimg.com/vi/j8MMjigoXoA/maxresdefault.jpg
faces,faces consequences,Makes a Dangerous Choice and Faces the Consequences,Sameer Bhavnani,5913882,10.86,https://www.youtube.com/watch?v=4EH3DIs9C70,https://i.ytimg.com/vi/4EH3DIs9C70/maxresdefault.jpg
consequences,consequences,Makes a Dangerous Choice and Faces the Consequences,Sameer Bhavnani,5913882,10.86,https://www.youtube.com/watch?v=4EH3DIs9C70,https://i.ytimg.com/vi/4EH3DIs9C70/maxresdefault.jpg
tested star hotels,tested star hotels,I Tested 1-Star Hotels (again),Ryan Trahan,45736620,4.53,https://www.youtube.com/watch?v=8Tt5hh7gVVw,https://i.ytimg.com/vi/8Tt5hh7gVVw/maxresdefault.jpg
tested star hotels,tested star hotels,I Tested 1-Star Hotels,Ryan Trahan,36365995,3.6,https://www.youtube.com/watch?v=Zp986RMLBD0,https://i.ytimg.com/vi/Zp986RMLBD0/maxresdefault.jpg
tested star hotels,tested star hotels finale,I Tested 1-Star Hotels (finale),Ryan Trahan,26930611,2.67,https://www.youtube.com/watch?v=uD4RtpT610E,https://i.ytimg.com/vi/uD4RtpT610E/maxresdefault.jpg
gas station,gas station food for 24,Eating Only GAS STATION FOOD for 24 Hours!! 🤮,The Royalty Family,73917008,4.35,https://www.youtube.com/watch?v=UtcJZnyFTQE,https://i.ytimg.com/vi/UtcJZnyFTQE/maxresdefault.jpg
gas station,gas station food for 24,EATING ONLY GAS STATION FOOD FOR 24 HOURS!!,Stokes Twins,123245663,2.4,https://www.youtube.com/watch?v=ZDLp9jX6DYQ,https://i.ytimg.com/vi/ZDLp9jX6DYQ/maxresdefault.jpg
gas station,gas station same car,"I Work The Graveyard Shift At A Gas Station, The Same Car Has Been Here For Years",Dr. NoSleep Podcast,42352,2.31,https://www.youtube.com/watch?v=0UtcuW0KtlU,https://i.ytimg.com/vi/0UtcuW0KtlU/maxresdefault.jpg
myths,myths in real,Busting SUPER HERO Myths in Real Life!,The Royalty Family,55088587,3.24,https://www.youtube.com/watch?v=jRGYaWev7T0,https://i.ytimg.com/vi/jRGYaWev7T0/maxresdefault.jpg
myths,myths in real,Busting 50 Game Myths in Real Life!,Unspeakable,29470601,2.4,https://www.youtube.com/watch?v=CFBQSKAfEAY,https://i.ytimg.com/vi/CFBQSKAfEAY/hqdefault.jpg
myths,myths your parents lied,100 Myths Your Parents LIED About..,Stokes Twins,110396321,2.15,https://www.youtube.com/watch?v=5r1TQOTumKM,https://i.ytimg.com/vi/5r1TQOTumKM/maxresdefault.jpg
guilty,guilty kid,"NOT GUILTY Kid GOES TO JAIL, What Happens IS SHOCKING | The Beast Family",The Beast Family,13693730,10.73,https://www.youtube.com/watch?v=eW18OhhcGyU,https://i.ytimg.com/vi/eW18OhhcGyU/maxresdefault.jpg
skip,skip school,"Brother and Sister SKIP SCHOOL, What Happens Is Shocking | The Beast Family",The Beast Family,4371709,3.43,https://www.youtube.com/watch?v=5JKehi0L0ik,https://i.ytimg.com/vi/5JKehi0L0ik/maxresdefault.jpg
skip,skip school,Kid FAKES Dying to SKIP School. Does He Get Caught?,Totally Studios,3198958,2.27,https://www.youtube.com/watch?v=FYuTGv2xIhc,https://i.ytimg.com/vi/FYuTGv2xIhc/maxresdefault.jpg
skip,skip bucket head nerf,"Water Skip, Bucket Head NERF Trick Shots!",Dude Perfect,117514002,2.38,https://www.youtube.com/watch?v=f9jhWFKV3u0,https://i.ytimg.com/vi/f9jhWFKV3u0/hqdefault.jpg
long,long mystery warning graphic,FOUND FOOTAGE fuels decades long MYSTERY (*WARNING GRAPHIC CONTENT*),MrBallen,16600770,6.21,https://www.youtube.com/watch?v=OMBxxvd64qk,https://i.ytimg.com/vi/OMBxxvd64qk/maxresdefault.jpg
long,long could you secretly,How Long Could You Secretly Live In A Grocery Store?,Airrack,24490436,2.37,https://www.youtube.com/watch?v=HUZHDrckHSs,https://i.ytimg.com/vi/HUZHDrckHSs/maxresdefault.jpg
long,long lost twin brother,I Found my Long Lost Twin Brother,The Royalty Family,38691703,2.28,https://www.youtube.com/watch?v=gJlwNKEdH-U,https://i.ytimg.com/vi/gJlwNKEdH-U/maxresdefault.jpg
walking,walking on water prank,Walking On Water Prank,Airrack,54503827,5.26,https://www.youtube.com/watch?v=RPH2APBoVtI,https://i.ytimg.com/vi/RPH2APBoVtI/maxresdefault.jpg
walking,walking on water prank,Walking on Water Prank!,Stokes Twins,166771122,3.25,https://www.youtube.com/watch?v=hHdKug_wQkU,https://i.ytimg.com/vi/hHdKug_wQkU/maxresdefault.jpg
security,security officer at area,"I Took a Job as a Security Officer at Area 51, I Found a Strange Set of Rules to Follow",Dr. NoSleep Podcast,69228,3.78,https://www.youtube.com/watch?v=s4XJnbZBOqs,https://i.ytimg.com/vi/s4XJnbZBOqs/maxresdefault.jpg
security,security cameras,3 Scary Footages Caught By Ring Doorbell Security Cameras (Horror Stories Animated),IMR Scary Tales,826329,2.36,https://www.youtube.com/watch?v=o2BuwBkHZAE,https://i.ytimg.com/vi/o2BuwBkHZAE/maxresdefault.jpg
security,security prison,I Survived 50 Hours In A Maximum Security Prison,MrBeast,305780664,2.03,https://www.youtube.com/watch?v=nM89Wl03Q4g,https://i.ytimg.com/vi/nM89Wl03Q4g/maxresdefault.jpg
doorbell,doorbell camera footage,10 Most Disturbing Things Caught on Doorbell Camera Footage,Chilling Scares,11592800,3.56,https://www.youtube.com/watch?v=MzznUfFGcOg,https://i.ytimg.com/vi/MzznUfFGcOg/maxresdefault.jpg
doorbell,doorbell security cameras,3 Scary Footages Caught By Ring Doorbell Security Cameras (Horror Stories Animated),IMR Scary Tales,826329,2.36,https://www.youtube.com/watch?v=o2BuwBkHZAE,https://i.ytimg.com/vi/o2BuwBkHZAE/maxresdefault.jpg
doorbell,doorbell camera clips,12 Creepiest Doorbell Camera Clips,Mr. Nightmare,6979614,2.29,https://www.youtube.com/watch?v=qdjqCGJQVow,https://i.ytimg.com/vi/qdjqCGJQVow/maxresdefault.jpg
theme parks,theme parks,I Tested 1-Star Theme Parks,Ryan Trahan,38338723,3.8,https://www.youtube.com/watch?v=ut8kLRr3FjY,https://i.ytimg.com/vi/ut8kLRr3FjY/maxresdefault.jpg
theme parks,theme parks,I Tested 1-Star Theme Parks (again),Ryan Trahan,28499781,2.82,https://www.youtube.com/watch?v=3dBEz3kwzi0,https://i.ytimg.com/vi/3dBEz3kwzi0/maxresdefault.jpg
theme parks,theme parks,I Exposed The World’s Most DANGEROUS Theme Parks!,Stokes Twins,117995118,2.3,https://www.youtube.com/watch?v=sIISgvptmSw,https://i.ytimg.com/vi/sIISgvptmSw/maxresdefault.jpg
teenager,teenager on way,Police Officer Attacks Handicap Teenager On Way To His Friends House,SoulSnack,5150563,8.17,https://www.youtube.com/watch?v=lWCfKCrKeRc,https://i.ytimg.com/vi/lWCfKCrKeRc/maxresdefault.jpg
teenager,teenager,Crazy Karen Calls Police on Black Teenager Who Needed Help. Teen Gets Last Laugh.,SoulSnack,2217136,3.52,https://www.youtube.com/watch?v=71GBzqCRqH8,https://i.ytimg.com/vi/71GBzqCRqH8/maxresdefault.jpg
teenager,teenager food,Restaurant Refuses To Serve Black Teenager Food. Then This Happens,SoulSnack,1441820,2.29,https://www.youtube.com/watch?v=3oASZgIRqOU,https://i.ytimg.com/vi/3oASZgIRqOU/maxresdefault.jpg
private,private island,"$1 vs $250,000,000 Private Island!",MrBeast,421484102,2.79,https://www.youtube.com/watch?v=krsBRQbOPQ4,https://i.ytimg.com/vi/krsBRQbOPQ4/maxresdefault.jpg
private,private investigator,"I'm A Private Investigator, and I Was Hired By A Ghost",Dr. NoSleep Podcast,42907,2.34,https://www.youtube.com/watch?v=bJNKEE6wv3s,https://i.ytimg.com/vi/bJNKEE6wv3s/maxresdefault.jpg
private,private jet,I Built an EXTREME Private Jet!,Ben Azelart,56969681,2.03,https://www.youtube.com/watch?v=GprYyc7m4gg,https://i.ytimg.com/vi/GprYyc7m4gg/maxresdefault.jpg
overnight world's,overnight world's loneliest house,Overnight in the World's Loneliest House,Ryan Trahan,42663273,4.23,https://www.youtube.com/watch?v=taXDBwLOWg8,https://i.ytimg.com/vi/taXDBwLOWg8/maxresdefault.jpg
overnight world's,overnight world's oldest underwater hotel,Overnight in the World's Oldest Underwater Hotel,Ryan Trahan,36214171,3.59,https://www.youtube.com/watch?v=egHL3l96fqc,https://i.ytimg.com/vi/egHL3l96fqc/maxresdefault.jpg
overnight world's,overnight world's oldest hotel,Overnight in the World's Oldest Hotel,Ryan Trahan,21144504,2.1,https://www.youtube.com/watch?v=I0jEuZxo87M,https://i.ytimg.com/vi/I0jEuZxo87M/maxresdefault.jpg
overnight world's,overnight world's largest potato,Overnight INSIDE the World's Largest Potato,Ryan Trahan,20889489,2.07,https://www.youtube.com/watch?v=bdENHESVomg,https://i.ytimg.com/vi/bdENHESVomg/maxresdefault.jpg
overnight world's,overnight world's cheapest hotel,Overnight in the World's Cheapest Hotel,Ryan Trahan,20309314,2.01,https://www.youtube.com/watch?v=O-lROmPEIZ4,https://i.ytimg.com/vi/O-lROmPEIZ4/maxresdefault.jpg
animation,animation best of 2021,277 Horror Stories Animation (Best of 2021 Compilation),IMR Scary Tales,2988984,8.52,https://www.youtube.com/watch?v=DCs6CGvcfjs,https://i.ytimg.com/vi/DCs6CGvcfjs/maxresdefault.jpg
animation,animation 4 original,Animator vs. Animation 4 (original),Alan Becker,204252820,2.79,https://www.youtube.com/watch?v=VufDd-QL1c0,https://i.ytimg.com/vi/VufDd-QL1c0/maxresdefault.jpg
animation,animation season,Animator vs. Animation Season 2 (Ep  5-8),Alan Becker,183746004,2.51,https://www.youtube.com/watch?v=TF9I1GxNdJQ,https://i.ytimg.com/vi/TF9I1GxNdJQ/maxresdefault.jpg
original,original,Animation vs. Minecraft (original),Alan Becker,351637875,4.79,https://www.youtube.com/watch?v=GW_fdXHOWp4,https://i.ytimg.com/vi/GW_fdXHOWp4/maxresdefault.jpg
original,original,Animator vs. Animation 4 (original),Alan Becker,204252820,2.79,https://www.youtube.com/watch?v=VufDd-QL1c0,https://i.ytimg.com/vi/VufDd-QL1c0/maxresdefault.jpg
original,original,I Work in a Prison for Vampires. I Interviewed a True Original.,Dr. NoSleep Podcast,41492,2.26,https://www.youtube.com/watch?v=8m4l014RXNY,https://i.ytimg.com/vi/8m4l014RXNY/maxresdefault.jpg
shamed,shamed at restaurant,SKINNY Girl FAT SHAMED At Restaurant | Illumeably,Illumeably,1833363,3.11,https://www.youtube.com/watch?v=ZZnxkP0QwM0,https://i.ytimg.com/vi/ZZnxkP0QwM0/maxresdefault.jpg
shamed,shamed at audition,"DANCER Is AGE SHAMED At Audition, What Happens Is Shocking | Illumeably",Illumeably,1636666,2.78,https://www.youtube.com/watch?v=BYNPJnYFTFg,https://i.ytimg.com/vi/BYNPJnYFTFg/maxresdefault.jpg
shamed,shamed for old shoes,POOR KID Shamed For Old Shoes Ft. Foltyn | Dhar Mann Studios,Dhar Mann Studios,13718646,2.57,https://www.youtube.com/watch?v=67LgaIGcjCU,https://i.ytimg.com/vi/67LgaIGcjCU/maxresdefault.jpg
powerful,powerful black judge,Hillbilly Cops Pull Over Powerful Black Judge for Driving While Black. Then This Happens,SoulSnack,3402990,5.4,https://www.youtube.com/watch?v=VmR2KaMlo_o,https://i.ytimg.com/vi/VmR2KaMlo_o/maxresdefault.jpg
powerful,powerful,My Legs Are Powerful,MSA,45531103,2.92,https://www.youtube.com/watch?v=xplz2mfE_NY,https://i.ytimg.com/vi/xplz2mfE_NY/maxresdefault.jpg
creepy,creepy step dad touches,Creepy STEP-DAD Touches Daughter in Her..... YOU WON'T BELIEVE WHAT MOM DOES NEXT!!!!!,Life Lessons With Luis,5875917,3.06,https://www.youtube.com/watch?v=Dv5noaK1ktY,https://i.ytimg.com/vi/Dv5noaK1ktY/maxresdefault.jpg
creepy,creepy real movie theater,3 Creepy REAL Movie Theater Horror Stories,Mr. Nightmare,7037362,2.31,https://www.youtube.com/watch?v=oStoNs7WtKQ,https://i.ytimg.com/vi/oStoNs7WtKQ/maxresdefault.jpg
creepy,creepy school,3 Creepy School Horror Stories Animated,IMR Scary Tales,725219,2.07,https://www.youtube.com/watch?v=pVgak_HNIKk,https://i.ytimg.com/vi/pVgak_HNIKk/hqdefault.jpg
youtuber houses,youtuber houses,"$1 vs $100,000,000 YouTuber Houses!",Stokes Twins,146322632,2.85,https://www.youtube.com/watch?v=u1i_GTpuhUc,https://i.ytimg.com/vi/u1i_GTpuhUc/maxresdefault.jpg
youtuber houses,youtuber houses,I Secretly Lived at YouTuber Houses!,Ben Azelart,77873340,2.77,https://www.youtube.com/watch?v=A3jcE9ruVzE,https://i.ytimg.com/vi/A3jcE9ruVzE/maxresdefault.jpg
youtuber houses,youtuber houses,I Broke Into Famous YouTuber Houses!,Ben Azelart,74301435,2.64,https://www.youtube.com/watch?v=zZsI5nIlEdo,https://i.ytimg.com/vi/zZsI5nIlEdo/maxresdefault.jpg
delivery,delivery,3 Amazon Delivery Horror Stories Animated,IMR Scary Tales,934164,2.66,https://www.youtube.com/watch?v=sZSa0SHGVlk,https://i.ytimg.com/vi/sZSa0SHGVlk/hqdefault.jpg
delivery,delivery driver eats customer,Delivery Driver Eats Customer Food!,Totally Studios,3261328,2.31,https://www.youtube.com/watch?v=VjNK3JybNRU,https://i.ytimg.com/vi/VjNK3JybNRU/maxresdefault.jpg
delivery,delivery stories volume,3 Scary TRUE Pizza Delivery Horror Stories (Volume 2),Mr. Nightmare,6320808,2.08,https://www.youtube.com/watch?v=YnyFs2OJ8Ms,https://i.ytimg.com/vi/YnyFs2OJ8Ms/hqdefault.jpg
anything,anything like,"I'm A Paranormal Investigator, I've Never Seen Anything Like This Before",Dr. NoSleep Podcast,77114,4.21,https://www.youtube.com/watch?v=43SWUWREhxU,https://i.ytimg.com/vi/43SWUWREhxU/maxresdefault.jpg
anything,anything you can fit,Anything You Can Fit In The Circle I’ll Pay For,MrBeast,346479693,2.3,https://www.youtube.com/watch?v=yXWw0_UfSFg,https://i.ytimg.com/vi/yXWw0_UfSFg/maxresdefault.jpg
anything,anything,27 Ways To Sneak ANYTHING In!,Unspeakable,25703508,2.09,https://www.youtube.com/watch?v=17V1w05NRAQ,https://i.ytimg.com/vi/17V1w05NRAQ/maxresdefault.jpg
ferran,ferran baby girl,Ferran - Baby Girl (Official Music Video) | The Royalty Family,The Royalty Family,130199731,7.66,https://www.youtube.com/watch?v=ez2PvU6T5pw,https://i.ytimg.com/vi/ez2PvU6T5pw/maxresdefault.jpg
ferran,ferran has new parents,FERRAN Has NEW PARENTS! Goodbye Son...W/ Rebecca Zamolo | The Royalty Family,The Royalty Family,45777742,2.69,https://www.youtube.com/watch?v=atOfjAiSdFo,https://i.ytimg.com/vi/atOfjAiSdFo/maxresdefault.jpg
same,same car,"I Work The Graveyard Shift At A Gas Station, The Same Car Has Been Here For Years",Dr. NoSleep Podcast,42352,2.31,https://www.youtube.com/watch?v=0UtcuW0KtlU,https://i.ytimg.com/vi/0UtcuW0KtlU/maxresdefault.jpg
same,same girl ft julianne,Stepbrothers GO TO WAR Over SAME GIRL Ft. Julianne Hough | Dhar Mann Studios,Dhar Mann Studios,12201195,2.29,https://www.youtube.com/watch?v=H4S1jMGosPA,https://i.ytimg.com/vi/H4S1jMGosPA/maxresdefault.jpg
same,same drive thru 1,"Going Through The Same Drive Thru 1,000 Times",MrBeast,323063714,2.14,https://www.youtube.com/watch?v=QxGVgXf_LNk,https://i.ytimg.com/vi/QxGVgXf_LNk/maxresdefault.jpg
son's epic,son's epic 14th birthday surprise,Our Son's EPIC 14th Birthday Surprise,The Royalty Family,74000058,4.35,https://www.youtube.com/watch?v=XuNqMOGENZk,https://i.ytimg.com/vi/XuNqMOGENZk/maxresdefault.jpg
son's epic,son's epic birthday surprise,our Son's EPIC Birthday Surprise!,The Royalty Family,58278636,3.43,https://www.youtube.com/watch?v=56NrzRjZDko,https://i.ytimg.com/vi/56NrzRjZDko/maxresdefault.jpg
son's epic,son's epic 13th birthday surprise,Our Son's EPIC 13th BIRTHDAY SURPRISE!,The Royalty Family,50726633,2.98,https://www.youtube.com/watch?v=ppAIBR_BxO4,https://i.ytimg.com/vi/ppAIBR_BxO4/maxresdefault.jpg
superhero,superhero a roblox movie,100 Years As A Superhero: A Roblox Movie,ShanePlays 2,13462057,5.53,https://www.youtube.com/watch?v=pou00Ozwi1A,https://i.ytimg.com/vi/pou00Ozwi1A/maxresdefault.jpg
superhero,superhero in 24 hours,BECOMING A SUPERHERO IN 24 HOURS!,Ben Azelart,74725814,2.66,https://www.youtube.com/watch?v=vwWEZLS0ouM,https://i.ytimg.com/vi/vwWEZLS0ouM/maxresdefault.jpg
officially,officially exist,I Work on an Oil Rig in the North Sea That Doesn't Officially Exist,Dr. NoSleep Podcast,187619,10.23,https://www.youtube.com/watch?v=TG3qPwr0X38,https://i.ytimg.com/vi/TG3qPwr0X38/maxresdefault.jpg
entire,entire house packing,I FILLED MY ENTIRE HOUSE WITH PACKING PEANUTS!,Ben Azelart,139141261,4.95,https://www.youtube.com/watch?v=GGBO7rsdllA,https://i.ytimg.com/vi/GGBO7rsdllA/maxresdefault.jpg
entire,entire house snow,I Filled my ENTIRE House with Snow *don’t try this*,The Royalty Family,38557239,2.27,https://www.youtube.com/watch?v=jIvVbyHl8eA,https://i.ytimg.com/vi/jIvVbyHl8eA/maxresdefault.jpg
entire,entire city,What he filmed in his SECRET ROOM destroyed an entire city,MrBallen,5805346,2.17,https://www.youtube.com/watch?v=Zykdjsg1V1c,https://i.ytimg.com/vi/Zykdjsg1V1c/hqdefault.jpg
pizza,pizza 132 feet,I Made The World's Largest Pizza (132 Feet),Airrack,32275966,3.12,https://www.youtube.com/watch?v=LrTKeT8xBRg,https://i.ytimg.com/vi/LrTKeT8xBRg/maxresdefault.jpg
pizza,pizza,I Ate The World’s Largest Slice Of Pizza,MrBeast,342955871,2.27,https://www.youtube.com/watch?v=Rj_vssRaZlQ,https://i.ytimg.com/vi/Rj_vssRaZlQ/maxresdefault.jpg
pizza,pizza delivery,3 Scary TRUE Pizza Delivery Horror Stories (Volume 2),Mr. Nightmare,6320808,2.08,https://www.youtube.com/watch?v=YnyFs2OJ8Ms,https://i.ytimg.com/vi/YnyFs2OJ8Ms/hqdefault.jpg
wish,wish,"I Took a Job on an Oil Rig in the North Sea, I Wish I Never Had",Dr. NoSleep Podcast,45261,2.47,https://www.youtube.com/watch?v=s9ch4Ce3Hm8,https://i.ytimg.com/vi/s9ch4Ce3Hm8/maxresdefault.jpg
wish,wish,"We Received a Signal from Another Planet, I Wish We Never Did",Dr. NoSleep Podcast,37676,2.06,https://www.youtube.com/watch?v=XZj9OPwOZBI,https://i.ytimg.com/vi/XZj9OPwOZBI/maxresdefault.jpg
wish,wish,"We Discovered an Abandoned Submarine in the Southern Atlantic, But Now I Wish We Never Did",Dr. NoSleep Podcast,37162,2.03,https://www.youtube.com/watch?v=3GvYxB297K0,https://i.ytimg.com/vi/3GvYxB297K0/maxresdefault.jpg
wish,wish,I Wish I Was an ONLY CHILD After This Happened,Story Time Animated,1521335,2.0,https://www.youtube.com/watch?v=JbQGvMKhctc,https://i.ytimg.com/vi/JbQGvMKhctc/maxresdefault.jpg
survival,survival bunker,I Built a SECRET Survival Bunker!,Ben Azelart,116503429,4.14,https://www.youtube.com/watch?v=Xu4qqpjWbvI,https://i.ytimg.com/vi/Xu4qqpjWbvI/maxresdefault.jpg
survival,survival shelter,I Built a Survival Shelter,Ryan Trahan,40454487,4.01,https://www.youtube.com/watch?v=qeo9iorAPj8,https://i.ytimg.com/vi/qeo9iorAPj8/maxresdefault.jpg
black teen,black teen,Crazy Karen Tries to Steal Playstation 5 from Black Teen. Then She Calls The Police On Him,SoulSnack,5223060,8.29,https://www.youtube.com/watch?v=veLYG88yYIU,https://i.ytimg.com/vi/veLYG88yYIU/maxresdefault.jpg
black teen,black teen of stealing,Crazy Karen Accuses Black Teen Of Stealing Her Iphone. Then This Happens,SoulSnack,2133772,3.39,https://www.youtube.com/watch?v=N5RmSxlg1JI,https://i.ytimg.com/vi/N5RmSxlg1JI/maxresdefault.jpg
black teen,black teen mom changes,Millionaire Helps Homeless Black Teen Mom. Changes Her Life Forever.,SoulSnack,2012575,3.19,https://www.youtube.com/watch?v=F3QGHb4zupg,https://i.ytimg.com/vi/F3QGHb4zupg/maxresdefault.jpg
rookie cop,rookie cop,Police Arrest Black Rookie Cop. Then This Happens.,SoulSnack,3386152,5.37,https://www.youtube.com/watch?v=XdcTmzYVIzQ,https://i.ytimg.com/vi/XdcTmzYVIzQ/maxresdefault.jpg
rookie cop,rookie cop,Evil Judge Humiliates Black Rookie Cop. (Then This Happens),SoulSnack,2137510,3.39,https://www.youtube.com/watch?v=W65L03IBPoU,https://i.ytimg.com/vi/W65L03IBPoU/maxresdefault.jpg
rookie cop,rookie cop arrests police captain's,Prejudice Rookie Cop Arrests Police Captain's Son. Then This Happens,SoulSnack,1896933,3.01,https://www.youtube.com/watch?v=MHutaFD3Tk4,https://i.ytimg.com/vi/MHutaFD3Tk4/maxresdefault.jpg
box,box ft amp,LAST TO LEAVE THE BOX FT AMP,Beta Squad,42487877,4.06,https://www.youtube.com/watch?v=J7exm02NVHo,https://i.ytimg.com/vi/J7exm02NVHo/maxresdefault.jpg
box,box,I Trapped 25 Strangers In A Box,Airrack,23383019,2.26,https://www.youtube.com/watch?v=xcGiyOxZpCw,https://i.ytimg.com/vi/xcGiyOxZpCw/maxresdefault.jpg
box,box 500 000,"I Bought The World's Largest Mystery Box! ($500,000)",MrBeast,311506787,2.06,https://www.youtube.com/watch?v=ayXxwJJId_c,https://i.ytimg.com/vi/ayXxwJJId_c/maxresdefault.jpg
accuses,accuses 7 year old,Teacher Accuses 7 Year Old Black Girl Of Stealing Her Phone,SoulSnack,2381697,3.78,https://www.youtube.com/watch?v=W3CsaFd3h9A,https://i.ytimg.com/vi/W3CsaFd3h9A/maxresdefault.jpg
accuses,accuses black teen,Crazy Karen Accuses Black Teen Of Stealing Her Iphone. Then This Happens,SoulSnack,2133772,3.39,https://www.youtube.com/watch?v=N5RmSxlg1JI,https://i.ytimg.com/vi/N5RmSxlg1JI/maxresdefault.jpg
accuses,accuses black man,Karen Freaks out and Accuses Black Man of Stealing His Own Bike.,SoulSnack,1357626,2.15,https://www.youtube.com/watch?v=M0SafjcUUMs,https://i.ytimg.com/vi/M0SafjcUUMs/maxresdefault.jpg
black man,black man ending,Police Harass Homeless Black Man. The Ending Will Shock You,SoulSnack,1806487,2.87,https://www.youtube.com/watch?v=uS10X8DuGVE,https://i.ytimg.com/vi/uS10X8DuGVE/maxresdefault.jpg
black man,black man dragged,Paraplegic Black Man Dragged Out Of HIs Car By Police (True Story),SoulSnack,1739089,2.76,https://www.youtube.com/watch?v=GxEyap0jhIo,https://i.ytimg.com/vi/GxEyap0jhIo/maxresdefault.jpg
black man,black man resisting arrest,White Cops Rope Tie Black Man Resisting Arrest. Then This Happens,SoulSnack,1462381,2.32,https://www.youtube.com/watch?v=W6h9gLlaVQs,https://i.ytimg.com/vi/W6h9gLlaVQs/maxresdefault.jpg
black man,black man of stealing,Karen Freaks out and Accuses Black Man of Stealing His Own Bike.,SoulSnack,1357626,2.15,https://www.youtube.com/watch?v=M0SafjcUUMs,https://i.ytimg.com/vi/M0SafjcUUMs/maxresdefault.jpg
angry karen,angry karen calls cops,"ANGRY ""Karen"" Calls Cops on Pastor!!!! Life Lessons with Luis",Life Lessons With Luis,6153709,3.21,https://www.youtube.com/watch?v=4mg291O5oC8,https://i.ytimg.com/vi/4mg291O5oC8/maxresdefault.jpg
angry karen,angry karen steals teenager's expensive,Angry Karen Steals Teenager's Expensive Nike Shoes. Then This Happens,SoulSnack,1695869,2.69,https://www.youtube.com/watch?v=s6i00YEQklA,https://i.ytimg.com/vi/s6i00YEQklA/maxresdefault.jpg
angry karen,angry karen sells her ex,Angry Karen Sells Her Ex Boyfriends Expensive Bike After He Dumps Her. Then This Happens,SoulSnack,1289072,2.05,https://www.youtube.com/watch?v=X-FYy7Ag5B4,https://i.ytimg.com/vi/X-FYy7Ag5B4/maxresdefault.jpg
mystery,mystery warning graphic content,FOUND FOOTAGE fuels decades long MYSTERY (*WARNING GRAPHIC CONTENT*),MrBallen,16600770,6.21,https://www.youtube.com/watch?v=OMBxxvd64qk,https://i.ytimg.com/vi/OMBxxvd64qk/maxresdefault.jpg
mystery,mystery pools dont trust,100 Mystery Pools.. DONT Trust Fall into the Wrong One!,Ben Azelart,63061247,2.24,https://www.youtube.com/watch?v=lTf5bzLnDHY,https://i.ytimg.com/vi/lTf5bzLnDHY/maxresdefault.jpg
mystery,mystery box 500 000,"I Bought The World's Largest Mystery Box! ($500,000)",MrBeast,311506787,2.06,https://www.youtube.com/watch?v=ayXxwJJId_c,https://i.ytimg.com/vi/ayXxwJJId_c/maxresdefault.jpg
hour,hour 10 000 shredded,"Every Hour = $10,000 Shredded",Unspeakable,41153505,3.35,https://www.youtube.com/watch?v=-g9IIE9U6Qg,https://i.ytimg.com/vi/-g9IIE9U6Qg/maxresdefault.jpg
hour,hour,"7 Ways To Spend $1,000,000 In 1 HOUR!",Unspeakable,32855536,2.67,https://www.youtube.com/watch?v=F9uVp1TR9Y8,https://i.ytimg.com/vi/F9uVp1TR9Y8/maxresdefault.jpg
hour,hour last,24 Hour LAST TO LEAVE POOL Challenge!!! | The Royalty Family,The Royalty Family,38420652,2.26,https://www.youtube.com/watch?v=AkI3Z7ZeqF4,https://i.ytimg.com/vi/AkI3Z7ZeqF4/maxresdefault.jpg
bad kids,bad kids disrespect mom,"BAD Kids DISRESPECT MOM, What Happens WILL SHOCK YOU | The Beast Family",The Beast Family,4410488,3.46,https://www.youtube.com/watch?v=hx9M21Mi1Oo,https://i.ytimg.com/vi/hx9M21Mi1Oo/maxresdefault.jpg
bad kids,bad kids destroy mom day,"BAD Kids DESTROY Mom DAY, What Happens Is Shocking | The Beast Family",The Beast Family,3655310,2.86,https://www.youtube.com/watch?v=8Ul7zKHVAy0,https://i.ytimg.com/vi/8Ul7zKHVAy0/maxresdefault.jpg
bad kids,bad kids keep breaking,"BAD KIDS Keep BREAKING The RULES, They LIVE To REGRET It!",The Beast Family,2739118,2.15,https://www.youtube.com/watch?v=iaAZVliZrpY,https://i.ytimg.com/vi/iaAZVliZrpY/maxresdefault.jpg
bad kids,bad kids don't listen,"Bad Kids DON'T LISTEN To MOM, They LIVE To REGRET IT | THE BEAST FAMILY",The Beast Family,2594947,2.03,https://www.youtube.com/watch?v=SqlsOxOgscM,https://i.ytimg.com/vi/SqlsOxOgscM/maxresdefault.jpg
june,june 2021,28 Horror Stories Animated (Compilation of June 2021),IMR Scary Tales,2355902,6.71,https://www.youtube.com/watch?v=73nHtfX2dLc,https://i.ytimg.com/vi/73nHtfX2dLc/hqdefault.jpg
june,june 2023,25 True Horror Stories Animated (Compilation of June 2023),IMR Scary Tales,1130023,3.22,https://www.youtube.com/watch?v=yx0VSR5d4YY,https://i.ytimg.com/vi/yx0VSR5d4YY/maxresdefault.jpg
sells,sells wife to best,Husband Sells Wife to Best Friend... YOU WON'T BELIEVE THE ENDING! | Sameer Bhavnani,Sameer Bhavnani,6169312,11.33,https://www.youtube.com/watch?v=t6UumZZXUh0,https://i.ytimg.com/vi/t6UumZZXUh0/maxresdefault.jpg
sells,sells cheat sheets,"STUDENT Sells CHEAT SHEETS For $10,000 At SCHOOL | Dhar Mann Studios",Dhar Mann Studios,11746092,2.2,https://www.youtube.com/watch?v=g6LvwnIONTs,https://i.ytimg.com/vi/g6LvwnIONTs/maxresdefault.jpg
sells,sells her ex boyfriends,Angry Karen Sells Her Ex Boyfriends Expensive Bike After He Dumps Her. Then This Happens,SoulSnack,1289072,2.05,https://www.youtube.com/watch?v=X-FYy7Ag5B4,https://i.ytimg.com/vi/X-FYy7Ag5B4/maxresdefault.jpg
extreme camouflage hide,extreme camouflage hide and seek,EXTREME CAMOUFLAGE HIDE AND SEEK!!,Stokes Twins,177263416,3.45,https://www.youtube.com/watch?v=eoOdTsOW2cg,https://i.ytimg.com/vi/eoOdTsOW2cg/maxresdefault.jpg
extreme camouflage hide,extreme camouflage hide and seek,EXTREME CAMOUFLAGE HIDE AND SEEK!!,Ben Azelart,74383276,2.64,https://www.youtube.com/watch?v=SG1O10Hz_qE,https://i.ytimg.com/vi/SG1O10Hz_qE/maxresdefault.jpg
extreme camouflage hide,extreme camouflage hide and seek,EXTREME CAMOUFLAGE HIDE AND SEEK!!,Ben Azelart,60861045,2.16,https://www.youtube.com/watch?v=86QotWbjLtw,https://i.ytimg.com/vi/86QotWbjLtw/maxresdefault.jpg
seek,seek,EXTREME CAMOUFLAGE HIDE AND SEEK!!,Stokes Twins,177263416,3.45,https://www.youtube.com/watch?v=eoOdTsOW2cg,https://i.ytimg.com/vi/eoOdTsOW2cg/maxresdefault.jpg
seek,seek,EXTREME CAMOUFLAGE HIDE AND SEEK!!,Ben Azelart,74383276,2.64,https://www.youtube.com/watch?v=SG1O10Hz_qE,https://i.ytimg.com/vi/SG1O10Hz_qE/maxresdefault.jpg
seek,seek,EXTREME CAMOUFLAGE HIDE AND SEEK!!,Ben Azelart,60861045,2.16,https://www.youtube.com/watch?v=86QotWbjLtw,https://i.ytimg.com/vi/86QotWbjLtw/maxresdefault.jpg
moon,moon since 1972,There’s a Very Good Reason Why NASA Hasn’t Sent People to the Moon Since 1972,Dr. NoSleep Podcast,127791,6.97,https://www.youtube.com/watch?v=b2FGA6kfmPY,https://i.ytimg.com/vi/b2FGA6kfmPY/maxresdefault.jpg
moon,moon from 700 000,"We Found Human Remains on the Moon — From 700,000 Years Ago",Dr. NoSleep Podcast,53063,2.89,https://www.youtube.com/watch?v=Y7Z_sbYjBro,https://i.ytimg.com/vi/Y7Z_sbYjBro/maxresdefault.jpg
valentine's day shocking,valentine's day shocking,"Mom RUINS Son's Relationship On VALENTINE'S DAY, What Happens Is Shocking | Illumeably",Illumeably,4183211,7.09,https://www.youtube.com/watch?v=byPQOrm7xmI,https://i.ytimg.com/vi/byPQOrm7xmI/maxresdefault.jpg
valentine's day shocking,valentine's day shocking,"Mom WATCHES Daughter CHEAT On Valentine's Day, What Happens Is Shocking | Illumeably",Illumeably,1532416,2.6,https://www.youtube.com/watch?v=oDuBOGNWxvE,https://i.ytimg.com/vi/oDuBOGNWxvE/maxresdefault.jpg
valentine's day shocking,valentine's day shocking,"Mom RUINS Son's PROPOSAL On VALENTINE'S DAY, What Happens Is Shocking | Illumeably",Illumeably,1368411,2.32,https://www.youtube.com/watch?v=Ix3xlmgdV_8,https://i.ytimg.com/vi/Ix3xlmgdV_8/maxresdefault.jpg
valentine's day shocking,valentine's day shocking,"Man is CAUGHT TWO-TIMING On VALENTINE'S DAY, What Happens Is Shocking | Illumeably",Illumeably,1198874,2.03,https://www.youtube.com/watch?v=xCvLeN-eqS0,https://i.ytimg.com/vi/xCvLeN-eqS0/maxresdefault.jpg
blindfolded,blindfolded,Son Tries to Find his MOM Blindfolded!,The Royalty Family,82104740,4.83,https://www.youtube.com/watch?v=gTPu4NtqSz4,https://i.ytimg.com/vi/gTPu4NtqSz4/maxresdefault.jpg
blindfolded,blindfolded,Father Tries to Find his SON Blindfolded!,The Royalty Family,44617015,2.62,https://www.youtube.com/watch?v=oiY4DK1vgBY,https://i.ytimg.com/vi/oiY4DK1vgBY/maxresdefault.jpg
blindfolded,blindfolded emotional,Boyfriend Tries to Find Girlfriend Blindfolded! *emotional*,Ben Azelart,69526433,2.47,https://www.youtube.com/watch?v=glq14UJ8XgA,https://i.ytimg.com/vi/glq14UJ8XgA/maxresdefault.jpg
city,city,I Survived 7 Days In An Abandoned City,MrBeast,373294578,2.47,https://www.youtube.com/watch?v=tWYsfOSY9vY,https://i.ytimg.com/vi/tWYsfOSY9vY/maxresdefault.jpg
city,city,What he filmed in his SECRET ROOM destroyed an entire city,MrBallen,5805346,2.17,https://www.youtube.com/watch?v=Zykdjsg1V1c,https://i.ytimg.com/vi/Zykdjsg1V1c/hqdefault.jpg
city,city is on fire,Our City is on Fire...,The Royalty Family,36497682,2.15,https://www.youtube.com/watch?v=i7K1FKOV9ns,https://i.ytimg.com/vi/i7K1FKOV9ns/maxresdefault.jpg
amazon products,amazon products,I Bought The Most EXPENSIVE Amazon Products!,Ben Azelart,101658078,3.61,https://www.youtube.com/watch?v=iOlVRDQHSPc,https://i.ytimg.com/vi/iOlVRDQHSPc/maxresdefault.jpg
amazon products,amazon products,"I Bought 1,000 Cursed Amazon Products!",Stokes Twins,133225398,2.6,https://www.youtube.com/watch?v=MskUZ6E4n9Y,https://i.ytimg.com/vi/MskUZ6E4n9Y/maxresdefault.jpg
amazon products,amazon products,I Bought 100 CURSED Amazon Products!,Stokes Twins,120792914,2.35,https://www.youtube.com/watch?v=6iKJZqDSPGc,https://i.ytimg.com/vi/6iKJZqDSPGc/maxresdefault.jpg
roller,roller coaster animation,Cave Spider Roller Coaster - Animation vs. Minecraft Shorts Ep. 14,Alan Becker,535325166,7.3,https://www.youtube.com/watch?v=pCBP4M08ndE,https://i.ytimg.com/vi/pCBP4M08ndE/maxresdefault.jpg
roller,roller coaster animation,The Roller Coaster - Animation vs. Minecraft Shorts Ep. 3,Alan Becker,178209401,2.43,https://www.youtube.com/watch?v=cPWPAjYb5eI,https://i.ytimg.com/vi/cPWPAjYb5eI/hqdefault.jpg
coaster,coaster animation vs minecraft,Cave Spider Roller Coaster - Animation vs. Minecraft Shorts Ep. 14,Alan Becker,535325166,7.3,https://www.youtube.com/watch?v=pCBP4M08ndE,https://i.ytimg.com/vi/pCBP4M08ndE/maxresdefault.jpg
coaster,coaster animation vs minecraft,The Roller Coaster - Animation vs. Minecraft Shorts Ep. 3,Alan Becker,178209401,2.43,https://www.youtube.com/watch?v=cPWPAjYb5eI,https://i.ytimg.com/vi/cPWPAjYb5eI/hqdefault.jpg
minecraft,minecraft,I Spent 100 Days in Realistic Minecraft,Ryan Trahan,48477694,4.8,https://www.youtube.com/watch?v=OHbKGR7N1iI,https://i.ytimg.com/vi/OHbKGR7N1iI/maxresdefault.jpg
minecraft,minecraft server at school,Kid HACKS Minecraft Server at School. Will He Get Caught?,Totally Studios,3616621,2.57,https://www.youtube.com/watch?v=gR3iEiI3pOE,https://i.ytimg.com/vi/gR3iEiI3pOE/maxresdefault.jpg
minecraft,minecraft what went wrong,Kid Kicked Off Plane for MINECRAFT. What went wrong? With Surprise Ending.,Totally Studios,2967051,2.11,https://www.youtube.com/watch?v=rXAGkmTbgMk,https://i.ytimg.com/vi/rXAGkmTbgMk/maxresdefault.jpg
blind,blind dating girls based,Blind Dating Girls Based On Their Outfits Ft FILLY,Beta Squad,26871243,2.57,https://www.youtube.com/watch?v=Sp99mTG-DW8,https://i.ytimg.com/vi/Sp99mTG-DW8/maxresdefault.jpg
blind,blind dating girls based,Blind Dating Girls Based On Their Outfits Ft Harry Pinero,Beta Squad,21793716,2.08,https://www.youtube.com/watch?v=eBYTol2UoHA,https://i.ytimg.com/vi/eBYTol2UoHA/maxresdefault.jpg
blind,blind girl outsmarted,Blind Girl Outsmarted The Thief | @DramatizeMe,DramatizeMe,2412091,2.93,https://www.youtube.com/watch?v=KlqeUYTLW-E,https://i.ytimg.com/vi/KlqeUYTLW-E/maxresdefault.jpg
xbox,xbox,Crazy Karen Attacks Black Handicap Teen for His New Xbox,SoulSnack,2433950,3.86,https://www.youtube.com/watch?v=Hg9r619Skr4,https://i.ytimg.com/vi/Hg9r619Skr4/maxresdefault.jpg
xbox,xbox series x,Friend’s Mom Takes New XBOX Series X from Kid. Does she get caught?,Totally Studios,5419412,3.85,https://www.youtube.com/watch?v=9_pa2O2_ags,https://i.ytimg.com/vi/9_pa2O2_ags/maxresdefault.jpg
set,set a trap,Girls Set A Trap For A Married Man | @DramatizeMe,DramatizeMe,3191074,3.87,https://www.youtube.com/watch?v=T3JdCb-Aa4c,https://i.ytimg.com/vi/T3JdCb-Aa4c/maxresdefault.jpg
set,set of rules,"I Took a Job as a Security Officer at Area 51, I Found a Strange Set of Rules to Follow",Dr. NoSleep Podcast,69228,3.78,https://www.youtube.com/watch?v=s4XJnbZBOqs,https://i.ytimg.com/vi/s4XJnbZBOqs/maxresdefault.jpg
hated little,hated little brother a roblox,Big Brother Hated Little Brother: A Roblox Movie,ShanePlays 2,8326218,3.42,https://www.youtube.com/watch?v=i_RmmB8b2ak,https://i.ytimg.com/vi/i_RmmB8b2ak/maxresdefault.jpg
hated little,hated little brother a roblox,Big Sister Hated Little Brother: A Roblox Movie,ShanePlays 2,6897936,2.83,https://www.youtube.com/watch?v=oUSh3WcTeQ0,https://i.ytimg.com/vi/oUSh3WcTeQ0/maxresdefault.jpg
hated little,hated little twin brothers,Big Sister Hated Little Twin Brothers: A Roblox Movie,ShanePlays 2,7758178,3.19,https://www.youtube.com/watch?v=58-uQZQhvIA,https://i.ytimg.com/vi/58-uQZQhvIA/maxresdefault.jpg
flying,flying first class,Flying First Class to Hawaii,The Royalty Family,50517434,2.97,https://www.youtube.com/watch?v=QyzfMziK6Ek,https://i.ytimg.com/vi/QyzfMziK6Ek/maxresdefault.jpg
flying,flying first class,Flying First Class to the Bahamas! ✈️,The Royalty Family,38817165,2.28,https://www.youtube.com/watch?v=YRw-lZexOnc,https://i.ytimg.com/vi/YRw-lZexOnc/maxresdefault.jpg
flying,flying too heavy,Airline WEIGHS PASSENGERS Before Flying. Too Heavy for the Plane?,Totally Studios,3587187,2.55,https://www.youtube.com/watch?v=Twt4ILRIMsE,https://i.ytimg.com/vi/Twt4ILRIMsE/maxresdefault.jpg
discovered,discovered,There is Something on the Bottom of the Ocean That Should Never Be Discovered,Dr. NoSleep Podcast,49020,2.67,https://www.youtube.com/watch?v=-8erikddWqU,https://i.ytimg.com/vi/-8erikddWqU/maxresdefault.jpg
discovered,discovered an actual death,They Discovered an Actual DEATH LOOP,MrBallen,6749452,2.53,https://www.youtube.com/watch?v=oWOMY0JQdFs,https://i.ytimg.com/vi/oWOMY0JQdFs/maxresdefault.jpg
discovered,discovered an abandoned submarine,"We Discovered an Abandoned Submarine in the Southern Atlantic, But Now I Wish We Never Did",Dr. NoSleep Podcast,37162,2.03,https://www.youtube.com/watch?v=3GvYxB297K0,https://i.ytimg.com/vi/3GvYxB297K0/maxresdefault.jpg
restaurants,restaurants,I Tested 1-Star Restaurants,Ryan Trahan,35976999,3.56,https://www.youtube.com/watch?v=VIwwE1QrsWw,https://i.ytimg.com/vi/VIwwE1QrsWw/maxresdefault.jpg
restaurants,restaurants no reviews,I Tested Restaurants with No Reviews,Ryan Trahan,31750498,3.15,https://www.youtube.com/watch?v=jac53THxO0I,https://i.ytimg.com/vi/jac53THxO0I/maxresdefault.jpg
restaurants,restaurants in america,I Tried the Top 5 Restaurants in America,Ryan Trahan,23376109,2.32,https://www.youtube.com/watch?v=3Njxv_D3MEQ,https://i.ytimg.com/vi/3Njxv_D3MEQ/maxresdefault.jpg
destroys,destroys brothers birthday instantly,"Jealous Girl DESTROYS BROTHERS BIRTHDAY, Instantly Regrets It | THE BEAST FAMILY",The Beast Family,5902083,4.63,https://www.youtube.com/watch?v=gVunRmNXxqc,https://i.ytimg.com/vi/gVunRmNXxqc/maxresdefault.jpg
destroys,destroys children's birthday,Crazy Karen Destroys Children's Birthday Party. Then This Happens,SoulSnack,1836744,2.91,https://www.youtube.com/watch?v=hyKzn8Jc7AI,https://i.ytimg.com/vi/hyKzn8Jc7AI/maxresdefault.jpg
relationship,relationship on valentine's day,"Mom RUINS Son's Relationship On VALENTINE'S DAY, What Happens Is Shocking | Illumeably",Illumeably,4183211,7.09,https://www.youtube.com/watch?v=byPQOrm7xmI,https://i.ytimg.com/vi/byPQOrm7xmI/maxresdefault.jpg
relationship,relationship on mother's day,"Mom RUINS Son's Relationship On MOTHER'S DAY, What Happens Is Shocking | Illumeably",Illumeably,1381856,2.34,https://www.youtube.com/watch?v=ElSMzrspQG8,https://i.ytimg.com/vi/ElSMzrspQG8/maxresdefault.jpg
beach,beach stereotypes,Beach Stereotypes | Dude Perfect,Dude Perfect,219023390,4.44,https://www.youtube.com/watch?v=ggR_SPwP6cw,https://i.ytimg.com/vi/ggR_SPwP6cw/maxresdefault.jpg
beach,beach,I Metal Detected 100 Miles of Beach,Ryan Trahan,31086943,3.08,https://www.youtube.com/watch?v=UqycqI89sAo,https://i.ytimg.com/vi/UqycqI89sAo/maxresdefault.jpg
mask,mask he gets slapped,"Racist Employee FORCES Chinese to Wear Face Mask, He Gets Slapped! | Sameer Bhavnani",Sameer Bhavnani,1563680,2.87,https://www.youtube.com/watch?v=JDwxzUJi5qA,https://i.ytimg.com/vi/JDwxzUJi5qA/maxresdefault.jpg
mask,mask to hide identity,Cheerleader WEARS MASK To Hide Identity Ft. Anna McNulty | Dhar Mann Studios,Dhar Mann Studios,11143965,2.09,https://www.youtube.com/watch?v=omRUZSAf3Z4,https://i.ytimg.com/vi/omRUZSAf3Z4/maxresdefault.jpg
mask,mask everywhere i go,I Wear a Mask Everywhere I Go,MSA,32341624,2.07,https://www.youtube.com/watch?v=dAeUWRiASyg,https://i.ytimg.com/vi/dAeUWRiASyg/hqdefault.jpg
mansion,mansion is haunted,"Our NEW MANSION Is HAUNTED By SKIBIDI TOILET, What Happens IS SHOCKING | THE BEAST FAMILY",The Beast Family,3668313,2.87,https://www.youtube.com/watch?v=72ijoJ5W7Fg,https://i.ytimg.com/vi/72ijoJ5W7Fg/maxresdefault.jpg
mansion,mansion holds a dark,This YouTuber’s Mansion Holds a Dark Secret...,Dr. NoSleep Podcast,38332,2.09,https://www.youtube.com/watch?v=7UlBVPTmyck,https://i.ytimg.com/vi/7UlBVPTmyck/maxresdefault.jpg
mansion,mansion,My Mom HID The Truth About Her Job At The Mansion,Story Time Animated,1527118,2.01,https://www.youtube.com/watch?v=vney4UwIa8g,https://i.ytimg.com/vi/vney4UwIa8g/maxresdefault.jpg
mom ruins son's,mom ruins son's relationship on valentine's,"Mom RUINS Son's Relationship On VALENTINE'S DAY, What Happens Is Shocking | Illumeably",Illumeably,4183211,7.09,https://www.youtube.com/watch?v=byPQOrm7xmI,https://i.ytimg.com/vi/byPQOrm7xmI/maxresdefault.jpg
mom ruins son's,mom ruins son's relationship on mother's,"Mom RUINS Son's Relationship On MOTHER'S DAY, What Happens Is Shocking | Illumeably",Illumeably,1381856,2.34,https://www.youtube.com/watch?v=ElSMzrspQG8,https://i.ytimg.com/vi/ElSMzrspQG8/maxresdefault.jpg
mom ruins son's,mom ruins son's proposal on valentine's,"Mom RUINS Son's PROPOSAL On VALENTINE'S DAY, What Happens Is Shocking | Illumeably",Illumeably,1368411,2.32,https://www.youtube.com/watch?v=Ix3xlmgdV_8,https://i.ytimg.com/vi/Ix3xlmgdV_8/maxresdefault.jpg
mom ruins son's,mom ruins son's wedding day,CRAZY Mom RUINS Son's WEDDING DAY | Illumeably,Illumeably,1183770,2.01,https://www.youtube.com/watch?v=51_xjnpJsBg,https://i.ytimg.com/vi/51_xjnpJsBg/maxresdefault.jpg
wealth,wealth to poor girl,"Dying Millionaire Gives Wealth To Poor Girl Instead Of Wife, This Is Why.",Vid Chronicles,2033617,9.3,https://www.youtube.com/watch?v=MRBfJ5Due5c,https://i.ytimg.com/vi/MRBfJ5Due5c/maxresdefault.jpg
instead,instead of wife,"Dying Millionaire Gives Wealth To Poor Girl Instead Of Wife, This Is Why.",Vid Chronicles,2033617,9.3,https://www.youtube.com/watch?v=MRBfJ5Due5c,https://i.ytimg.com/vi/MRBfJ5Due5c/maxresdefault.jpg
decision,decision changes everything emotional,A Heartbreaking Decision Changes Everything | Emotional Drama,Sameer Bhavnani,2630028,4.83,https://www.youtube.com/watch?v=4wGvcwpDO9M,https://i.ytimg.com/vi/4wGvcwpDO9M/maxresdefault.jpg
decision,decision,"Mother-In-Law RUINS Marriage, Then Daughter-In-Law Makes An Unexpected Decision | Illumeably",Illumeably,1527899,2.59,https://www.youtube.com/watch?v=rVFLfgGxYEs,https://i.ytimg.com/vi/rVFLfgGxYEs/maxresdefault.jpg
hottest,hottest boys fight,I made the 2 hottest boys fight over me,Story Time Animated,3494250,4.6,https://www.youtube.com/watch?v=ptbVbiVxz-I,https://i.ytimg.com/vi/ptbVbiVxz-I/maxresdefault.jpg
hottest,hottest guy in school,"I’m a Nerd, But My BF is the Hottest Guy in School",MSA,43887484,2.81,https://www.youtube.com/watch?v=Lge3nbzp3dk,https://i.ytimg.com/vi/Lge3nbzp3dk/maxresdefault.jpg
north,north sea that doesn't,I Work on an Oil Rig in the North Sea That Doesn't Officially Exist,Dr. NoSleep Podcast,187619,10.23,https://www.youtube.com/watch?v=TG3qPwr0X38,https://i.ytimg.com/vi/TG3qPwr0X38/maxresdefault.jpg
north,north pacific,I Traveled to a Deserted Island in the North Pacific That Has a Terrifying Secret,Dr. NoSleep Podcast,56603,3.09,https://www.youtube.com/watch?v=EPqmeGxKi0U,https://i.ytimg.com/vi/EPqmeGxKi0U/maxresdefault.jpg
north,north sea i wish,"I Took a Job on an Oil Rig in the North Sea, I Wish I Never Had",Dr. NoSleep Podcast,45261,2.47,https://www.youtube.com/watch?v=s9ch4Ce3Hm8,https://i.ytimg.com/vi/s9ch4Ce3Hm8/maxresdefault.jpg
arrest,arrest black rookie cop,Police Arrest Black Rookie Cop. Then This Happens.,SoulSnack,3386152,5.37,https://www.youtube.com/watch?v=XdcTmzYVIzQ,https://i.ytimg.com/vi/XdcTmzYVIzQ/maxresdefault.jpg
arrest,arrest for disturbing,Racist Cop Arrest for Disturbing the Peace! Then This Happens... | Sameer Bhavnani,Sameer Bhavnani,1341070,2.46,https://www.youtube.com/watch?v=PZYHiQPIBAA,https://i.ytimg.com/vi/PZYHiQPIBAA/maxresdefault.jpg
arrest,arrest,White Cops Rope Tie Black Man Resisting Arrest. Then This Happens,SoulSnack,1462381,2.32,https://www.youtube.com/watch?v=W6h9gLlaVQs,https://i.ytimg.com/vi/W6h9gLlaVQs/maxresdefault.jpg
drive thrus,drive thrus,I Tested 1-Star Drive Thrus,Ryan Trahan,42256077,4.19,https://www.youtube.com/watch?v=VlDTMIgGbRo,https://i.ytimg.com/vi/VlDTMIgGbRo/maxresdefault.jpg
drive thrus,drive thrus most expensive item,I Tried Every Drive Thrus Most Expensive Item,Ryan Trahan,30856749,3.06,https://www.youtube.com/watch?v=sWartg-GwpM,https://i.ytimg.com/vi/sWartg-GwpM/maxresdefault.jpg
drive thrus,drive thrus for banned items,I Asked 100 Drive Thrus for Banned Items,Ryan Trahan,30065866,2.98,https://www.youtube.com/watch?v=kU2pSzKkfOk,https://i.ytimg.com/vi/kU2pSzKkfOk/maxresdefault.jpg
july,july 2021,27 Horror Stories Animated (Compilation of July 2021),IMR Scary Tales,2342976,6.68,https://www.youtube.com/watch?v=p3wM0IZicMo,https://i.ytimg.com/vi/p3wM0IZicMo/maxresdefault.jpg
july,july independence day,3 True 4th July Independence Day Horror Stories Animated,IMR Scary Tales,852115,2.43,https://www.youtube.com/watch?v=-U0Q4gs5B7M,https://i.ytimg.com/vi/-U0Q4gs5B7M/maxresdefault.jpg
you've,you've been bullied,"If YOU'VE Been Bullied Because of Your NAME, WATCH THIS | SAMEER BHAVNANI",Sameer Bhavnani,2398434,4.4,https://www.youtube.com/watch?v=FkKTE5rW0xU,https://i.ytimg.com/vi/FkKTE5rW0xU/maxresdefault.jpg
you've,you've never heard,A Disaster You've Never Heard of Is Still Controlling Our Timeline | Butterfly Effects ep.01,MrBallen,7656631,2.86,https://www.youtube.com/watch?v=BaGJBlKT8NA,https://i.ytimg.com/vi/BaGJBlKT8NA/hqdefault.jpg
grand,grand mother,Racist Karen Cop EATS Black Grand Mother! | Sameer Bhavnani,Sameer Bhavnani,2355031,4.32,https://www.youtube.com/watch?v=ha_MhVJQAF8,https://i.ytimg.com/vi/ha_MhVJQAF8/maxresdefault.jpg
grand,grand theft auto,I Spent 100 Days in Grand Theft Auto,Ryan Trahan,29443713,2.92,https://www.youtube.com/watch?v=vAiuLJoWJl0,https://i.ytimg.com/vi/vAiuLJoWJl0/maxresdefault.jpg
police captain's,police captain's niece gets arrested,Police Captain's Niece Gets Arrested... Then This Happens,SoulSnack,3842046,6.1,https://www.youtube.com/watch?v=SocL1xfLd0s,https://i.ytimg.com/vi/SocL1xfLd0s/maxresdefault.jpg
police captain's,police captain's son,Prejudice Rookie Cop Arrests Police Captain's Son. Then This Happens,SoulSnack,1896933,3.01,https://www.youtube.com/watch?v=MHutaFD3Tk4,https://i.ytimg.com/vi/MHutaFD3Tk4/maxresdefault.jpg
police captain's,police captain's daughter pulled,Police Captain's Daughter Pulled Over. Shocking Ending.,SoulSnack,1607871,2.55,https://www.youtube.com/watch?v=cBDP4WdcmNA,https://i.ytimg.com/vi/cBDP4WdcmNA/maxresdefault.jpg
doll,doll,My Boyfriend Thinks I'm A Barbie Doll,Story Time Animated,3911070,5.15,https://www.youtube.com/watch?v=hMD-Qrcx8g0,https://i.ytimg.com/vi/hMD-Qrcx8g0/maxresdefault.jpg
doll,doll,3 True Labubu Doll Horror Stories Animated,IMR Scary Tales,715064,2.04,https://www.youtube.com/watch?v=B0RcHIdXAKo,https://i.ytimg.com/vi/B0RcHIdXAKo/maxresdefault.jpg
hell,hell,When Science Found Hell,Dr. NoSleep Podcast,88431,4.82,https://www.youtube.com/watch?v=Fr79WKPyVOo,https://i.ytimg.com/vi/Fr79WKPyVOo/maxresdefault.jpg
hell,hell,What happened on this trucker's ROUTE FROM HELL?,MrBallen,6325942,2.37,https://www.youtube.com/watch?v=E3eAMAH4QcQ,https://i.ytimg.com/vi/E3eAMAH4QcQ/maxresdefault.jpg
pokemon,pokemon nuzlocke,I Attempted my First Pokemon Nuzlocke,JaidenAnimations,100070817,4.49,https://www.youtube.com/watch?v=plSyrHqUh78,https://i.ytimg.com/vi/plSyrHqUh78/maxresdefault.jpg
pokemon,pokemon platinum nuzlocke,I Attempted a Pokemon Platinum Nuzlocke,JaidenAnimations,66854701,3.0,https://www.youtube.com/watch?v=ejys3sT2LHw,https://i.ytimg.com/vi/ejys3sT2LHw/maxresdefault.jpg
pokemon,pokemon game,The best pokemon game you never played,JaidenAnimations,46508689,2.09,https://www.youtube.com/watch?v=jJNgocrAbKA,https://i.ytimg.com/vi/jJNgocrAbKA/maxresdefault.jpg
strictest,strictest school,I Survived The World's STRICTEST School!,Stokes Twins,191829855,3.74,https://www.youtube.com/watch?v=LnVfvz_CJ1o,https://i.ytimg.com/vi/LnVfvz_CJ1o/maxresdefault.jpg
strictest,strictest babysitter,i Survived the World's STRICTEST Babysitter,The Royalty Family,58707304,3.45,https://www.youtube.com/watch?v=oC2o2-Nteyw,https://i.ytimg.com/vi/oC2o2-Nteyw/maxresdefault.jpg
worlds,worlds strongest cube,27 Ways To DESTROY The Worlds STRONGEST Cube!,Unspeakable,36390783,2.96,https://www.youtube.com/watch?v=qYZ8LNK3k7Q,https://i.ytimg.com/vi/qYZ8LNK3k7Q/maxresdefault.jpg
worlds,worlds spiciest vs sourest,EATING The Worlds Spiciest Vs Sourest Foods!,The Royalty Family,40797489,2.4,https://www.youtube.com/watch?v=An3uh5ZuAQs,https://i.ytimg.com/vi/An3uh5ZuAQs/maxresdefault.jpg
worlds,worlds biggest lemonade stand,I Opened Worlds Biggest Lemonade Stand,Unspeakable,28843221,2.35,https://www.youtube.com/watch?v=-v5u21kxMAQ,https://i.ytimg.com/vi/-v5u21kxMAQ/maxresdefault.jpg
backyard,backyard,I Built a SECRET Tree House in My Backyard!,Ben Azelart,129850738,4.62,https://www.youtube.com/watch?v=S-urPnZysx0,https://i.ytimg.com/vi/S-urPnZysx0/maxresdefault.jpg
backyard,backyard,A Vicious WOLF Destroyed our Backyard,The Royalty Family,43724350,2.57,https://www.youtube.com/watch?v=JLj3AEyCBxk,https://i.ytimg.com/vi/JLj3AEyCBxk/maxresdefault.jpg
leads,leads to another dimension,There's a Tunnel in the Outer Banks That Leads to Another Dimension,Dr. NoSleep Podcast,43849,2.39,https://www.youtube.com/watch?v=DPWkifQEGKw,https://i.ytimg.com/vi/DPWkifQEGKw/maxresdefault.jpg
leads,leads to another dimension,"There's A Hidden Room In My House, It Leads To Another Dimension",Dr. NoSleep Podcast,37567,2.05,https://www.youtube.com/watch?v=ifsFSwkqHZ4,https://i.ytimg.com/vi/ifsFSwkqHZ4/maxresdefault.jpg
leads,leads to tragedy scripted,An Obsession With a New Device Leads to Tragedy | Scripted Drama,Sameer Bhavnani,3636898,6.68,https://www.youtube.com/watch?v=n5XipsnjHE8,https://i.ytimg.com/vi/n5XipsnjHE8/maxresdefault.jpg
sis,sis vs bro,WE HAD TO EAT REAL WORMS! GUMMY FOOD VS REAL FOOD CHALLENGE! | SIS VS BRO | THE BEAST FAMILY,The Beast Family,5966637,4.68,https://www.youtube.com/watch?v=z4VUVyNfR9w,https://i.ytimg.com/vi/z4VUVyNfR9w/maxresdefault.jpg
sis,sis vs bro,TIKTOK JELLY FRUIT FOOD CANDY CHALLENGE (SIS VS BRO) | THE BEAST FAMILY,The Beast Family,5478635,4.29,https://www.youtube.com/watch?v=zaqf7SH8XsE,https://i.ytimg.com/vi/zaqf7SH8XsE/maxresdefault.jpg
bro,bro,WE HAD TO EAT REAL WORMS! GUMMY FOOD VS REAL FOOD CHALLENGE! | SIS VS BRO | THE BEAST FAMILY,The Beast Family,5966637,4.68,https://www.youtube.com/watch?v=z4VUVyNfR9w,https://i.ytimg.com/vi/z4VUVyNfR9w/maxresdefault.jpg
bro,bro,TIKTOK JELLY FRUIT FOOD CANDY CHALLENGE (SIS VS BRO) | THE BEAST FAMILY,The Beast Family,5478635,4.29,https://www.youtube.com/watch?v=zaqf7SH8XsE,https://i.ytimg.com/vi/zaqf7SH8XsE/maxresdefault.jpg
crush,crush calls him ugly,Boy HIDES HIS FACE After Crush Calls Him UGLY,Illumeably,2864453,4.86,https://www.youtube.com/watch?v=1hEGX_MObhc,https://i.ytimg.com/vi/1hEGX_MObhc/maxresdefault.jpg
crush,crush on nerd,POPULAR GIRL Has SECRET CRUSH On NERD | Dhar Mann Studios,Dhar Mann Studios,12316683,2.31,https://www.youtube.com/watch?v=ka5VgMsLyGY,https://i.ytimg.com/vi/ka5VgMsLyGY/maxresdefault.jpg
protect,protect my beauty,"I Need To Protect My Beauty, It's Worth Millions",Story Time Animated,3648833,4.8,https://www.youtube.com/watch?v=-RKucZfHfK0,https://i.ytimg.com/vi/-RKucZfHfK0/maxresdefault.jpg
protect,protect,An FBI Agent Mission is to Protect me,MSA,37072787,2.37,https://www.youtube.com/watch?v=Pp1_vaZz_YM,https://i.ytimg.com/vi/Pp1_vaZz_YM/maxresdefault.jpg
opening dream christmas,opening dream christmas present,Opening his DREAM Christmas Present,The Royalty Family,54824150,3.22,https://www.youtube.com/watch?v=7_UngmeDw74,https://i.ytimg.com/vi/7_UngmeDw74/maxresdefault.jpg
opening dream christmas,opening dream christmas present,Opening my DREAM Christmas Present!,The Royalty Family,50716680,2.98,https://www.youtube.com/watch?v=4iGcEmiUVEY,https://i.ytimg.com/vi/4iGcEmiUVEY/maxresdefault.jpg
opening dream christmas,opening dream christmas present,Opening his Dream Christmas Present,The Royalty Family,40575580,2.39,https://www.youtube.com/watch?v=z-jxnxDOgZo,https://i.ytimg.com/vi/z-jxnxDOgZo/maxresdefault.jpg
present,present,Opening his DREAM Christmas Present,The Royalty Family,54824150,3.22,https://www.youtube.com/watch?v=7_UngmeDw74,https://i.ytimg.com/vi/7_UngmeDw74/maxresdefault.jpg
present,present,Opening my DREAM Christmas Present!,The Royalty Family,50716680,2.98,https://www.youtube.com/watch?v=4iGcEmiUVEY,https://i.ytimg.com/vi/4iGcEmiUVEY/maxresdefault.jpg
present,present,Opening his Dream Christmas Present,The Royalty Family,40575580,2.39,https://www.youtube.com/watch?v=z-jxnxDOgZo,https://i.ytimg.com/vi/z-jxnxDOgZo/maxresdefault.jpg
divorces,divorces military husband,Wife DIVORCES Military Husband After LOSING HIS LEGS!!!! Shocking Ending!!!!,Life Lessons With Luis,8456623,4.41,https://www.youtube.com/watch?v=mBfsKSnMQqs,https://i.ytimg.com/vi/mBfsKSnMQqs/maxresdefault.jpg
divorces,divorces wife for farting,Husband DIVORCES Wife for FARTING! He Lives to Regret It... | SAMEER BHAVNANI,Sameer Bhavnani,1474986,2.71,https://www.youtube.com/watch?v=uscTuAEZ2k8,https://i.ytimg.com/vi/uscTuAEZ2k8/maxresdefault.jpg
now,now,"My GPS Took Me Down A Road That Isn't On Any Map, And Now I Can't Leave",Dr. NoSleep Podcast,44187,2.41,https://www.youtube.com/watch?v=uFxmHrYB_YQ,https://i.ytimg.com/vi/uFxmHrYB_YQ/maxresdefault.jpg
now,now,The Town I Moved To Has No Cemeteries And Now I Know Why,Dr. NoSleep Podcast,42190,2.3,https://www.youtube.com/watch?v=iP2kMGtUEYo,https://i.ytimg.com/vi/iP2kMGtUEYo/maxresdefault.jpg
now,now,"The CIA Dug The World's Deepest Hole, Now I Know Why",Dr. NoSleep Podcast,39374,2.15,https://www.youtube.com/watch?v=aPwA7VEWFZI,https://i.ytimg.com/vi/aPwA7VEWFZI/maxresdefault.jpg
now,now i wish,"We Discovered an Abandoned Submarine in the Southern Atlantic, But Now I Wish We Never Did",Dr. NoSleep Podcast,37162,2.03,https://www.youtube.com/watch?v=3GvYxB297K0,https://i.ytimg.com/vi/3GvYxB297K0/maxresdefault.jpg
true babysitting,true babysitting,5 TRUE BABYSITTING HORROR STORIES ANIMATED,Horror Shorts Party,2632722,2.89,https://www.youtube.com/watch?v=rCPEGTnLIjM,https://i.ytimg.com/vi/rCPEGTnLIjM/hqdefault.jpg
true babysitting,true babysitting,3 True Babysitting Horror Stories Animated,IMR Scary Tales,824009,2.35,https://www.youtube.com/watch?v=zAt7dCCTmKA,https://i.ytimg.com/vi/zAt7dCCTmKA/maxresdefault.jpg
true babysitting,true babysitting,3 True Babysitting Horror Stories Animated,IMR Scary Tales,758560,2.16,https://www.youtube.com/watch?v=S6gyIQYtpQI,https://i.ytimg.com/vi/S6gyIQYtpQI/maxresdefault.jpg
biggest,biggest fear to win,"Face Your Biggest Fear To Win $800,000",MrBeast,412815855,2.74,https://www.youtube.com/watch?v=KOEfDvr4DcQ,https://i.ytimg.com/vi/KOEfDvr4DcQ/maxresdefault.jpg
biggest,biggest lemonade stand,I Opened Worlds Biggest Lemonade Stand,Unspeakable,28843221,2.35,https://www.youtube.com/watch?v=-v5u21kxMAQ,https://i.ytimg.com/vi/-v5u21kxMAQ/maxresdefault.jpg
biggest,biggest game,World's BIGGEST Game Of LIFE Gameboard Challenge!,Unspeakable,25871478,2.1,https://www.youtube.com/watch?v=apULwqv5D5o,https://i.ytimg.com/vi/apULwqv5D5o/maxresdefault.jpg
judge,judge for driving,Hillbilly Cops Pull Over Powerful Black Judge for Driving While Black. Then This Happens,SoulSnack,3402990,5.4,https://www.youtube.com/watch?v=VmR2KaMlo_o,https://i.ytimg.com/vi/VmR2KaMlo_o/maxresdefault.jpg
judge,judge humiliates black rookie,Evil Judge Humiliates Black Rookie Cop. (Then This Happens),SoulSnack,2137510,3.39,https://www.youtube.com/watch?v=W65L03IBPoU,https://i.ytimg.com/vi/W65L03IBPoU/maxresdefault.jpg
youtubers,youtubers a roblox,He SAVED A YOUTUBERS LIFE! (A Roblox Movie),ShanePlays 2,9232983,3.79,https://www.youtube.com/watch?v=BmYoeS0eJZU,https://i.ytimg.com/vi/BmYoeS0eJZU/maxresdefault.jpg
youtubers,youtubers fight for 1,"50 YouTubers Fight For $1,000,000",MrBeast,489099379,3.24,https://www.youtube.com/watch?v=4SNThp0YiU4,https://i.ytimg.com/vi/4SNThp0YiU4/maxresdefault.jpg
ice cream,ice cream truck,3 Ice-Cream Truck Horror Stories Animated,IMR Scary Tales,2004706,5.71,https://www.youtube.com/watch?v=BJihw7IBv34,https://i.ytimg.com/vi/BJihw7IBv34/maxresdefault.jpg
ice cream,ice cream truck,3 True Ice Cream Truck Horror Stories Animated,IMR Scary Tales,821351,2.34,https://www.youtube.com/watch?v=tosvhMDlELg,https://i.ytimg.com/vi/tosvhMDlELg/hqdefault.jpg
ice cream,ice cream,"I Ate $100,000 Golden Ice Cream",MrBeast,311655974,2.07,https://www.youtube.com/watch?v=C680oxL__ck,https://i.ytimg.com/vi/C680oxL__ck/maxresdefault.jpg
truly,truly shocking horrifying,5 Truly Shocking & Horrifying Moments Caught on Camera,Mr. Nightmare,26567771,8.73,https://www.youtube.com/watch?v=T1MrMnmFyU0,https://i.ytimg.com/vi/T1MrMnmFyU0/hqdefault.jpg
stronger,stronger bacon hair,"Roblox Music Video ♪ ""Stronger"" (The Bacon Hair)",ObliviousHD,265111203,8.7,https://www.youtube.com/watch?v=FUjSXVdom-Y,https://i.ytimg.com/vi/FUjSXVdom-Y/hqdefault.jpg
bacon,bacon hair,"Roblox Music Video ♪ ""Stronger"" (The Bacon Hair)",ObliviousHD,265111203,8.7,https://www.youtube.com/watch?v=FUjSXVdom-Y,https://i.ytimg.com/vi/FUjSXVdom-Y/hqdefault.jpg
angry,angry old white man,Angry Old White Man Tries to Steal iPhone 13 from Small Children,SoulSnack,3205346,5.09,https://www.youtube.com/watch?v=EGszMYq8OMI,https://i.ytimg.com/vi/EGszMYq8OMI/maxresdefault.jpg
angry,angry old man doesn,Angry Old Man Doesn’t Allow Black Family Inside Their Own Home.,SoulSnack,2276926,3.61,https://www.youtube.com/watch?v=w3pG_gEehEU,https://i.ytimg.com/vi/w3pG_gEehEU/maxresdefault.jpg
sleepover,sleepover,3 Scary TRUE Sleepover Stories,Mr. Nightmare,8057346,2.65,https://www.youtube.com/watch?v=Jk3fJcC6x6A,https://i.ytimg.com/vi/Jk3fJcC6x6A/hqdefault.jpg
sleepover,sleepover,3 TRUE SLEEPOVER HORROR STORIES ANIMATED,Horror Shorts Party,1918864,2.1,https://www.youtube.com/watch?v=oQK9m0r-9VE,https://i.ytimg.com/vi/oQK9m0r-9VE/maxresdefault.jpg
sleepover,sleepover stories pt,3 Real Scary Sleepover Horror Stories - Pt. 2,Mr. Nightmare,7075482,2.32,https://www.youtube.com/watch?v=6c0R1Tjn93U,https://i.ytimg.com/vi/6c0R1Tjn93U/hqdefault.jpg
grandma's,grandma's house,Doge Coin Millionaire Buys Back Grandma's House! | Sameer Bhavnani,Sameer Bhavnani,2578089,4.73,https://www.youtube.com/watch?v=lGPa9Z4yRbw,https://i.ytimg.com/vi/lGPa9Z4yRbw/maxresdefault.jpg
grandma's,grandma's phone surprising,DESTROYING My Grandma's PHONE & SURPRISING Her with New iPHONE 13! (SHE CRIED),The Royalty Family,37415024,2.2,https://www.youtube.com/watch?v=feCr6_27ZrU,https://i.ytimg.com/vi/feCr6_27ZrU/maxresdefault.jpg
chapter,chapter,RAINBOW FRIENDS Chapter 2: The Story So Far... (Cartoon Animation),GameToons,7056718,2.21,https://www.youtube.com/watch?v=-KOaMQsxmi4,https://i.ytimg.com/vi/-KOaMQsxmi4/maxresdefault.jpg
chapter,chapter 3 but everyone's,"CHAPTER 3, But EVERYONE's a BABY?! (Cartoon Animation)",GameToons,6998761,2.2,https://www.youtube.com/watch?v=HsYO1yIHqXw,https://i.ytimg.com/vi/HsYO1yIHqXw/maxresdefault.jpg
chapter,chapter 3 cartoon animation,The END of CHAPTER 3... (Cartoon Animation),GameToons,6800039,2.13,https://www.youtube.com/watch?v=tbCm_-MlBG4,https://i.ytimg.com/vi/tbCm_-MlBG4/maxresdefault.jpg
chapter,chapter 3,"CHAPTER 3, But They're ZOONOMALY?! (Cartoon Animation)",GameToons,6536845,2.05,https://www.youtube.com/watch?v=wtCI2ORwOiw,https://i.ytimg.com/vi/wtCI2ORwOiw/maxresdefault.jpg
buried alive,buried alive,I Spent 50 Hours Buried Alive,MrBeast,348041231,2.31,https://www.youtube.com/watch?v=9bqk6ZUsKyA,https://i.ytimg.com/vi/9bqk6ZUsKyA/maxresdefault.jpg
buried alive,buried alive,I Spent 7 Days Buried Alive,MrBeast,323700333,2.14,https://www.youtube.com/watch?v=7dYTw-jAYkY,https://i.ytimg.com/vi/7dYTw-jAYkY/maxresdefault.jpg
buried alive,buried alive a roblox movie,He Was Buried Alive: A Roblox Movie,ShanePlays 2,16423998,6.75,https://www.youtube.com/watch?v=w2nuPsaK_-I,https://i.ytimg.com/vi/w2nuPsaK_-I/maxresdefault.jpg
fishing,fishing lives to regret,Crazy Karen Harasses Black Family Fishing. Lives to Regret It,SoulSnack,2707891,4.3,https://www.youtube.com/watch?v=u10WX-8h7_w,https://i.ytimg.com/vi/u10WX-8h7_w/maxresdefault.jpg
fishing,fishing stereotypes,Fishing Stereotypes,Dude Perfect,113764409,2.31,https://www.youtube.com/watch?v=s_a7AZbJGNM,https://i.ytimg.com/vi/s_a7AZbJGNM/maxresdefault.jpg
fishing,fishing battle,Deep Sea Fishing Battle | Dude Perfect,Dude Perfect,106122621,2.15,https://www.youtube.com/watch?v=Hk5dxn5dj2M,https://i.ytimg.com/vi/Hk5dxn5dj2M/hqdefault.jpg
popular,popular girl fall,NERD and POPULAR GIRL FALL IN LOVE. The Ending is a Shock. Totally Studios.,Totally Studios,3513465,2.49,https://www.youtube.com/watch?v=_q4jer_2AZo,https://i.ytimg.com/vi/_q4jer_2AZo/maxresdefault.jpg
popular,popular girl has secret,POPULAR GIRL Has SECRET CRUSH On NERD | Dhar Mann Studios,Dhar Mann Studios,12316683,2.31,https://www.youtube.com/watch?v=ka5VgMsLyGY,https://i.ytimg.com/vi/ka5VgMsLyGY/maxresdefault.jpg
popular,popular,NERD TO POPULAR. How to Become Popular in School with a Surprise Ending. Totally Studios.,Totally Studios,3082887,2.19,https://www.youtube.com/watch?v=ZotRunTXJ8I,https://i.ytimg.com/vi/ZotRunTXJ8I/maxresdefault.jpg
hated,hated a roblox movie,Born To Be Hated: A Roblox Movie,ShanePlays 2,7443250,3.06,https://www.youtube.com/watch?v=vitQiVZQ_U0,https://i.ytimg.com/vi/vitQiVZQ_U0/maxresdefault.jpg
hated,hated twin a roblox,The Hated Twin: A Roblox Movie,ShanePlays 2,6998428,2.88,https://www.youtube.com/watch?v=7MxD5dlQhRk,https://i.ytimg.com/vi/7MxD5dlQhRk/maxresdefault.jpg
hated,hated him a roblox,His Adopted Brother Hated Him: A Roblox Movie,ShanePlays 2,6706788,2.76,https://www.youtube.com/watch?v=JsBEv5NpACI,https://i.ytimg.com/vi/JsBEv5NpACI/maxresdefault.jpg
skibidi,skibidi toilet finale,SKIBIDI TOILET: The FINALE (Cartoon Animation),GameToons,12759040,4.0,https://www.youtube.com/watch?v=ZTnqbsbm99o,https://i.ytimg.com/vi/ZTnqbsbm99o/maxresdefault.jpg
skibidi,skibidi toilet,"Our NEW MANSION Is HAUNTED By SKIBIDI TOILET, What Happens IS SHOCKING | THE BEAST FAMILY",The Beast Family,3668313,2.87,https://www.youtube.com/watch?v=72ijoJ5W7Fg,https://i.ytimg.com/vi/72ijoJ5W7Fg/maxresdefault.jpg
toilet,toilet finale cartoon,SKIBIDI TOILET: The FINALE (Cartoon Animation),GameToons,12759040,4.0,https://www.youtube.com/watch?v=ZTnqbsbm99o,https://i.ytimg.com/vi/ZTnqbsbm99o/maxresdefault.jpg
toilet,toilet,"Our NEW MANSION Is HAUNTED By SKIBIDI TOILET, What Happens IS SHOCKING | THE BEAST FAMILY",The Beast Family,3668313,2.87,https://www.youtube.com/watch?v=72ijoJ5W7Fg,https://i.ytimg.com/vi/72ijoJ5W7Fg/maxresdefault.jpg
gray,gray reject sprunki,GRAY: The REJECT SPRUNKI... (Cartoon Animation),GameToons,19489822,6.12,https://www.youtube.com/watch?v=0u-E9M-7ZwE,https://i.ytimg.com/vi/0u-E9M-7ZwE/maxresdefault.jpg
gray,gray wenda get married,GRAY & WENDA GET MARRIED?! (Cartoon Animation),GameToons,7876259,2.47,https://www.youtube.com/watch?v=zofiNxYZ2D4,https://i.ytimg.com/vi/zofiNxYZ2D4/maxresdefault.jpg
body,body,My Mom Is Jealous Of My Model Body,Story Time Animated,3414780,4.49,https://www.youtube.com/watch?v=J2C2jPA-v6M,https://i.ytimg.com/vi/J2C2jPA-v6M/maxresdefault.jpg
body,body,Something Is Living Inside My Body,Story Time Animated,3110982,4.09,https://www.youtube.com/watch?v=HKPqKQuhwdo,https://i.ytimg.com/vi/HKPqKQuhwdo/maxresdefault.jpg
circle,circle wins 500 000,"Last To Leave Circle Wins $500,000",MrBeast,563301672,3.73,https://www.youtube.com/watch?v=zxYjTTXc-J8,https://i.ytimg.com/vi/zxYjTTXc-J8/maxresdefault.jpg
circle,circle win 500 000,"Survive 100 Days In Circle, Win $500,000",MrBeast,431760421,2.86,https://www.youtube.com/watch?v=gHzuabZUd6c,https://i.ytimg.com/vi/gHzuabZUd6c/maxresdefault.jpg
circle,circle i ll pay,Anything You Can Fit In The Circle I’ll Pay For,MrBeast,346479693,2.3,https://www.youtube.com/watch?v=yXWw0_UfSFg,https://i.ytimg.com/vi/yXWw0_UfSFg/maxresdefault.jpg
survive days,survive days trapped win 500,"Survive 100 Days Trapped, Win $500,000",MrBeast,475456299,3.15,https://www.youtube.com/watch?v=9RhWXPcKBI8,https://i.ytimg.com/vi/9RhWXPcKBI8/maxresdefault.jpg
survive days,survive days in circle win,"Survive 100 Days In Circle, Win $500,000",MrBeast,431760421,2.86,https://www.youtube.com/watch?v=gHzuabZUd6c,https://i.ytimg.com/vi/gHzuabZUd6c/maxresdefault.jpg
survive days,survive days in nuclear bunker,"Survive 100 Days In Nuclear Bunker, Win $500,000",MrBeast,367213593,2.43,https://www.youtube.com/watch?v=UPrkC1LdlLY,https://i.ytimg.com/vi/UPrkC1LdlLY/maxresdefault.jpg
animation minecraft season,animation minecraft season 1 all episodes,Animation vs. Minecraft Shorts Season 1 - All Episodes (1-14),Alan Becker,282801530,3.86,https://www.youtube.com/watch?v=sHFeuBlBUos,https://i.ytimg.com/vi/sHFeuBlBUos/maxresdefault.jpg
animation minecraft season,animation minecraft season 3 all episodes,Animation vs. Minecraft Shorts Season 3 - All Episodes (20-30),Alan Becker,208756933,2.85,https://www.youtube.com/watch?v=VWHTlq5Fcr8,https://i.ytimg.com/vi/VWHTlq5Fcr8/maxresdefault.jpg
animation minecraft season,animation minecraft season all episodes,Animation vs. Minecraft Shorts Season 2 - All Episodes (15-19),Alan Becker,158786800,2.17,https://www.youtube.com/watch?v=6xcIBCur-3k,https://i.ytimg.com/vi/6xcIBCur-3k/maxresdefault.jpg
episodes,episodes 1 14,Animation vs. Minecraft Shorts Season 1 - All Episodes (1-14),Alan Becker,282801530,3.86,https://www.youtube.com/watch?v=sHFeuBlBUos,https://i.ytimg.com/vi/sHFeuBlBUos/maxresdefault.jpg
episodes,episodes 20 30,Animation vs. Minecraft Shorts Season 3 - All Episodes (20-30),Alan Becker,208756933,2.85,https://www.youtube.com/watch?v=VWHTlq5Fcr8,https://i.ytimg.com/vi/VWHTlq5Fcr8/maxresdefault.jpg
episodes,episodes 15 19,Animation vs. Minecraft Shorts Season 2 - All Episodes (15-19),Alan Becker,158786800,2.17,https://www.youtube.com/watch?v=6xcIBCur-3k,https://i.ytimg.com/vi/6xcIBCur-3k/maxresdefault.jpg
acts like,acts like a beggar,Rich Man Acts Like A Beggar | @DramatizeMe,DramatizeMe,2767756,3.36,https://www.youtube.com/watch?v=3bcbSI-XVRA,https://i.ytimg.com/vi/3bcbSI-XVRA/maxresdefault.jpg
acts like,acts like she's a goddess,Sister Acts Like She's A Goddess,Story Time Animated,1728715,2.27,https://www.youtube.com/watch?v=JCppKpTofxM,https://i.ytimg.com/vi/JCppKpTofxM/maxresdefault.jpg
acts like,acts like a toddler,My Mom Still Acts Like A TODDLER & It’s Ruining Everything,Story Time Animated,1532504,2.02,https://www.youtube.com/watch?v=tWDMbptEY2k,https://i.ytimg.com/vi/tWDMbptEY2k/maxresdefault.jpg
harass,harass 10 year old,Cops Harass 10 Year Old Disabled Girl. The Ending is Shocking.,SoulSnack,3544285,5.62,https://www.youtube.com/watch?v=O-LDiyAGG1E,https://i.ytimg.com/vi/O-LDiyAGG1E/maxresdefault.jpg
harass,harass homeless black man,Police Harass Homeless Black Man. The Ending Will Shock You,SoulSnack,1806487,2.87,https://www.youtube.com/watch?v=uS10X8DuGVE,https://i.ytimg.com/vi/uS10X8DuGVE/maxresdefault.jpg
dumpster,dumpster,Teen Mom Throws Baby In Dumpster. Then This Happens,SoulSnack,2910159,4.62,https://www.youtube.com/watch?v=82IkX7HM8-g,https://i.ytimg.com/vi/82IkX7HM8-g/maxresdefault.jpg
dumpster,dumpster,We Found a Lost Dog in a Dumpster,The Royalty Family,36659593,2.16,https://www.youtube.com/watch?v=ZRAd7SfSFXw,https://i.ytimg.com/vi/ZRAd7SfSFXw/maxresdefault.jpg
forest,forest edition,Top 5 Bingeable SCARY STORIES • FOREST HORROR Edition,MrBallen,11723229,4.39,https://www.youtube.com/watch?v=EEJcCYmCVWM,https://i.ytimg.com/vi/EEJcCYmCVWM/maxresdefault.jpg
forest,forest cartoon animation,BASE DEFENSE: 99 Nights in Roblox Forest! (Cartoon Animation),GameToons,7549490,2.37,https://www.youtube.com/watch?v=M_HqWwWF_6g,https://i.ytimg.com/vi/M_HqWwWF_6g/maxresdefault.jpg
card,card throwing trick shots,Card Throwing Trick Shots | Dude Perfect,Dude Perfect,183459926,3.72,https://www.youtube.com/watch?v=TvNTcB6c-V8,https://i.ytimg.com/vi/TvNTcB6c-V8/maxresdefault.jpg
card,card,Racist Karen Rejects Customer With Black American Express Card. He Gets The Last Laugh.,SoulSnack,1919742,3.05,https://www.youtube.com/watch?v=3ZGLxYyN820,https://i.ytimg.com/vi/3ZGLxYyN820/maxresdefault.jpg
owner,owner shames wealthy black,Car Wash Owner Shames Wealthy Black Customer. Then This Happens,SoulSnack,3482186,5.53,https://www.youtube.com/watch?v=zHhl51WXPic,https://i.ytimg.com/vi/zHhl51WXPic/maxresdefault.jpg
owner,owner,Cop Falsely Arrests Black Business Owner. Then This Happens,SoulSnack,1843015,2.92,https://www.youtube.com/watch?v=_UD4zc0aOzg,https://i.ytimg.com/vi/_UD4zc0aOzg/maxresdefault.jpg
hid,hid my natural beauty,I hid my natural beauty for years,Story Time Animated,2951910,3.88,https://www.youtube.com/watch?v=2Gjn9mDdmZk,https://i.ytimg.com/vi/2Gjn9mDdmZk/maxresdefault.jpg
hid,hid,I Built a 7-11 in my Room and Hid it from my Mom!,The Royalty Family,38327748,2.25,https://www.youtube.com/watch?v=6ZwBHQH61QU,https://i.ytimg.com/vi/6ZwBHQH61QU/maxresdefault.jpg
hid,hid truth,My Mom HID The Truth About Her Job At The Mansion,Story Time Animated,1527118,2.01,https://www.youtube.com/watch?v=vney4UwIa8g,https://i.ytimg.com/vi/vney4UwIa8g/maxresdefault.jpg
trillionaires,trillionaires a roblox movie,He Was ADOPTED By TRILLIONAIRES! (A Roblox Movie),ShanePlays 2,13102322,5.38,https://www.youtube.com/watch?v=WXKEj72e-9w,https://i.ytimg.com/vi/WXKEj72e-9w/maxresdefault.jpg
trillionaires,trillionaires a roblox,He SAVED A TRILLIONAIRES Life! (A Roblox Movie),ShanePlays 2,7332538,3.01,https://www.youtube.com/watch?v=tpzm6JRbfsA,https://i.ytimg.com/vi/tpzm6JRbfsA/maxresdefault.jpg
buying,buying used things,Buying Used Things,Domics,22249589,3.31,https://www.youtube.com/watch?v=EU-eQpCqBXQ,https://i.ytimg.com/vi/EU-eQpCqBXQ/maxresdefault.jpg
buying,buying used things,Buying Used Things 2,Domics,14232911,2.12,https://www.youtube.com/watch?v=JNyZ49q4vrU,https://i.ytimg.com/vi/JNyZ49q4vrU/maxresdefault.jpg
buying,buying clothes,Buying Clothes,TheOdd1sOut,93559547,2.24,https://www.youtube.com/watch?v=sRz0WRaQwmw,https://i.ytimg.com/vi/sRz0WRaQwmw/maxresdefault.jpg
signs,signs,9 Year Old Signs For Help From Foster Home. (Famous From Tik Tok),SoulSnack,5277893,8.38,https://www.youtube.com/watch?v=nKBKdJTadCc,https://i.ytimg.com/vi/nKBKdJTadCc/maxresdefault.jpg
tik,tik tok,9 Year Old Signs For Help From Foster Home. (Famous From Tik Tok),SoulSnack,5277893,8.38,https://www.youtube.com/watch?v=nKBKdJTadCc,https://i.ytimg.com/vi/nKBKdJTadCc/maxresdefault.jpg
tok,tok,9 Year Old Signs For Help From Foster Home. (Famous From Tik Tok),SoulSnack,5277893,8.38,https://www.youtube.com/watch?v=nKBKdJTadCc,https://i.ytimg.com/vi/nKBKdJTadCc/maxresdefault.jpg
sell,sell boat to wealthy,Racist Yacht Broker Refuses to Sell Boat to Wealthy Black Man. Then This Happens,SoulSnack,2620543,4.16,https://www.youtube.com/watch?v=stK1stPpUEQ,https://i.ytimg.com/vi/stK1stPpUEQ/maxresdefault.jpg
sell,sell daughter to old,"Parents SELL DAUGHTER To OLD RICH MAN, What Happens Is Shocking | Illumeably",Illumeably,1504259,2.55,https://www.youtube.com/watch?v=FZR-MgJLteM,https://i.ytimg.com/vi/FZR-MgJLteM/maxresdefault.jpg
twin roblox movie,twin roblox movie,The Hated Twin: A Roblox Movie,ShanePlays 2,6998428,2.88,https://www.youtube.com/watch?v=7MxD5dlQhRk,https://i.ytimg.com/vi/7MxD5dlQhRk/maxresdefault.jpg
twin roblox movie,twin roblox movie,Mean Mom Only Loved One Twin (A Roblox Movie),ShanePlays 2,6782080,2.79,https://www.youtube.com/watch?v=v-H7jnpOKIU,https://i.ytimg.com/vi/v-H7jnpOKIU/maxresdefault.jpg
twin roblox movie,twin roblox movie,The Spoiled Twin: A Roblox Movie,ShanePlays 2,6474575,2.66,https://www.youtube.com/watch?v=X4WMt0vHmzo,https://i.ytimg.com/vi/X4WMt0vHmzo/maxresdefault.jpg
rescued,rescued from an abduction,A Neighbor Rescued From an Abduction | Scripted Drama,Sameer Bhavnani,4550561,8.36,https://www.youtube.com/watch?v=h6O7cpxbI58,https://i.ytimg.com/vi/h6O7cpxbI58/maxresdefault.jpg
abduction,abduction scripted drama,A Neighbor Rescued From an Abduction | Scripted Drama,Sameer Bhavnani,4550561,8.36,https://www.youtube.com/watch?v=h6O7cpxbI58,https://i.ytimg.com/vi/h6O7cpxbI58/maxresdefault.jpg
barbie,barbie doll,My Boyfriend Thinks I'm A Barbie Doll,Story Time Animated,3911070,5.15,https://www.youtube.com/watch?v=hMD-Qrcx8g0,https://i.ytimg.com/vi/hMD-Qrcx8g0/maxresdefault.jpg
barbie,barbie,They Called Me BARBIE Until I Showed Them My Secret Power,Story Time Animated,2443290,3.21,https://www.youtube.com/watch?v=JS9dm_cVS3Q,https://i.ytimg.com/vi/JS9dm_cVS3Q/maxresdefault.jpg
losing,losing his legs shocking,Wife DIVORCES Military Husband After LOSING HIS LEGS!!!! Shocking Ending!!!!,Life Lessons With Luis,8456623,4.41,https://www.youtube.com/watch?v=mBfsKSnMQqs,https://i.ytimg.com/vi/mBfsKSnMQqs/maxresdefault.jpg
losing,losing 200 000 calories,"LOSING 200,000 CALORIES IN 50 HOURS!!",Stokes Twins,116297158,2.27,https://www.youtube.com/watch?v=Qg8jZdpRiWY,https://i.ytimg.com/vi/Qg8jZdpRiWY/maxresdefault.jpg
arrests,arrests police captain's son,Prejudice Rookie Cop Arrests Police Captain's Son. Then This Happens,SoulSnack,1896933,3.01,https://www.youtube.com/watch?v=MHutaFD3Tk4,https://i.ytimg.com/vi/MHutaFD3Tk4/maxresdefault.jpg
arrests,arrests sheriff's son,Police Officer Arrests The Sheriff's Son. Then This Happens,SoulSnack,1752973,2.78,https://www.youtube.com/watch?v=jt7KfMmY5Hg,https://i.ytimg.com/vi/jt7KfMmY5Hg/maxresdefault.jpg
arrests,arrests 7 year old,Racist Cop Arrests 7 Year Old Black Boy. Then This Happens,SoulSnack,1428271,2.27,https://www.youtube.com/watch?v=dr72I2Nd5fM,https://i.ytimg.com/vi/dr72I2Nd5fM/maxresdefault.jpg
layla,layla meets stranger,"Layla Meets STRANGER, What happens is surprising! Full Movie | THE BEAST FAMILY",The Beast Family,7293637,5.72,https://www.youtube.com/watch?v=duQs_XQyzCY,https://i.ytimg.com/vi/duQs_XQyzCY/maxresdefault.jpg
layla,layla,We Can't Believe This Happened to Layla! 😢😥😭🤕 | THE BEAST FAMILY,The Beast Family,3295603,2.58,https://www.youtube.com/watch?v=AXPBQJlrhms,https://i.ytimg.com/vi/AXPBQJlrhms/maxresdefault.jpg
travel,travel back to america,Can I Travel Back to America with €0.01?,Ryan Trahan,43925058,4.35,https://www.youtube.com/watch?v=guXTAOcrZaY,https://i.ytimg.com/vi/guXTAOcrZaY/maxresdefault.jpg
travel,travel,3 Time Travel Horror Stories,Dr. NoSleep Podcast,42079,2.3,https://www.youtube.com/watch?v=a8seMznpEX4,https://i.ytimg.com/vi/a8seMznpEX4/maxresdefault.jpg
midnight,midnight,The Hotel On The Edge Of Town Only Appears At Midnight,Dr. NoSleep Podcast,76515,4.17,https://www.youtube.com/watch?v=SOAYw14PmJg,https://i.ytimg.com/vi/SOAYw14PmJg/maxresdefault.jpg
midnight,midnight watchman,Fifteen Rules For The Midnight Watchman,Dr. NoSleep Podcast,75847,4.14,https://www.youtube.com/watch?v=XcOEWckvS9U,https://i.ytimg.com/vi/XcOEWckvS9U/maxresdefault.jpg
far,far cartoon animation,CATNAP: The Story So Far... (Cartoon Animation),GameToons,16399799,5.15,https://www.youtube.com/watch?v=gQFafqJPHjk,https://i.ytimg.com/vi/gQFafqJPHjk/maxresdefault.jpg
far,far cartoon animation,RAINBOW FRIENDS Chapter 2: The Story So Far... (Cartoon Animation),GameToons,7056718,2.21,https://www.youtube.com/watch?v=-KOaMQsxmi4,https://i.ytimg.com/vi/-KOaMQsxmi4/maxresdefault.jpg
far,far,My Jealous Sister Went Too Far,MSA,33489893,2.14,https://www.youtube.com/watch?v=I0D_8J89Wyw,https://i.ytimg.com/vi/I0D_8J89Wyw/maxresdefault.jpg
content,content,FOUND FOOTAGE fuels decades long MYSTERY (*WARNING GRAPHIC CONTENT*),MrBallen,16600770,6.21,https://www.youtube.com/watch?v=OMBxxvd64qk,https://i.ytimg.com/vi/OMBxxvd64qk/maxresdefault.jpg
content,content,Top 3 Strange But True | DEATH'S door (*DISTRESSING CONTENT*),MrBallen,5479523,2.05,https://www.youtube.com/watch?v=S7VtahvTLH4,https://i.ytimg.com/vi/S7VtahvTLH4/maxresdefault.jpg
free,free store,"$1 vs $1,000,000 Free Store!",Unspeakable,45253492,3.68,https://www.youtube.com/watch?v=XxfwM5wTiM4,https://i.ytimg.com/vi/XxfwM5wTiM4/maxresdefault.jpg
free,free,I Want To Be Free,MSA,45340370,2.9,https://www.youtube.com/watch?v=CrnXeaPxXMA,https://i.ytimg.com/vi/CrnXeaPxXMA/maxresdefault.jpg
many days,many days can i double,How Many Days Can I Double $1?,Ryan Trahan,28157230,2.79,https://www.youtube.com/watch?v=S0OHw58IjJk,https://i.ytimg.com/vi/S0OHw58IjJk/maxresdefault.jpg
many days,many days can i secretly,How Many Days Can I Secretly Live In a Grocery Store?,Airrack,22626850,2.19,https://www.youtube.com/watch?v=wn-deqrkNP8,https://i.ytimg.com/vi/wn-deqrkNP8/maxresdefault.jpg
many days,many days can i survive,How Many Days Can I Survive an Abandoned Mall?,Ryan Trahan,21551258,2.14,https://www.youtube.com/watch?v=DpzLLyo0F8k,https://i.ytimg.com/vi/DpzLLyo0F8k/maxresdefault.jpg
reject,reject sprunki cartoon animation,GRAY: The REJECT SPRUNKI... (Cartoon Animation),GameToons,19489822,6.12,https://www.youtube.com/watch?v=0u-E9M-7ZwE,https://i.ytimg.com/vi/0u-E9M-7ZwE/maxresdefault.jpg
reject,reject critter cartoon animation,The TRUE Story of the REJECT CRITTER... (Cartoon Animation),GameToons,6604133,2.07,https://www.youtube.com/watch?v=Hfq-6v5K0XA,https://i.ytimg.com/vi/Hfq-6v5K0XA/maxresdefault.jpg
military,military husband after losing,Wife DIVORCES Military Husband After LOSING HIS LEGS!!!! Shocking Ending!!!!,Life Lessons With Luis,8456623,4.41,https://www.youtube.com/watch?v=mBfsKSnMQqs,https://i.ytimg.com/vi/mBfsKSnMQqs/maxresdefault.jpg
military,military veteran,RACIST COP Arrests BLACK Military Veteran: YOU WON'T BELIEVE WHAT HE DOES!!!!,Life Lessons With Luis,7245857,3.78,https://www.youtube.com/watch?v=AakUbWzzfkk,https://i.ytimg.com/vi/AakUbWzzfkk/maxresdefault.jpg
lied,lied to for years,I've Been Lied To For YEARS,Story Time Animated,2472062,3.25,https://www.youtube.com/watch?v=mL0SqC7iYLs,https://i.ytimg.com/vi/mL0SqC7iYLs/maxresdefault.jpg
lied,lied about my blindness,My Parents LIED About My Blindness Until I Found The Dark Truth,Story Time Animated,1659887,2.18,https://www.youtube.com/watch?v=SFkxspWIsSY,https://i.ytimg.com/vi/SFkxspWIsSY/maxresdefault.jpg
lied,lied,100 Myths Your Parents LIED About..,Stokes Twins,110396321,2.15,https://www.youtube.com/watch?v=5r1TQOTumKM,https://i.ytimg.com/vi/5r1TQOTumKM/maxresdefault.jpg
worth,worth millions,"I Need To Protect My Beauty, It's Worth Millions",Story Time Animated,3648833,4.8,https://www.youtube.com/watch?v=-RKucZfHfK0,https://i.ytimg.com/vi/-RKucZfHfK0/maxresdefault.jpg
worth,worth more than gold,My Hair Is Worth More Than Gold,Story Time Animated,2563748,3.37,https://www.youtube.com/watch?v=tS3_mnCr68k,https://i.ytimg.com/vi/tS3_mnCr68k/maxresdefault.jpg
pull,pull over powerful black,Hillbilly Cops Pull Over Powerful Black Judge for Driving While Black. Then This Happens,SoulSnack,3402990,5.4,https://www.youtube.com/watch?v=VmR2KaMlo_o,https://i.ytimg.com/vi/VmR2KaMlo_o/maxresdefault.jpg
pull,pull over black police,Cowboy Cops Pull Over Black Police Captain. Then This Happens,SoulSnack,1692589,2.69,https://www.youtube.com/watch?v=bpjlgwxJQ6w,https://i.ytimg.com/vi/bpjlgwxJQ6w/maxresdefault.jpg
fun,fun ft boyinaband,Life is Fun - Ft. Boyinaband (Official Music Video),TheOdd1sOut,184761077,4.42,https://www.youtube.com/watch?v=CAb_bCtKuXg,https://i.ytimg.com/vi/CAb_bCtKuXg/maxresdefault.jpg
fun,fun,Man Records His Wife “Having Fun” | @DramatizeMe,DramatizeMe,1679526,2.04,https://www.youtube.com/watch?v=2tjft_aNwdw,https://i.ytimg.com/vi/2tjft_aNwdw/maxresdefault.jpg
missing,missing persons,5 Disturbing Recordings Left by Missing Persons,Chilling Scares,9139236,2.81,https://www.youtube.com/watch?v=CWipxBgwVPQ,https://i.ytimg.com/vi/CWipxBgwVPQ/maxresdefault.jpg
missing,missing persons edition,Top 5 Bingeable SCARY STORIES • MISSING Persons Edition,MrBallen,5749930,2.15,https://www.youtube.com/watch?v=hwtXGiWSkQY,https://i.ytimg.com/vi/hwtXGiWSkQY/hqdefault.jpg
missing,missing person cases top,Extremely Distressing Missing Person Cases | TOP 3,MrBallen,5682327,2.13,https://www.youtube.com/watch?v=RsKSqWj3HpQ,https://i.ytimg.com/vi/RsKSqWj3HpQ/hqdefault.jpg
thinks,thinks i'm a barbie,My Boyfriend Thinks I'm A Barbie Doll,Story Time Animated,3911070,5.15,https://www.youtube.com/watch?v=hMD-Qrcx8g0,https://i.ytimg.com/vi/hMD-Qrcx8g0/maxresdefault.jpg
thinks,thinks i m,"My Mom Thinks I’m an Angel, but I’m Actually EVIL",Story Time Animated,2199952,2.89,https://www.youtube.com/watch?v=tysS4PDcA80,https://i.ytimg.com/vi/tysS4PDcA80/maxresdefault.jpg
millions,millions,"I Need To Protect My Beauty, It's Worth Millions",Story Time Animated,3648833,4.8,https://www.youtube.com/watch?v=-RKucZfHfK0,https://i.ytimg.com/vi/-RKucZfHfK0/maxresdefault.jpg
millions,millions and instantly regretted,My Dad Abandoned Us for Millions and Instantly Regretted It,Story Time Animated,1627062,2.14,https://www.youtube.com/watch?v=VBw3tkmIvGg,https://i.ytimg.com/vi/VBw3tkmIvGg/maxresdefault.jpg
millions,millions i b supermariologan,Turns PUPPETS Into MILLIONS (I/B SuperMarioLogan) | Dhar Mann Studios,Dhar Mann Studios,11237428,2.11,https://www.youtube.com/watch?v=YgqgIqMK-g8,https://i.ytimg.com/vi/YgqgIqMK-g8/maxresdefault.jpg
sleepovers,sleepovers,Sleepovers (ft. Haminations),Infamous Swoosh,12295725,3.46,https://www.youtube.com/watch?v=QECQ3zUkghI,https://i.ytimg.com/vi/QECQ3zUkghI/maxresdefault.jpg
sleepovers,sleepovers,Types of People at Sleepovers,Tyler Vitelli,2622901,2.95,https://www.youtube.com/watch?v=fzcYp4t9U3k,https://i.ytimg.com/vi/fzcYp4t9U3k/hqdefault.jpg
kid's,kid's bbq,Crazy Karen Ruins Kid's BBQ Party. Then This Happens.,SoulSnack,3151365,5.0,https://www.youtube.com/watch?v=8LZD3muWfyE,https://i.ytimg.com/vi/8LZD3muWfyE/maxresdefault.jpg
kid's,kid's girl,New Cool Kid STEALS SHY KID'S Girl | Dhar Mann Studios,Dhar Mann Studios,11314407,2.12,https://www.youtube.com/watch?v=ruMqtIASAww,https://i.ytimg.com/vi/ruMqtIASAww/maxresdefault.jpg
kid's,kid's dreadlocks,Evil Barber Cuts Black Kid's DreadLocks Off On Purpose. Then This Happens.,SoulSnack,1276606,2.03,https://www.youtube.com/watch?v=EKfAqbneqj4,https://i.ytimg.com/vi/EKfAqbneqj4/maxresdefault.jpg
trusted,trusted employee crosses,A Trusted Employee Crosses a Dangerous Line | Scripted Drama,Sameer Bhavnani,3133568,5.75,https://www.youtube.com/watch?v=sQC39Um-Ac8,https://i.ytimg.com/vi/sQC39Um-Ac8/maxresdefault.jpg
trusted,trusted person crosses,A Trusted Person Crosses the Line | Scripted Drama,Sameer Bhavnani,1180138,2.17,https://www.youtube.com/watch?v=CrrUTuEosB8,https://i.ytimg.com/vi/CrrUTuEosB8/maxresdefault.jpg
rules,rules for midnight,Fifteen Rules For The Midnight Watchman,Dr. NoSleep Podcast,75847,4.14,https://www.youtube.com/watch?v=XcOEWckvS9U,https://i.ytimg.com/vi/XcOEWckvS9U/maxresdefault.jpg
rules,rules to follow,"I Took a Job as a Security Officer at Area 51, I Found a Strange Set of Rules to Follow",Dr. NoSleep Podcast,69228,3.78,https://www.youtube.com/watch?v=s4XJnbZBOqs,https://i.ytimg.com/vi/s4XJnbZBOqs/maxresdefault.jpg
ugly,ugly,Boy HIDES HIS FACE After Crush Calls Him UGLY,Illumeably,2864453,4.86,https://www.youtube.com/watch?v=1hEGX_MObhc,https://i.ytimg.com/vi/1hEGX_MObhc/maxresdefault.jpg
ugly,ugly girl becomes beautiful,Ugly Girl Becomes Beautiful Overnight | Alan’s Universe,Alan's Universe,69601631,2.11,https://www.youtube.com/watch?v=Pd_zn1f-ax8,https://i.ytimg.com/vi/Pd_zn1f-ax8/maxresdefault.jpg
ugly,ugly boy becomes handsome,Ugly Boy Becomes Handsome Overnight | Alan’s Universe,Alan's Universe,68041981,2.06,https://www.youtube.com/watch?v=hPIcEynU2Xk,https://i.ytimg.com/vi/hPIcEynU2Xk/maxresdefault.jpg
may,may 2022,19 TRUE HORROR STORIES ANIMATED (COMPILATION OF MAY 2022),IMR Scary Tales,1723187,4.91,https://www.youtube.com/watch?v=ZT7XDwZ0r2w,https://i.ytimg.com/vi/ZT7XDwZ0r2w/maxresdefault.jpg
may,may 2023,30 Unbelievable Horror Stories Animated (Compilation of May 2023),IMR Scary Tales,1046740,2.98,https://www.youtube.com/watch?v=4pQBCNAA5Dw,https://i.ytimg.com/vi/4pQBCNAA5Dw/maxresdefault.jpg
disturbing forest encounters,disturbing forest encounters caught on camera,6 Most Disturbing Forest Encounters Caught on Camera,Chilling Scares,10407426,3.2,https://www.youtube.com/watch?v=m8p3CXj2Wyc,https://i.ytimg.com/vi/m8p3CXj2Wyc/maxresdefault.jpg
disturbing forest encounters,disturbing forest encounters caught on camera,6 Most Disturbing Forest Encounters Caught on Camera,Chilling Scares,8544024,2.63,https://www.youtube.com/watch?v=xzRPxmF6PHE,https://i.ytimg.com/vi/xzRPxmF6PHE/maxresdefault.jpg
disturbing forest encounters,disturbing forest encounters caught on camera,6 Most Disturbing Forest Encounters Caught on Camera,Chilling Scares,7565534,2.32,https://www.youtube.com/watch?v=cweBJSGeNiE,https://i.ytimg.com/vi/cweBJSGeNiE/maxresdefault.jpg
doorman,doorman,Man Mistaken For Doorman | @DramatizeMe,DramatizeMe,6494409,7.88,https://www.youtube.com/watch?v=akBeRTi4qIs,https://i.ytimg.com/vi/akBeRTi4qIs/maxresdefault.jpg
secretly lived,secretly lived at youtuber houses,I Secretly Lived at YouTuber Houses!,Ben Azelart,77873340,2.77,https://www.youtube.com/watch?v=A3jcE9ruVzE,https://i.ytimg.com/vi/A3jcE9ruVzE/maxresdefault.jpg
secretly lived,secretly lived in kai cenat's,I Secretly Lived In Kai Cenat's House,Airrack,21733268,2.1,https://www.youtube.com/watch?v=jq1qecZ7UNw,https://i.ytimg.com/vi/jq1qecZ7UNw/maxresdefault.jpg
secretly lived,secretly lived in mrbeast's house,I Secretly Lived In MrBeast's House,Airrack,21525639,2.08,https://www.youtube.com/watch?v=CPOaelxGivM,https://i.ytimg.com/vi/CPOaelxGivM/maxresdefault.jpg
dumps,dumps poor boyfriend,"Girlfriend Brutally Dumps Poor Boyfriend For Rich Man, Ending Is Shocking | Illumeably",Illumeably,1389673,2.36,https://www.youtube.com/watch?v=hEC3XCHoujs,https://i.ytimg.com/vi/hEC3XCHoujs/maxresdefault.jpg
dumps,dumps her poor guy,"GOLD DIGGER Dumps Her POOR GUY, She Lives To Regret It | Illumeably",Illumeably,1234543,2.09,https://www.youtube.com/watch?v=2gZuGKTJxcY,https://i.ytimg.com/vi/2gZuGKTJxcY/maxresdefault.jpg
dumps,dumps,Angry Karen Sells Her Ex Boyfriends Expensive Bike After He Dumps Her. Then This Happens,SoulSnack,1289072,2.05,https://www.youtube.com/watch?v=X-FYy7Ag5B4,https://i.ytimg.com/vi/X-FYy7Ag5B4/maxresdefault.jpg
brings,brings drunk girl home,Man Brings Drunk Girl Home | @DramatizeMe,DramatizeMe,3511745,4.26,https://www.youtube.com/watch?v=6fR5686uN-I,https://i.ytimg.com/vi/6fR5686uN-I/maxresdefault.jpg
brings,brings drug dealer home,"Daughter Brings DRUG DEALER Home FOR CHRISTMAS, What Happens Is Shocking | Illumeably",Illumeably,1186632,2.01,https://www.youtube.com/watch?v=UWgnvzdMjeA,https://i.ytimg.com/vi/UWgnvzdMjeA/maxresdefault.jpg
trap,trap for a married,Girls Set A Trap For A Married Man | @DramatizeMe,DramatizeMe,3191074,3.87,https://www.youtube.com/watch?v=T3JdCb-Aa4c,https://i.ytimg.com/vi/T3JdCb-Aa4c/maxresdefault.jpg
trap,trap,World's Most Dangerous Trap!,MrBeast,362883680,2.4,https://www.youtube.com/watch?v=3OFj6l2tQ9s,https://i.ytimg.com/vi/3OFj6l2tQ9s/maxresdefault.jpg
kid builds,kid builds secret tunnel,Kid BUILDS SECRET TUNNEL To ESCAPE SCHOOL - Jay's World S3 E03 | Dhar Mann Studios,Dhar Mann Studios,13872534,2.6,https://www.youtube.com/watch?v=bA2h2lj3Ilc,https://i.ytimg.com/vi/bA2h2lj3Ilc/maxresdefault.jpg
kid builds,kid builds secret nightclub,Kid BUILDS SECRET NIGHTCLUB At Mom's Work - Jay's World S3 E02 | Dhar Mann Studios,Dhar Mann Studios,13853735,2.6,https://www.youtube.com/watch?v=LiYjZ_GMIKI,https://i.ytimg.com/vi/LiYjZ_GMIKI/maxresdefault.jpg
kid builds,kid builds waterpark in house,Kid BUILDS WATERPARK IN HOUSE - Jay's World S3 E04 | Dhar Mann Studios,Dhar Mann Studios,12396822,2.32,https://www.youtube.com/watch?v=uVDdIP2n7hs,https://i.ytimg.com/vi/uVDdIP2n7hs/maxresdefault.jpg
jay's world,jay's world s3 e03,Kid BUILDS SECRET TUNNEL To ESCAPE SCHOOL - Jay's World S3 E03 | Dhar Mann Studios,Dhar Mann Studios,13872534,2.6,https://www.youtube.com/watch?v=bA2h2lj3Ilc,https://i.ytimg.com/vi/bA2h2lj3Ilc/maxresdefault.jpg
jay's world,jay's world s3 e02,Kid BUILDS SECRET NIGHTCLUB At Mom's Work - Jay's World S3 E02 | Dhar Mann Studios,Dhar Mann Studios,13853735,2.6,https://www.youtube.com/watch?v=LiYjZ_GMIKI,https://i.ytimg.com/vi/LiYjZ_GMIKI/maxresdefault.jpg
jay's world,jay's world s3 e04,Kid BUILDS WATERPARK IN HOUSE - Jay's World S3 E04 | Dhar Mann Studios,Dhar Mann Studios,12396822,2.32,https://www.youtube.com/watch?v=uVDdIP2n7hs,https://i.ytimg.com/vi/uVDdIP2n7hs/maxresdefault.jpg
lying,lying she lives,"SNEAKY Girl KEEPS LYING, She Lives To Regret It | The Beast Family",The Beast Family,4341508,3.4,https://www.youtube.com/watch?v=a2RHMmyZ9Lo,https://i.ytimg.com/vi/a2RHMmyZ9Lo/maxresdefault.jpg
lying,lying in public,I Caught Strangers Lying In Public,Airrack,29081464,2.81,https://www.youtube.com/watch?v=PJqlSJ8pzy8,https://i.ytimg.com/vi/PJqlSJ8pzy8/maxresdefault.jpg
april,april 2023,20 Bone-chilling Horror Stories (Compilation of April 2023),Dr. NoSleep Podcast,57725,3.15,https://www.youtube.com/watch?v=nFIYx7F5kJg,https://i.ytimg.com/vi/nFIYx7F5kJg/maxresdefault.jpg
april,april 2022,18 TRUE HORROR STORIES ANIMATED (COMPILATION OF APRIL 2022),IMR Scary Tales,1074776,3.06,https://www.youtube.com/watch?v=lUar0ffEox4,https://i.ytimg.com/vi/lUar0ffEox4/maxresdefault.jpg
murdered,murdered,MrBeast Was Murdered..,Stokes Twins,206656812,4.03,https://www.youtube.com/watch?v=Vhlwk1HcFdI,https://i.ytimg.com/vi/Vhlwk1HcFdI/maxresdefault.jpg
murdered,murdered,My Twin Brother Was MURDERED…,Stokes Twins,132474793,2.58,https://www.youtube.com/watch?v=P8gXGWH49ao,https://i.ytimg.com/vi/P8gXGWH49ao/maxresdefault.jpg
murdered,murdered,I Was MURDERED…,Stokes Twins,130124272,2.54,https://www.youtube.com/watch?v=Ls5yMv96vXo,https://i.ytimg.com/vi/Ls5yMv96vXo/maxresdefault.jpg
field,field in my house,I Built a SECRET Soccer Field in My House!,Ben Azelart,92780114,3.3,https://www.youtube.com/watch?v=7K9jWptv61M,https://i.ytimg.com/vi/7K9jWptv61M/maxresdefault.jpg
field,field trip,3 True Scary Field Trip Horror Stories,Mr. Nightmare,8765057,2.88,https://www.youtube.com/watch?v=TIkdOo1vud4,https://i.ytimg.com/vi/TIkdOo1vud4/hqdefault.jpg
giant,giant warship battle loser,GIANT WARSHIP BATTLE! (Loser Gets Taped to a Column),Dude Perfect,113231927,2.3,https://www.youtube.com/watch?v=rdfC6XwXTW0,https://i.ytimg.com/vi/rdfC6XwXTW0/maxresdefault.jpg
giant,giant pit,Train Vs Giant Pit,MrBeast,311617009,2.06,https://www.youtube.com/watch?v=fuhE6PYnRMc,https://i.ytimg.com/vi/fuhE6PYnRMc/maxresdefault.jpg
giant,giant sumo battle,Can Coby FINALLY Win? GIANT SUMO BATTLE,Dude Perfect,98804688,2.01,https://www.youtube.com/watch?v=th2T6rygqNU,https://i.ytimg.com/vi/th2T6rygqNU/maxresdefault.jpg
happy,happy are extinct,10 Nightmarish Animals you will be Happy are Extinct,Mr. Nightmare,11658095,3.83,https://www.youtube.com/watch?v=0S7PGwKJ2SM,https://i.ytimg.com/vi/0S7PGwKJ2SM/hqdefault.jpg
happy,happy,PRANKING OUR DAD! Dad Was Not Happy! | THE BEAST FAMILY,The Beast Family,2990770,2.34,https://www.youtube.com/watch?v=xTjRA0b-hkg,https://i.ytimg.com/vi/xTjRA0b-hkg/maxresdefault.jpg
fear,fear,I LITERALLY Can’t Feel Fear,Story Time Animated,2584049,3.4,https://www.youtube.com/watch?v=8PyP3nvIM-U,https://i.ytimg.com/vi/8PyP3nvIM-U/maxresdefault.jpg
fear,fear to win 800,"Face Your Biggest Fear To Win $800,000",MrBeast,412815855,2.74,https://www.youtube.com/watch?v=KOEfDvr4DcQ,https://i.ytimg.com/vi/KOEfDvr4DcQ/maxresdefault.jpg
gold,gold,Everything I Touch Turns Into Gold,Story Time Animated,3270243,4.3,https://www.youtube.com/watch?v=_WAsrf_GfH4,https://i.ytimg.com/vi/_WAsrf_GfH4/maxresdefault.jpg
gold,gold,My Hair Is Worth More Than Gold,Story Time Animated,2563748,3.37,https://www.youtube.com/watch?v=tS3_mnCr68k,https://i.ytimg.com/vi/tS3_mnCr68k/maxresdefault.jpg
children,children,Angry Old White Man Tries to Steal iPhone 13 from Small Children,SoulSnack,3205346,5.09,https://www.youtube.com/watch?v=EGszMYq8OMI,https://i.ytimg.com/vi/EGszMYq8OMI/maxresdefault.jpg
children,children,Racist Neighbor Calls Cops on Two Black Children,SoulSnack,1595493,2.53,https://www.youtube.com/watch?v=QZtUTu3gcNg,https://i.ytimg.com/vi/QZtUTu3gcNg/maxresdefault.jpg
parent,parent chooses favorite child,"Parent CHOOSES FAVORITE CHILD, Family Lives To Regret It | The Beast Family",The Beast Family,5033940,3.94,https://www.youtube.com/watch?v=g-AD_j1Zdjk,https://i.ytimg.com/vi/g-AD_j1Zdjk/maxresdefault.jpg
parent,parent leaves black burn,Foster Parent Leaves Black Burn Victim In Hot Car. Then This Happens,SoulSnack,1366914,2.17,https://www.youtube.com/watch?v=-1QxpX5w9Xo,https://i.ytimg.com/vi/-1QxpX5w9Xo/maxresdefault.jpg
faking,faking pregnant,Karen Thrown OFF Plane for FAKING Pregnant.,Totally Studios,10712605,7.6,https://www.youtube.com/watch?v=CiXa-qB30wo,https://i.ytimg.com/vi/CiXa-qB30wo/maxresdefault.jpg
marry,marry her son,Mom Invites Four Girls To Marry Her Son | @DramatizeMe,DramatizeMe,3290416,3.99,https://www.youtube.com/watch?v=mUe99wSXdLA,https://i.ytimg.com/vi/mUe99wSXdLA/maxresdefault.jpg
marry,marry for money,Mom Forces DAUGHTER MARRY For MONEY! | Dhar Mann Studios,Dhar Mann Studios,11096315,2.08,https://www.youtube.com/watch?v=0eal3y2WIYQ,https://i.ytimg.com/vi/0eal3y2WIYQ/maxresdefault.jpg
craigslist,craigslist,3 True Craigslist Horror Stories,Mr. Nightmare,8908638,2.93,https://www.youtube.com/watch?v=eJOdvWxW7Cc,https://i.ytimg.com/vi/eJOdvWxW7Cc/hqdefault.jpg
craigslist,craigslist stories volume,4 More Scary Craigslist Horror Stories (Volume 3),Mr. Nightmare,7696279,2.53,https://www.youtube.com/watch?v=V0EAFA0Ethk,https://i.ytimg.com/vi/V0EAFA0Ethk/hqdefault.jpg
craigslist,craigslist stories vol,3 Disturbing True Craigslist Horror Stories - Vol. 5,Mr. Nightmare,6356076,2.09,https://www.youtube.com/watch?v=xrf2adnAKv0,https://i.ytimg.com/vi/xrf2adnAKv0/maxresdefault.jpg
disturbing abandoned building,disturbing abandoned building encounters caught,6 Most Disturbing Abandoned Building Encounters Caught on Camera,Chilling Scares,8719296,2.68,https://www.youtube.com/watch?v=_HAYXIxQ3Ew,https://i.ytimg.com/vi/_HAYXIxQ3Ew/maxresdefault.jpg
disturbing abandoned building,disturbing abandoned building encounters caught,6 Most Disturbing Abandoned Building Encounters Caught on Camera,Chilling Scares,8224052,2.53,https://www.youtube.com/watch?v=ZUrb9ouOdUo,https://i.ytimg.com/vi/ZUrb9ouOdUo/maxresdefault.jpg
disturbing abandoned building,disturbing abandoned building encounters caught,6 Most Disturbing Abandoned Building Encounters Caught on Camera,Chilling Scares,7693966,2.36,https://www.youtube.com/watch?v=HKwftYuMoso,https://i.ytimg.com/vi/HKwftYuMoso/maxresdefault.jpg
volume,volume,10 More Disturbing True Stories (Volume 2),Mr. Nightmare,8068545,2.65,https://www.youtube.com/watch?v=LIpgF2wtXSg,https://i.ytimg.com/vi/LIpgF2wtXSg/hqdefault.jpg
volume,volume,3 Scary TRUE Pizza Delivery Horror Stories (Volume 2),Mr. Nightmare,6320808,2.08,https://www.youtube.com/watch?v=YnyFs2OJ8Ms,https://i.ytimg.com/vi/YnyFs2OJ8Ms/hqdefault.jpg
volume,volume 3,4 More Scary Craigslist Horror Stories (Volume 3),Mr. Nightmare,7696279,2.53,https://www.youtube.com/watch?v=V0EAFA0Ethk,https://i.ytimg.com/vi/V0EAFA0Ethk/hqdefault.jpg
realtor,realtor rejects black billionaire,Racist Realtor Rejects Black Billionaire. Lives To Regret It,SoulSnack,3132748,4.97,https://www.youtube.com/watch?v=gz4dT7D1suw,https://i.ytimg.com/vi/gz4dT7D1suw/maxresdefault.jpg
realtor,realtor and black client,Racist Neighbor Karen Calls Police on Black Realtor and Black Client,SoulSnack,1605826,2.55,https://www.youtube.com/watch?v=EDOWXV14OAc,https://i.ytimg.com/vi/EDOWXV14OAc/maxresdefault.jpg
attempted,attempted my first pokemon,I Attempted my First Pokemon Nuzlocke,JaidenAnimations,100070817,4.49,https://www.youtube.com/watch?v=plSyrHqUh78,https://i.ytimg.com/vi/plSyrHqUh78/maxresdefault.jpg
attempted,attempted a pokemon platinum,I Attempted a Pokemon Platinum Nuzlocke,JaidenAnimations,66854701,3.0,https://www.youtube.com/watch?v=ejys3sT2LHw,https://i.ytimg.com/vi/ejys3sT2LHw/maxresdefault.jpg
nuzlocke,nuzlocke,I Attempted my First Pokemon Nuzlocke,JaidenAnimations,100070817,4.49,https://www.youtube.com/watch?v=plSyrHqUh78,https://i.ytimg.com/vi/plSyrHqUh78/maxresdefault.jpg
nuzlocke,nuzlocke,I Attempted a Pokemon Platinum Nuzlocke,JaidenAnimations,66854701,3.0,https://www.youtube.com/watch?v=ejys3sT2LHw,https://i.ytimg.com/vi/ejys3sT2LHw/maxresdefault.jpg
clothes,clothes,Taxi Rips Girl's Clothes | @DramatizeMe,DramatizeMe,3109758,3.77,https://www.youtube.com/watch?v=MC78mE5osx8,https://i.ytimg.com/vi/MC78mE5osx8/maxresdefault.jpg
clothes,clothes,Buying Clothes,TheOdd1sOut,93559547,2.24,https://www.youtube.com/watch?v=sRz0WRaQwmw,https://i.ytimg.com/vi/sRz0WRaQwmw/maxresdefault.jpg
fakes,fakes as homeless,Billionaire FAKES As HOMELESS To Catch Cheaters,Illumeably,2196975,3.73,https://www.youtube.com/watch?v=bKXmQtDDES0,https://i.ytimg.com/vi/bKXmQtDDES0/maxresdefault.jpg
fakes,fakes dying to skip,Kid FAKES Dying to SKIP School. Does He Get Caught?,Totally Studios,3198958,2.27,https://www.youtube.com/watch?v=FYuTGv2xIhc,https://i.ytimg.com/vi/FYuTGv2xIhc/maxresdefault.jpg
phone,phone,Teacher Accuses 7 Year Old Black Girl Of Stealing Her Phone,SoulSnack,2381697,3.78,https://www.youtube.com/watch?v=W3CsaFd3h9A,https://i.ytimg.com/vi/W3CsaFd3h9A/maxresdefault.jpg
phone,phone surprising,DESTROYING My Grandma's PHONE & SURPRISING Her with New iPHONE 13! (SHE CRIED),The Royalty Family,37415024,2.2,https://www.youtube.com/watch?v=feCr6_27ZrU,https://i.ytimg.com/vi/feCr6_27ZrU/maxresdefault.jpg
homes,homes,I Stayed in Luxury Tiny Homes,Ryan Trahan,36563373,3.62,https://www.youtube.com/watch?v=INQw5iRweUI,https://i.ytimg.com/vi/INQw5iRweUI/maxresdefault.jpg
homes,homes you won,4 YouTuber Homes You Won’t Believe Exist!,Stokes Twins,120845757,2.35,https://www.youtube.com/watch?v=WjQMBILy7q4,https://i.ytimg.com/vi/WjQMBILy7q4/maxresdefault.jpg
sitter,sitter or karen thrown,"Kids Want KAREN KICKED OFF a Plane. Are the Kids, their Sitter, or Karen Thrown Off?",Totally Studios,10495065,7.45,https://www.youtube.com/watch?v=vZH-z99uRas,https://i.ytimg.com/vi/vZH-z99uRas/maxresdefault.jpg
thrown,thrown,"Kids Want KAREN KICKED OFF a Plane. Are the Kids, their Sitter, or Karen Thrown Off?",Totally Studios,10495065,7.45,https://www.youtube.com/watch?v=vZH-z99uRas,https://i.ytimg.com/vi/vZH-z99uRas/maxresdefault.jpg
halloween,halloween,8 True Halloween Horror Stories to Make Your Skin Crawl ~ (feat. MrCreepyPasta),Mr. Nightmare,10545848,3.46,https://www.youtube.com/watch?v=9APviCvTGqU,https://i.ytimg.com/vi/9APviCvTGqU/hqdefault.jpg
halloween,halloween candy,Kids Eat TOO MUCH HALLOWEEN CANDY on a Plane with Stepmom. The Ending is a Surprise. Totally Studios,Totally Studios,3523348,2.5,https://www.youtube.com/watch?v=u2S-IE9AVWI,https://i.ytimg.com/vi/u2S-IE9AVWI/maxresdefault.jpg
karen steals,karen steals playstation 5,Karen STEALS PLAYSTATION 5 from KID. Does He Get the PS5 Back at the End or Instantly Regret It?,Totally Studios,4555069,3.23,https://www.youtube.com/watch?v=_F5NL-W5Kfk,https://i.ytimg.com/vi/_F5NL-W5Kfk/maxresdefault.jpg
karen steals,karen steals playstation 5,Crazy Entitled Karen Steals PlayStation 5 From Black Kids. Then This Happens,SoulSnack,1722958,2.73,https://www.youtube.com/watch?v=jQbBSw6z1ns,https://i.ytimg.com/vi/jQbBSw6z1ns/maxresdefault.jpg
thief,thief,Crazy Karen Calls Cops on Black Neighbor Moving Out. Claims He's a thief. Then This Happens,SoulSnack,1901497,3.02,https://www.youtube.com/watch?v=hcbZoBq1Kz8,https://i.ytimg.com/vi/hcbZoBq1Kz8/maxresdefault.jpg
thief,thief,Blind Girl Outsmarted The Thief | @DramatizeMe,DramatizeMe,2412091,2.93,https://www.youtube.com/watch?v=KlqeUYTLW-E,https://i.ytimg.com/vi/KlqeUYTLW-E/maxresdefault.jpg
tank,tank,I Turned my Bed into a Fish Tank!,Ben Azelart,89716426,3.19,https://www.youtube.com/watch?v=GOUG2xcDwsc,https://i.ytimg.com/vi/GOUG2xcDwsc/maxresdefault.jpg
tank,tank challenge 24 hours,OVERNIGHT In My TANK Challenge! 24 HOURS,Unspeakable,33862622,2.75,https://www.youtube.com/watch?v=uwS5-YcNyGI,https://i.ytimg.com/vi/uwS5-YcNyGI/maxresdefault.jpg
use,use chocolate,50 Ways To Use Chocolate,Nick DiGiovanni,169922392,4.93,https://www.youtube.com/watch?v=jOjJY3xEI8o,https://i.ytimg.com/vi/jOjJY3xEI8o/maxresdefault.jpg
use,use a watermelon,50 Ways To Use A Watermelon,Nick DiGiovanni,82490384,2.4,https://www.youtube.com/watch?v=eUQZcXrciRA,https://i.ytimg.com/vi/eUQZcXrciRA/maxresdefault.jpg
cave,cave spider roller coaster,Cave Spider Roller Coaster - Animation vs. Minecraft Shorts Ep. 14,Alan Becker,535325166,7.3,https://www.youtube.com/watch?v=pCBP4M08ndE,https://i.ytimg.com/vi/pCBP4M08ndE/maxresdefault.jpg
spider,spider roller coaster animation,Cave Spider Roller Coaster - Animation vs. Minecraft Shorts Ep. 14,Alan Becker,535325166,7.3,https://www.youtube.com/watch?v=pCBP4M08ndE,https://i.ytimg.com/vi/pCBP4M08ndE/maxresdefault.jpg
animals,animals,10 Nightmarish Animals you will be Happy are Extinct,Mr. Nightmare,11658095,3.83,https://www.youtube.com/watch?v=0S7PGwKJ2SM,https://i.ytimg.com/vi/0S7PGwKJ2SM/hqdefault.jpg
animals,animals,My Childhood Obsession with Animals,JaidenAnimations,45078890,2.02,https://www.youtube.com/watch?v=6E94j0Goo8A,https://i.ytimg.com/vi/6E94j0Goo8A/maxresdefault.jpg
camera,camera footage,10 Most Disturbing Things Caught on Doorbell Camera Footage,Chilling Scares,11592800,3.56,https://www.youtube.com/watch?v=MzznUfFGcOg,https://i.ytimg.com/vi/MzznUfFGcOg/maxresdefault.jpg
camera,camera clips,12 Creepiest Doorbell Camera Clips,Mr. Nightmare,6979614,2.29,https://www.youtube.com/watch?v=qdjqCGJQVow,https://i.ytimg.com/vi/qdjqCGJQVow/maxresdefault.jpg
annoying,annoying people,GYM STEREOTYPES | The Most Annoying People at the Gym,Dude Perfect,148424712,3.01,https://www.youtube.com/watch?v=nU4EJfX2aXE,https://i.ytimg.com/vi/nU4EJfX2aXE/maxresdefault.jpg
annoying,annoying customers,Annoying Customers,TheOdd1sOut,118481814,2.84,https://www.youtube.com/watch?v=2yFCyPX3kT0,https://i.ytimg.com/vi/2yFCyPX3kT0/maxresdefault.jpg
pit,pit balls,I FILLED MY ISLAND HOUSE WITH BALL PIT BALLS!,Unspeakable,46067404,3.75,https://www.youtube.com/watch?v=E1wBTSIajBc,https://i.ytimg.com/vi/E1wBTSIajBc/maxresdefault.jpg
pit,pit,Train Vs Giant Pit,MrBeast,311617009,2.06,https://www.youtube.com/watch?v=fuhE6PYnRMc,https://i.ytimg.com/vi/fuhE6PYnRMc/maxresdefault.jpg
couch,couch a nickel,"Flipping a COUCH, a Nickel, and a GoPro!",Dude Perfect,173461100,3.52,https://www.youtube.com/watch?v=8YydogFXCPM,https://i.ytimg.com/vi/8YydogFXCPM/maxresdefault.jpg
couch,couch,I Built a SECRET Room in My Couch!,Ben Azelart,64729817,2.3,https://www.youtube.com/watch?v=UG4uBhWhCtk,https://i.ytimg.com/vi/UG4uBhWhCtk/maxresdefault.jpg
drama,drama,A Heartbreaking Decision Changes Everything | Emotional Drama,Sameer Bhavnani,2630028,4.83,https://www.youtube.com/watch?v=4wGvcwpDO9M,https://i.ytimg.com/vi/4wGvcwpDO9M/maxresdefault.jpg
drama,drama,Wife Gets Pregnant by Husband's Father! A Heartfelt Drama | Sameer Bhavnani,Sameer Bhavnani,1329964,2.44,https://www.youtube.com/watch?v=K9wpQ67kCeQ,https://i.ytimg.com/vi/K9wpQ67kCeQ/maxresdefault.jpg
august,august 2021,27 Horror Stories Animated (Compilation of August 2021),IMR Scary Tales,1625878,4.63,https://www.youtube.com/watch?v=MaZCPKCZZYU,https://i.ytimg.com/vi/MaZCPKCZZYU/maxresdefault.jpg
august,august 2023,30 True Horror Stories Animated (Compilation of August 2023) | IMR Scary Tales,IMR Scary Tales,920712,2.62,https://www.youtube.com/watch?v=D8r0kZiyWWw,https://i.ytimg.com/vi/D8r0kZiyWWw/maxresdefault.jpg
catch,catch cheaters,Billionaire FAKES As HOMELESS To Catch Cheaters,Illumeably,2196975,3.73,https://www.youtube.com/watch?v=bKXmQtDDES0,https://i.ytimg.com/vi/bKXmQtDDES0/maxresdefault.jpg
catch,catch everyone s attention,I Know EXACTLY How To Catch Everyone’s Attention,Story Time Animated,1546314,2.03,https://www.youtube.com/watch?v=IaAg7l5W9i4,https://i.ytimg.com/vi/IaAg7l5W9i4/maxresdefault.jpg
male,male student,Teacher Saves Girl From Male Student | @DramatizeMe,DramatizeMe,2949728,3.58,https://www.youtube.com/watch?v=owvQ6-TKxgM,https://i.ytimg.com/vi/owvQ6-TKxgM/maxresdefault.jpg
male,male,6 Females vs 1 Secret Male,Beta Squad,22580250,2.16,https://www.youtube.com/watch?v=60AbAymEkls,https://i.ytimg.com/vi/60AbAymEkls/maxresdefault.jpg
accident,accident,Our Son's BIG Accident,The Royalty Family,48907785,2.88,https://www.youtube.com/watch?v=7RIvq98nXvc,https://i.ytimg.com/vi/7RIvq98nXvc/maxresdefault.jpg
accident,accident saves girl,Сar Accident Saves Girl From Abuse | @DramatizeMe,DramatizeMe,2347069,2.85,https://www.youtube.com/watch?v=YXLUFamZ13M,https://i.ytimg.com/vi/YXLUFamZ13M/maxresdefault.jpg
uber,uber driver takes advantage,"An Uber Driver Takes Advantage of A Drunk Girl, Then This Happens... | Sameer Bhavnani",Sameer Bhavnani,2598121,4.77,https://www.youtube.com/watch?v=zir6uw3wycY,https://i.ytimg.com/vi/zir6uw3wycY/maxresdefault.jpg
uber,uber driver catches girlfriend,Uber Driver Catches Girlfriend CHEATING! She Lives to Regret It... | Sameer Bhavnani,Sameer Bhavnani,1304005,2.39,https://www.youtube.com/watch?v=rWnQOWY3g_g,https://i.ytimg.com/vi/rWnQOWY3g_g/maxresdefault.jpg
lemonade,lemonade stand,Crazy Karen Decides To Destroy Children's Lemonade Stand (Then This Happens),SoulSnack,2112070,3.35,https://www.youtube.com/watch?v=p6XlPoMiwkE,https://i.ytimg.com/vi/p6XlPoMiwkE/maxresdefault.jpg
lemonade,lemonade stand,I Opened Worlds Biggest Lemonade Stand,Unspeakable,28843221,2.35,https://www.youtube.com/watch?v=-v5u21kxMAQ,https://i.ytimg.com/vi/-v5u21kxMAQ/maxresdefault.jpg
stand,stand,Crazy Karen Decides To Destroy Children's Lemonade Stand (Then This Happens),SoulSnack,2112070,3.35,https://www.youtube.com/watch?v=p6XlPoMiwkE,https://i.ytimg.com/vi/p6XlPoMiwkE/maxresdefault.jpg
stand,stand,I Opened Worlds Biggest Lemonade Stand,Unspeakable,28843221,2.35,https://www.youtube.com/watch?v=-v5u21kxMAQ,https://i.ytimg.com/vi/-v5u21kxMAQ/maxresdefault.jpg
allow,allow black,Angry Old Man Doesn’t Allow Black Family Inside Their Own Home.,SoulSnack,2276926,3.61,https://www.youtube.com/watch?v=w3pG_gEehEU,https://i.ytimg.com/vi/w3pG_gEehEU/maxresdefault.jpg
allow,allow anyone,Mom won't allow anyone near me,Story Time Animated,1542026,2.03,https://www.youtube.com/watch?v=n2BYjsc-qgQ,https://i.ytimg.com/vi/n2BYjsc-qgQ/maxresdefault.jpg
salish,salish matter,Our Son's First Day Back to SCHOOL! ft/ Salish Matter,The Royalty Family,54188259,3.19,https://www.youtube.com/watch?v=-EWv6dER2Dw,https://i.ytimg.com/vi/-EWv6dER2Dw/maxresdefault.jpg
salish,salish matter,BULLIED KID Becomes A Millionaire Ft. Salish Matter | Dhar Mann Studios,Dhar Mann Studios,13062756,2.45,https://www.youtube.com/watch?v=HpsMYs9KuBM,https://i.ytimg.com/vi/HpsMYs9KuBM/maxresdefault.jpg
buttons,buttons,100 Buttons but ONLY ONE let’s you ESCAPE!,Unspeakable,46863365,3.81,https://www.youtube.com/watch?v=hJTYP7MnuHE,https://i.ytimg.com/vi/hJTYP7MnuHE/maxresdefault.jpg
buttons,buttons,LAST To LEAVE 100 Buttons But Only ONE Escapes!,Unspeakable,39460376,3.21,https://www.youtube.com/watch?v=ojA8H9lEVAQ,https://i.ytimg.com/vi/ojA8H9lEVAQ/maxresdefault.jpg
edge,edge of town,The Hotel On The Edge Of Town Only Appears At Midnight,Dr. NoSleep Podcast,76515,4.17,https://www.youtube.com/watch?v=SOAYw14PmJg,https://i.ytimg.com/vi/SOAYw14PmJg/maxresdefault.jpg
edge,edge,"Something Twisted Crawled Out from the Edge of the Universe, and It's Coming Our Way...",Dr. NoSleep Podcast,52141,2.84,https://www.youtube.com/watch?v=wyj4SsdBy9E,https://i.ytimg.com/vi/wyj4SsdBy9E/maxresdefault.jpg
disrespect,disrespect mom,"BAD Kids DISRESPECT MOM, What Happens WILL SHOCK YOU | The Beast Family",The Beast Family,4410488,3.46,https://www.youtube.com/watch?v=hx9M21Mi1Oo,https://i.ytimg.com/vi/hx9M21Mi1Oo/maxresdefault.jpg
disrespect,disrespect pregnant girl,Mom Lets Her Kid Disrespect Pregnant Girl | @DramatizeMe,DramatizeMe,1765381,2.14,https://www.youtube.com/watch?v=KnX0VDjbPnU,https://i.ytimg.com/vi/KnX0VDjbPnU/maxresdefault.jpg
basketball,basketball they live,"MEAN BOYS BULLY Little GIRL IN BASKETBALL, They Live To Regret It | The Beast Family",The Beast Family,3644573,2.86,https://www.youtube.com/watch?v=L_5ySrmO1eU,https://i.ytimg.com/vi/L_5ySrmO1eU/maxresdefault.jpg
basketball,basketball stereotypes,Pickup Basketball Stereotypes We ALL Know,Dude Perfect,134923692,2.74,https://www.youtube.com/watch?v=0gWxHFMog9w,https://i.ytimg.com/vi/0gWxHFMog9w/maxresdefault.jpg
good,good reason why nasa,There’s a Very Good Reason Why NASA Hasn’t Sent People to the Moon Since 1972,Dr. NoSleep Podcast,127791,6.97,https://www.youtube.com/watch?v=b2FGA6kfmPY,https://i.ytimg.com/vi/b2FGA6kfmPY/maxresdefault.jpg
nasa,nasa hasn t sent,There’s a Very Good Reason Why NASA Hasn’t Sent People to the Moon Since 1972,Dr. NoSleep Podcast,127791,6.97,https://www.youtube.com/watch?v=b2FGA6kfmPY,https://i.ytimg.com/vi/b2FGA6kfmPY/maxresdefault.jpg
hasn,hasn t sent people,There’s a Very Good Reason Why NASA Hasn’t Sent People to the Moon Since 1972,Dr. NoSleep Podcast,127791,6.97,https://www.youtube.com/watch?v=b2FGA6kfmPY,https://i.ytimg.com/vi/b2FGA6kfmPY/maxresdefault.jpg
sent,sent people,There’s a Very Good Reason Why NASA Hasn’t Sent People to the Moon Since 1972,Dr. NoSleep Podcast,127791,6.97,https://www.youtube.com/watch?v=b2FGA6kfmPY,https://i.ytimg.com/vi/b2FGA6kfmPY/maxresdefault.jpg
since,since 1972,There’s a Very Good Reason Why NASA Hasn’t Sent People to the Moon Since 1972,Dr. NoSleep Podcast,127791,6.97,https://www.youtube.com/watch?v=b2FGA6kfmPY,https://i.ytimg.com/vi/b2FGA6kfmPY/maxresdefault.jpg
nights,nights at freddy's,3 FIVE NIGHTS AT FREDDY'S HORROR STORIES ANIMATED,IMR Scary Tales,1124162,3.2,https://www.youtube.com/watch?v=9xIcMLfmwgg,https://i.ytimg.com/vi/9xIcMLfmwgg/maxresdefault.jpg
nights,nights in roblox forest,BASE DEFENSE: 99 Nights in Roblox Forest! (Cartoon Animation),GameToons,7549490,2.37,https://www.youtube.com/watch?v=M_HqWwWF_6g,https://i.ytimg.com/vi/M_HqWwWF_6g/maxresdefault.jpg
strict,strict parents,growing up with STRICT PARENTS,Socks Animations ,17049828,2.82,https://www.youtube.com/watch?v=GQYddnarWnY,https://i.ytimg.com/vi/GQYddnarWnY/maxresdefault.jpg
strict,strict a roblox,ADOPTED By A STRICT FAMILY! (A Roblox Movie),ShanePlays 2,6727324,2.76,https://www.youtube.com/watch?v=PytY2o3umwI,https://i.ytimg.com/vi/PytY2o3umwI/maxresdefault.jpg
future,future husbands,Mother Tests Her Daughter’s Future Husbands | @DramatizeMe,DramatizeMe,2775305,3.37,https://www.youtube.com/watch?v=p1tUwPOmv70,https://i.ytimg.com/vi/p1tUwPOmv70/maxresdefault.jpg
future,future portraits,Future Portraits of the Unhappy Dead,Dr. NoSleep Podcast,40235,2.19,https://www.youtube.com/watch?v=TOF87mLVD1o,https://i.ytimg.com/vi/TOF87mLVD1o/maxresdefault.jpg
soccer,soccer field,I Built a SECRET Soccer Field in My House!,Ben Azelart,92780114,3.3,https://www.youtube.com/watch?v=7K9jWptv61M,https://i.ytimg.com/vi/7K9jWptv61M/maxresdefault.jpg
soccer,soccer trick shots,Football vs Soccer Trick Shots | Dude Perfect,Dude Perfect,109990409,2.23,https://www.youtube.com/watch?v=qZHycHI3F1Q,https://i.ytimg.com/vi/qZHycHI3F1Q/maxresdefault.jpg
grade,grade of school,The Problem with Each Grade of School..,Tyler Vitelli,2511833,2.82,https://www.youtube.com/watch?v=koybucnWKUE,https://i.ytimg.com/vi/koybucnWKUE/maxresdefault.jpg
grade,grade bully,My Fifth Grade Bully,scribblejuice,6441194,2.67,https://www.youtube.com/watch?v=R7Br2Djr2so,https://i.ytimg.com/vi/R7Br2Djr2so/maxresdefault.jpg
recognize,recognize myself,I Removed My Birthmark & Didn't Recognize Myself,MSA,47806723,3.06,https://www.youtube.com/watch?v=Iowb0nsekhc,https://i.ytimg.com/vi/Iowb0nsekhc/maxresdefault.jpg
recognize,recognize,No One Can Recognize Me,Story Time Animated,1837773,2.42,https://www.youtube.com/watch?v=zUMqqElC5T4,https://i.ytimg.com/vi/zUMqqElC5T4/maxresdefault.jpg
claims,claims he's a thief,Crazy Karen Calls Cops on Black Neighbor Moving Out. Claims He's a thief. Then This Happens,SoulSnack,1901497,3.02,https://www.youtube.com/watch?v=hcbZoBq1Kz8,https://i.ytimg.com/vi/hcbZoBq1Kz8/maxresdefault.jpg
claims,claims i'm their daughter,The Richest Family In My Town Claims I'm Their Daughter,MSA,38460643,2.46,https://www.youtube.com/watch?v=S_REUE9Mow0,https://i.ytimg.com/vi/S_REUE9Mow0/maxresdefault.jpg
season,season 1,BAD BABYSITTER SEASON 1,The Beast Family,3783755,2.97,https://www.youtube.com/watch?v=miKO9oKAzsE,https://i.ytimg.com/vi/miKO9oKAzsE/maxresdefault.jpg
season,season ep 5,Animator vs. Animation Season 2 (Ep  5-8),Alan Becker,183746004,2.51,https://www.youtube.com/watch?v=TF9I1GxNdJQ,https://i.ytimg.com/vi/TF9I1GxNdJQ/maxresdefault.jpg
policeman,policeman arrests black woman,Policeman Arrests Black Woman Who Is Married to The Sheriff. Shocking Ending.,SoulSnack,3147509,5.0,https://www.youtube.com/watch?v=HrGr0Ues4ts,https://i.ytimg.com/vi/HrGr0Ues4ts/maxresdefault.jpg
policeman,policeman cuts kids dreadlocks,Racist Policeman Cuts Kids Dreadlocks Off. Then This Happens,SoulSnack,1435035,2.28,https://www.youtube.com/watch?v=OfnZZavpT9M,https://i.ytimg.com/vi/OfnZZavpT9M/maxresdefault.jpg
policeman,policeman pulls over kids,Policeman Pulls Over Kids Driving Toy Car. Then This Happens.,SoulSnack,1357340,2.15,https://www.youtube.com/watch?v=U0ulMazVeI4,https://i.ytimg.com/vi/U0ulMazVeI4/maxresdefault.jpg
amp,amp,LAST TO LEAVE THE BOX FT AMP,Beta Squad,42487877,4.06,https://www.youtube.com/watch?v=J7exm02NVHo,https://i.ytimg.com/vi/J7exm02NVHo/maxresdefault.jpg
amp,amp,LAST TO FALL ASLEEP FT AMP,Beta Squad,29070522,2.78,https://www.youtube.com/watch?v=Kd_UqfRhN44,https://i.ytimg.com/vi/Kd_UqfRhN44/maxresdefault.jpg
pods,pods,I Tried Airport Sleep Pods,Ryan Trahan,39050935,3.87,https://www.youtube.com/watch?v=BEkdhf3zua0,https://i.ytimg.com/vi/BEkdhf3zua0/maxresdefault.jpg
pods,pods,I Tried Public Sleep Pods,Ryan Trahan,29794619,2.95,https://www.youtube.com/watch?v=b_MChcA2YXo,https://i.ytimg.com/vi/b_MChcA2YXo/maxresdefault.jpg
reacts,reacts to 11 year,DAD Reacts to 11 Year old Son's CRINGE TIKTOKS!! 😂,The Royalty Family,62936194,3.7,https://www.youtube.com/watch?v=4SuPs7XrBW8,https://i.ytimg.com/vi/4SuPs7XrBW8/maxresdefault.jpg
reacts,reacts to his dad's,Son REACTS to his Dad's CRINGE TikToks! 😂,The Royalty Family,52948117,3.11,https://www.youtube.com/watch?v=pC9DmA4_CMg,https://i.ytimg.com/vi/pC9DmA4_CMg/maxresdefault.jpg
cringe,cringe tiktoks,DAD Reacts to 11 Year old Son's CRINGE TIKTOKS!! 😂,The Royalty Family,62936194,3.7,https://www.youtube.com/watch?v=4SuPs7XrBW8,https://i.ytimg.com/vi/4SuPs7XrBW8/maxresdefault.jpg
cringe,cringe tiktoks,Son REACTS to his Dad's CRINGE TikToks! 😂,The Royalty Family,52948117,3.11,https://www.youtube.com/watch?v=pC9DmA4_CMg,https://i.ytimg.com/vi/pC9DmA4_CMg/maxresdefault.jpg
mean,mean boys bully little,"MEAN BOYS BULLY Little GIRL IN BASKETBALL, They Live To Regret It | The Beast Family",The Beast Family,3644573,2.86,https://www.youtube.com/watch?v=L_5ySrmO1eU,https://i.ytimg.com/vi/L_5ySrmO1eU/maxresdefault.jpg
mean,mean step mom,Mean STEP MOM Only Loved HER Son! (A Roblox Movie),ShanePlays 2,6222356,2.56,https://www.youtube.com/watch?v=neGO8i5PEhA,https://i.ytimg.com/vi/neGO8i5PEhA/maxresdefault.jpg
restaurant,restaurant,SKINNY Girl FAT SHAMED At Restaurant | Illumeably,Illumeably,1833363,3.11,https://www.youtube.com/watch?v=ZZnxkP0QwM0,https://i.ytimg.com/vi/ZZnxkP0QwM0/maxresdefault.jpg
restaurant,restaurant refuses to serve,Restaurant Refuses To Serve Black Teenager Food. Then This Happens,SoulSnack,1441820,2.29,https://www.youtube.com/watch?v=3oASZgIRqOU,https://i.ytimg.com/vi/3oASZgIRqOU/maxresdefault.jpg
banned,banned items,I Asked 100 Drive Thrus for Banned Items,Ryan Trahan,30065866,2.98,https://www.youtube.com/watch?v=kU2pSzKkfOk,https://i.ytimg.com/vi/kU2pSzKkfOk/maxresdefault.jpg
banned,banned,"I ""Cheated"" Until the Arcade Banned Me",Airrack,24955308,2.41,https://www.youtube.com/watch?v=jCccPEsas0I,https://i.ytimg.com/vi/jCccPEsas0I/maxresdefault.jpg
mortal,mortal kombat fatality,"Bully Tries Mortal Kombat Fatality on Nerd, Then This Happens... | Sameer Bhavnani",Sameer Bhavnani,3661609,6.72,https://www.youtube.com/watch?v=8eFvO_6LTvM,https://i.ytimg.com/vi/8eFvO_6LTvM/maxresdefault.jpg
kombat,kombat fatality on nerd,"Bully Tries Mortal Kombat Fatality on Nerd, Then This Happens... | Sameer Bhavnani",Sameer Bhavnani,3661609,6.72,https://www.youtube.com/watch?v=8eFvO_6LTvM,https://i.ytimg.com/vi/8eFvO_6LTvM/maxresdefault.jpg
fatality,fatality on nerd,"Bully Tries Mortal Kombat Fatality on Nerd, Then This Happens... | Sameer Bhavnani",Sameer Bhavnani,3661609,6.72,https://www.youtube.com/watch?v=8eFvO_6LTvM,https://i.ytimg.com/vi/8eFvO_6LTvM/maxresdefault.jpg
tests,tests her daughter,Mother Tests Her Daughter’s Future Husbands | @DramatizeMe,DramatizeMe,2775305,3.37,https://www.youtube.com/watch?v=p1tUwPOmv70,https://i.ytimg.com/vi/p1tUwPOmv70/maxresdefault.jpg
tests,tests boyfriend's loyalty,"Girl TESTS Boyfriend's LOYALTY With Her BEST FRIEND, What Happens Is Shocking | Illumeably",Illumeably,1181950,2.0,https://www.youtube.com/watch?v=_fk7poLVN4k,https://i.ytimg.com/vi/_fk7poLVN4k/maxresdefault.jpg
theme,theme park,I Built a Theme Park In My House!,Ben Azelart,93126640,3.31,https://www.youtube.com/watch?v=cw_TI06Bfds,https://i.ytimg.com/vi/cw_TI06Bfds/maxresdefault.jpg
theme,theme park,I Built a Theme Park In My House!,Stokes Twins,106067629,2.07,https://www.youtube.com/watch?v=Hh5JHs4j5fI,https://i.ytimg.com/vi/Hh5JHs4j5fI/maxresdefault.jpg
pain,pain,pain,Socks Animations ,19883892,3.29,https://www.youtube.com/watch?v=k8DGbsGUGZE,https://i.ytimg.com/vi/k8DGbsGUGZE/maxresdefault.jpg
pain,pain,Pain,Haminations,46811551,2.08,https://www.youtube.com/watch?v=rxY1f9oCrcs,https://i.ytimg.com/vi/rxY1f9oCrcs/maxresdefault.jpg
drive,drive thru,I ATE Every DRIVE THRU in a Day,The Royalty Family,54923691,3.23,https://www.youtube.com/watch?v=ryNBItLZGc4,https://i.ytimg.com/vi/ryNBItLZGc4/maxresdefault.jpg
drive,drive thru 1 000,"Going Through The Same Drive Thru 1,000 Times",MrBeast,323063714,2.14,https://www.youtube.com/watch?v=QxGVgXf_LNk,https://i.ytimg.com/vi/QxGVgXf_LNk/maxresdefault.jpg
thru,thru in a day,I ATE Every DRIVE THRU in a Day,The Royalty Family,54923691,3.23,https://www.youtube.com/watch?v=ryNBItLZGc4,https://i.ytimg.com/vi/ryNBItLZGc4/maxresdefault.jpg
thru,thru 1 000 times,"Going Through The Same Drive Thru 1,000 Times",MrBeast,323063714,2.14,https://www.youtube.com/watch?v=QxGVgXf_LNk,https://i.ytimg.com/vi/QxGVgXf_LNk/maxresdefault.jpg
bar,bar that trades drinks,I Run A Bar That Trades Drinks For Secrets,Dr. NoSleep Podcast,122973,6.71,https://www.youtube.com/watch?v=US8PbXqgsXc,https://i.ytimg.com/vi/US8PbXqgsXc/maxresdefault.jpg
trades,trades drinks for secrets,I Run A Bar That Trades Drinks For Secrets,Dr. NoSleep Podcast,122973,6.71,https://www.youtube.com/watch?v=US8PbXqgsXc,https://i.ytimg.com/vi/US8PbXqgsXc/maxresdefault.jpg
drinks,drinks for secrets,I Run A Bar That Trades Drinks For Secrets,Dr. NoSleep Podcast,122973,6.71,https://www.youtube.com/watch?v=US8PbXqgsXc,https://i.ytimg.com/vi/US8PbXqgsXc/maxresdefault.jpg
secrets,secrets,I Run A Bar That Trades Drinks For Secrets,Dr. NoSleep Podcast,122973,6.71,https://www.youtube.com/watch?v=US8PbXqgsXc,https://i.ytimg.com/vi/US8PbXqgsXc/maxresdefault.jpg
device,device leads to tragedy,An Obsession With a New Device Leads to Tragedy | Scripted Drama,Sameer Bhavnani,3636898,6.68,https://www.youtube.com/watch?v=n5XipsnjHE8,https://i.ytimg.com/vi/n5XipsnjHE8/maxresdefault.jpg
tragedy,tragedy scripted drama,An Obsession With a New Device Leads to Tragedy | Scripted Drama,Sameer Bhavnani,3636898,6.68,https://www.youtube.com/watch?v=n5XipsnjHE8,https://i.ytimg.com/vi/n5XipsnjHE8/maxresdefault.jpg
tested,tested restaurants,I Tested Restaurants with No Reviews,Ryan Trahan,31750498,3.15,https://www.youtube.com/watch?v=jac53THxO0I,https://i.ytimg.com/vi/jac53THxO0I/maxresdefault.jpg
tested,tested amazon mini products,I Tested Amazon MINI Products that Actually Work,The Royalty Family,36987014,2.18,https://www.youtube.com/watch?v=jTW3Yi8o1XU,https://i.ytimg.com/vi/jTW3Yi8o1XU/maxresdefault.jpg
sprunki cartoon animation,sprunki cartoon animation,GRAY: The REJECT SPRUNKI... (Cartoon Animation),GameToons,19489822,6.12,https://www.youtube.com/watch?v=0u-E9M-7ZwE,https://i.ytimg.com/vi/0u-E9M-7ZwE/maxresdefault.jpg
sprunki cartoon animation,sprunki cartoon animation,The CURSE of SPRUNKI... (Cartoon Animation),GameToons,7089588,2.22,https://www.youtube.com/watch?v=QbkNnlDVC1k,https://i.ytimg.com/vi/QbkNnlDVC1k/maxresdefault.jpg
sprunki cartoon animation,sprunki cartoon animation,CURSE of the RAINBOW SPRUNKI! (Cartoon Animation),GameToons,6432086,2.02,https://www.youtube.com/watch?v=aEhWuv_hHiQ,https://i.ytimg.com/vi/aEhWuv_hHiQ/maxresdefault.jpg
changed,changed,A Penny Changed His Life: A Roblox Movie,ShanePlays 2,6732887,2.77,https://www.youtube.com/watch?v=ZqTCKAODt8I,https://i.ytimg.com/vi/ZqTCKAODt8I/maxresdefault.jpg
changed,changed my forever,A necklace changed my life forever,Story Time Animated,1925973,2.53,https://www.youtube.com/watch?v=g3W1mL2jhI4,https://i.ytimg.com/vi/g3W1mL2jhI4/maxresdefault.jpg
massage,massage therapist paralyzed,Massage Therapist Paralyzed His Client | @DramatizeMe,DramatizeMe,5440687,6.6,https://www.youtube.com/watch?v=IcHT6-sjjLs,https://i.ytimg.com/vi/IcHT6-sjjLs/maxresdefault.jpg
therapist,therapist paralyzed his client,Massage Therapist Paralyzed His Client | @DramatizeMe,DramatizeMe,5440687,6.6,https://www.youtube.com/watch?v=IcHT6-sjjLs,https://i.ytimg.com/vi/IcHT6-sjjLs/maxresdefault.jpg
paralyzed,paralyzed his client,Massage Therapist Paralyzed His Client | @DramatizeMe,DramatizeMe,5440687,6.6,https://www.youtube.com/watch?v=IcHT6-sjjLs,https://i.ytimg.com/vi/IcHT6-sjjLs/maxresdefault.jpg
unbelievable,unbelievable snapchat,3 Unbelievable SNAPCHAT HORROR Stories Animated,IMR Scary Tales,1268448,3.62,https://www.youtube.com/watch?v=QX42O3tLTgM,https://i.ytimg.com/vi/QX42O3tLTgM/maxresdefault.jpg
unbelievable,unbelievable,30 Unbelievable Horror Stories Animated (Compilation of May 2023),IMR Scary Tales,1046740,2.98,https://www.youtube.com/watch?v=4pQBCNAA5Dw,https://i.ytimg.com/vi/4pQBCNAA5Dw/maxresdefault.jpg
almost,almost died 18 times,My Brother Almost Died (18 Times...),Haminations,69647699,3.1,https://www.youtube.com/watch?v=STPzH0Uob54,https://i.ytimg.com/vi/STPzH0Uob54/maxresdefault.jpg
almost,almost loses,"Gold Digger Almost Loses Her Life, What Happens Will Shock You.",Vid Chronicles,475305,2.17,https://www.youtube.com/watch?v=wf8bEVL4VQ0,https://i.ytimg.com/vi/wf8bEVL4VQ0/maxresdefault.jpg
shoes,shoes,Angry Karen Steals Teenager's Expensive Nike Shoes. Then This Happens,SoulSnack,1695869,2.69,https://www.youtube.com/watch?v=s6i00YEQklA,https://i.ytimg.com/vi/s6i00YEQklA/maxresdefault.jpg
shoes,shoes ft foltyn,POOR KID Shamed For Old Shoes Ft. Foltyn | Dhar Mann Studios,Dhar Mann Studios,13718646,2.57,https://www.youtube.com/watch?v=67LgaIGcjCU,https://i.ytimg.com/vi/67LgaIGcjCU/maxresdefault.jpg
mafia,mafia boy is obsessed,A Billionaire Mafia Boy is Obsessed with Me,MSA,48839846,3.13,https://www.youtube.com/watch?v=_tXe2EZcvaA,https://i.ytimg.com/vi/_tXe2EZcvaA/maxresdefault.jpg
mafia,mafia jasper's,Slasher vs. Mafia | Jasper's Story,Dr. NoSleep Podcast,38712,2.11,https://www.youtube.com/watch?v=HDw7Tb1JGoc,https://i.ytimg.com/vi/HDw7Tb1JGoc/maxresdefault.jpg
times,times,My Brother Almost Died (18 Times...),Haminations,69647699,3.1,https://www.youtube.com/watch?v=STPzH0Uob54,https://i.ytimg.com/vi/STPzH0Uob54/maxresdefault.jpg
times,times,"Going Through The Same Drive Thru 1,000 Times",MrBeast,323063714,2.14,https://www.youtube.com/watch?v=QxGVgXf_LNk,https://i.ytimg.com/vi/QxGVgXf_LNk/maxresdefault.jpg
stop,stop growing,I Can’t Stop Growing and It’s Ruining My Life!,Story Time Animated,2152712,2.83,https://www.youtube.com/watch?v=QQIqh5C6Iqk,https://i.ytimg.com/vi/QQIqh5C6Iqk/maxresdefault.jpg
stop,stop kissing wins 10,"LAST TO STOP KISSING WINS $10,000!",Ben Azelart,67601582,2.4,https://www.youtube.com/watch?v=wMN4_spBXLQ,https://i.ytimg.com/vi/wMN4_spBXLQ/maxresdefault.jpg
investigator,investigator,"I'm A Paranormal Investigator, I've Never Seen Anything Like This Before",Dr. NoSleep Podcast,77114,4.21,https://www.youtube.com/watch?v=43SWUWREhxU,https://i.ytimg.com/vi/43SWUWREhxU/maxresdefault.jpg
investigator,investigator,"I'm A Private Investigator, and I Was Hired By A Ghost",Dr. NoSleep Podcast,42907,2.34,https://www.youtube.com/watch?v=bJNKEE6wv3s,https://i.ytimg.com/vi/bJNKEE6wv3s/maxresdefault.jpg
billionaire roblox movie,billionaire roblox movie,A Dollar Turned Him Into A Billionaire: A Roblox Movie,ShanePlays 2,9802830,4.03,https://www.youtube.com/watch?v=tRsQHpaIshk,https://i.ytimg.com/vi/tRsQHpaIshk/maxresdefault.jpg
billionaire roblox movie,billionaire roblox movie,SPOILED Sister Married A BILLIONAIRE! (A Roblox Movie),ShanePlays 2,5311339,2.18,https://www.youtube.com/watch?v=tESDFJQv4Ds,https://i.ytimg.com/vi/tESDFJQv4Ds/maxresdefault.jpg
billionaire roblox movie,billionaire roblox movie,NOBODY At School Knew He Was SECRETLY A BILLIONAIRE! (A Roblox Movie),ShanePlays 2,5130388,2.11,https://www.youtube.com/watch?v=ZwH8Nb7WHmc,https://i.ytimg.com/vi/ZwH8Nb7WHmc/maxresdefault.jpg
spoiled sister,spoiled sister a roblox movie,The Spoiled Sister: A Roblox Movie,ShanePlays 2,7620968,3.13,https://www.youtube.com/watch?v=7Duy5w06kmw,https://i.ytimg.com/vi/7Duy5w06kmw/maxresdefault.jpg
spoiled sister,spoiled sister married a billionaire,SPOILED Sister Married A BILLIONAIRE! (A Roblox Movie),ShanePlays 2,5311339,2.18,https://www.youtube.com/watch?v=tESDFJQv4Ds,https://i.ytimg.com/vi/tESDFJQv4Ds/maxresdefault.jpg
spoiled sister,spoiled sister ruined,SPOILED Sister RUINED His Life! (A Roblox Movie),ShanePlays 2,5210614,2.14,https://www.youtube.com/watch?v=GNiSKaa5DPo,https://i.ytimg.com/vi/GNiSKaa5DPo/maxresdefault.jpg
haven't,haven't seen another human,I haven't seen another human for years,Story Time Animated,4957825,6.52,https://www.youtube.com/watch?v=4FVdxUT19zA,https://i.ytimg.com/vi/4FVdxUT19zA/maxresdefault.jpg
cry,cry because my tears,My Parents FORCED Me To Cry Because My Tears Are MONEY,Story Time Animated,4953000,6.52,https://www.youtube.com/watch?v=JGCDhqapqUA,https://i.ytimg.com/vi/JGCDhqapqUA/maxresdefault.jpg
tears,tears are money,My Parents FORCED Me To Cry Because My Tears Are MONEY,Story Time Animated,4953000,6.52,https://www.youtube.com/watch?v=JGCDhqapqUA,https://i.ytimg.com/vi/JGCDhqapqUA/maxresdefault.jpg
rips,rips girl's clothes,Taxi Rips Girl's Clothes | @DramatizeMe,DramatizeMe,3109758,3.77,https://www.youtube.com/watch?v=MC78mE5osx8,https://i.ytimg.com/vi/MC78mE5osx8/maxresdefault.jpg
rips,rips off store,Girl Rips Off Store With Fake QR Code | @DramatizeMe,DramatizeMe,2269772,2.75,https://www.youtube.com/watch?v=AG0EifkPvGY,https://i.ytimg.com/vi/AG0EifkPvGY/maxresdefault.jpg
grandma,grandma,Racist Cop Pulls Over Black Grandma. Then This Happens,SoulSnack,1868991,2.97,https://www.youtube.com/watch?v=TTqPVOoluis,https://i.ytimg.com/vi/TTqPVOoluis/maxresdefault.jpg
grandma,grandma,"Son CATCHES Dad With GRANDMA, What Happens Is Shocking | Illumeably",Illumeably,1328179,2.25,https://www.youtube.com/watch?v=czQyC1Uy4q4,https://i.ytimg.com/vi/czQyC1Uy4q4/maxresdefault.jpg
factory,factory,Kids SNEAK CANDY on a Plane from a Chocolate Factory. Do they get in TROUBLE for it?,Totally Studios,3778757,2.68,https://www.youtube.com/watch?v=5DopEdrf1wY,https://i.ytimg.com/vi/5DopEdrf1wY/maxresdefault.jpg
factory,factory,I Built Willy Wonka's Chocolate Factory!,MrBeast,384049658,2.54,https://www.youtube.com/watch?v=Hwybp38GnZw,https://i.ytimg.com/vi/Hwybp38GnZw/maxresdefault.jpg
freida,freida pinto,Billionaire FALLS IN LOVE with Homeless Girl! MUST SEE ENDING! Ft. FREIDA PINTO | SAMEER BHAVNANI,Sameer Bhavnani,3541373,6.5,https://www.youtube.com/watch?v=B-EkPM0u92s,https://i.ytimg.com/vi/B-EkPM0u92s/maxresdefault.jpg
pinto,pinto,Billionaire FALLS IN LOVE with Homeless Girl! MUST SEE ENDING! Ft. FREIDA PINTO | SAMEER BHAVNANI,Sameer Bhavnani,3541373,6.5,https://www.youtube.com/watch?v=B-EkPM0u92s,https://i.ytimg.com/vi/B-EkPM0u92s/maxresdefault.jpg
day shocking,day shocking,"BAD Kids DESTROY Mom DAY, What Happens Is Shocking | The Beast Family",The Beast Family,3655310,2.86,https://www.youtube.com/watch?v=8Ul7zKHVAy0,https://i.ytimg.com/vi/8Ul7zKHVAy0/maxresdefault.jpg
day shocking,day shocking,"Mom RUINS Son's Relationship On MOTHER'S DAY, What Happens Is Shocking | Illumeably",Illumeably,1381856,2.34,https://www.youtube.com/watch?v=ElSMzrspQG8,https://i.ytimg.com/vi/ElSMzrspQG8/maxresdefault.jpg
refuses,refuses to sell boat,Racist Yacht Broker Refuses to Sell Boat to Wealthy Black Man. Then This Happens,SoulSnack,2620543,4.16,https://www.youtube.com/watch?v=stK1stPpUEQ,https://i.ytimg.com/vi/stK1stPpUEQ/maxresdefault.jpg
refuses,refuses to serve black,Restaurant Refuses To Serve Black Teenager Food. Then This Happens,SoulSnack,1441820,2.29,https://www.youtube.com/watch?v=3oASZgIRqOU,https://i.ytimg.com/vi/3oASZgIRqOU/maxresdefault.jpg
myths hours,myths hours,I Busted 200 Myths In 50 Hours!,Stokes Twins,178006862,3.47,https://www.youtube.com/watch?v=bABseBbIiFk,https://i.ytimg.com/vi/bABseBbIiFk/maxresdefault.jpg
myths hours,myths hours,"Busting 1,000 Movie Myths In 24 Hours!",Stokes Twins,153657783,2.99,https://www.youtube.com/watch?v=tn79OFbPwKE,https://i.ytimg.com/vi/tn79OFbPwKE/maxresdefault.jpg
cheerleader,cheerleader kicked off team,PREGNANT Cheerleader KICKED Off Team by Coach. She Regrets it Immediately. Totally Studios.,Totally Studios,4306639,3.06,https://www.youtube.com/watch?v=_-89GUfI-3M,https://i.ytimg.com/vi/_-89GUfI-3M/maxresdefault.jpg
cheerleader,cheerleader wears mask,Cheerleader WEARS MASK To Hide Identity Ft. Anna McNulty | Dhar Mann Studios,Dhar Mann Studios,11143965,2.09,https://www.youtube.com/watch?v=omRUZSAf3Z4,https://i.ytimg.com/vi/omRUZSAf3Z4/maxresdefault.jpg
toxic,toxic friend in highschool,My Toxic Friend In Highschool,scribblejuice,6704735,2.78,https://www.youtube.com/watch?v=YsM4YwlwKIs,https://i.ytimg.com/vi/YsM4YwlwKIs/maxresdefault.jpg
toxic,toxic home becomes millionaire,Boy Escapes Toxic Home Becomes Millionaire | Vid Chronicles,Vid Chronicles,517773,2.37,https://www.youtube.com/watch?v=cjP3zhIQJJc,https://i.ytimg.com/vi/cjP3zhIQJJc/maxresdefault.jpg
hacks,hacks minecraft server,Kid HACKS Minecraft Server at School. Will He Get Caught?,Totally Studios,3616621,2.57,https://www.youtube.com/watch?v=gR3iEiI3pOE,https://i.ytimg.com/vi/gR3iEiI3pOE/maxresdefault.jpg
hacks,hacks in 24 hours,TRYING 100 LIFE HACKS IN 24 HOURS!!,Stokes Twins,132000400,2.57,https://www.youtube.com/watch?v=7N70RcxxKsk,https://i.ytimg.com/vi/7N70RcxxKsk/maxresdefault.jpg
omegle,omegle,3 TRUE OMEGLE HORROR STORIES ANIMATED,IMR Scary Tales,1433420,4.09,https://www.youtube.com/watch?v=QjUoFWOu860,https://i.ytimg.com/vi/QjUoFWOu860/maxresdefault.jpg
omegle,omegle,3 True OMEGLE HORROR Stories Animated,IMR Scary Tales,807165,2.3,https://www.youtube.com/watch?v=t1rRTS-BI4Q,https://i.ytimg.com/vi/t1rRTS-BI4Q/maxresdefault.jpg
eleven,eleven,3 True 7 Eleven HORROR Stories Animated,IMR Scary Tales,1340261,3.82,https://www.youtube.com/watch?v=AP57Y2diV-I,https://i.ytimg.com/vi/AP57Y2diV-I/maxresdefault.jpg
eleven,eleven,3 True 7 Eleven Horror Stories Animated,IMR Scary Tales,900718,2.57,https://www.youtube.com/watch?v=L7YGfpGjfBc,https://i.ytimg.com/vi/L7YGfpGjfBc/maxresdefault.jpg
squid,squid game in real,"$456,000 Squid Game In Real Life!",MrBeast,961274515,6.37,https://www.youtube.com/watch?v=0e3GPea1Tyg,https://i.ytimg.com/vi/0e3GPea1Tyg/maxresdefault.jpg
dietary,dietary restriction is deliberately,A Dietary Restriction Is Deliberately Ignored | Scripted Drama,Sameer Bhavnani,3460230,6.35,https://www.youtube.com/watch?v=QqeYDqVbGm0,https://i.ytimg.com/vi/QqeYDqVbGm0/maxresdefault.jpg
restriction,restriction is deliberately ignored,A Dietary Restriction Is Deliberately Ignored | Scripted Drama,Sameer Bhavnani,3460230,6.35,https://www.youtube.com/watch?v=QqeYDqVbGm0,https://i.ytimg.com/vi/QqeYDqVbGm0/maxresdefault.jpg
deliberately,deliberately ignored scripted drama,A Dietary Restriction Is Deliberately Ignored | Scripted Drama,Sameer Bhavnani,3460230,6.35,https://www.youtube.com/watch?v=QqeYDqVbGm0,https://i.ytimg.com/vi/QqeYDqVbGm0/maxresdefault.jpg
ignored,ignored scripted drama,A Dietary Restriction Is Deliberately Ignored | Scripted Drama,Sameer Bhavnani,3460230,6.35,https://www.youtube.com/watch?v=QqeYDqVbGm0,https://i.ytimg.com/vi/QqeYDqVbGm0/maxresdefault.jpg
any,any crime,I Can Solve Any Crime,Story Time Animated,2028574,2.67,https://www.youtube.com/watch?v=nK8mWQ1FSj4,https://i.ytimg.com/vi/nK8mWQ1FSj4/maxresdefault.jpg
any,any map and now,"My GPS Took Me Down A Road That Isn't On Any Map, And Now I Can't Leave",Dr. NoSleep Podcast,44187,2.41,https://www.youtube.com/watch?v=uFxmHrYB_YQ,https://i.ytimg.com/vi/uFxmHrYB_YQ/maxresdefault.jpg
week,week,I Survived On $0.01 For 1 Week,Ryan Trahan,26024271,2.58,https://www.youtube.com/watch?v=ImjQjMCyJr4,https://i.ytimg.com/vi/ImjQjMCyJr4/maxresdefault.jpg
week,week,"There's Been A Storm Warning For A Week, But It's Not A Storm",Dr. NoSleep Podcast,45897,2.5,https://www.youtube.com/watch?v=EAJv2Gc4ZnU,https://i.ytimg.com/vi/EAJv2Gc4ZnU/maxresdefault.jpg
shuts,shuts down arrogant man,СEO Woman Shuts Down Arrogant Man,DramatizeMe,5206131,6.32,https://www.youtube.com/watch?v=0NKGViIkhcA,https://i.ytimg.com/vi/0NKGViIkhcA/maxresdefault.jpg
arrogant,arrogant man,СEO Woman Shuts Down Arrogant Man,DramatizeMe,5206131,6.32,https://www.youtube.com/watch?v=0NKGViIkhcA,https://i.ytimg.com/vi/0NKGViIkhcA/maxresdefault.jpg
started,started a school riot,I Started a School Riot.. (Storytime),Tyler Vitelli,2666693,3.0,https://www.youtube.com/watch?v=MCGOE18KRSw,https://i.ytimg.com/vi/MCGOE18KRSw/maxresdefault.jpg
started,started whispering,"I Work In A Morgue, Last Night The Dead Started Whispering",Dr. NoSleep Podcast,37748,2.06,https://www.youtube.com/watch?v=2ZQn0ZILzd8,https://i.ytimg.com/vi/2ZQn0ZILzd8/maxresdefault.jpg
rocket,rocket battle,Model Rocket Battle 2 | Dude Perfect,Dude Perfect,189006729,3.84,https://www.youtube.com/watch?v=uPCi5Rs7EuA,https://i.ytimg.com/vi/uPCi5Rs7EuA/maxresdefault.jpg
rocket,rocket battle,Model Rocket Battle | Dude Perfect,Dude Perfect,120878465,2.45,https://www.youtube.com/watch?v=WpqUOW19aJQ,https://i.ytimg.com/vi/WpqUOW19aJQ/maxresdefault.jpg
haunted,haunted by skibidi toilet,"Our NEW MANSION Is HAUNTED By SKIBIDI TOILET, What Happens IS SHOCKING | THE BEAST FAMILY",The Beast Family,3668313,2.87,https://www.youtube.com/watch?v=72ijoJ5W7Fg,https://i.ytimg.com/vi/72ijoJ5W7Fg/maxresdefault.jpg
haunted,haunted by sprunki,HAUNTED by the SPRUNKI SLIDE EATER... (Cartoon Animation),GameToons,6877326,2.16,https://www.youtube.com/watch?v=m8lvUO7QDxU,https://i.ytimg.com/vi/m8lvUO7QDxU/maxresdefault.jpg
irl,irl,Would You Rather: IRL,Airrack,25909933,2.5,https://www.youtube.com/watch?v=n5Op1CIdg4Y,https://i.ytimg.com/vi/n5Op1CIdg4Y/maxresdefault.jpg
irl,irl,Never Have I Ever: IRL,Airrack,21731274,2.1,https://www.youtube.com/watch?v=U1bUwDxBu4Y,https://i.ytimg.com/vi/U1bUwDxBu4Y/maxresdefault.jpg
irl,irl,"If You Scream, You Lose: IRL",Airrack,21613213,2.09,https://www.youtube.com/watch?v=K6LiS5qTmHo,https://i.ytimg.com/vi/K6LiS5qTmHo/maxresdefault.jpg
solve,solve any crime,I Can Solve Any Crime,Story Time Animated,2028574,2.67,https://www.youtube.com/watch?v=nK8mWQ1FSj4,https://i.ytimg.com/vi/nK8mWQ1FSj4/maxresdefault.jpg
solve,solve disappearances in national,"I Solve Disappearances in National Parks, but This Case Might Be My Last",Dr. NoSleep Podcast,43018,2.35,https://www.youtube.com/watch?v=aqTojiIDJmM,https://i.ytimg.com/vi/aqTojiIDJmM/maxresdefault.jpg
games,games,Tabletop Games,TheOdd1sOut,109325000,2.62,https://www.youtube.com/watch?v=rvUzuK0ygI4,https://i.ytimg.com/vi/rvUzuK0ygI4/maxresdefault.jpg
games,games i could easily,Horror Games I Could Easily Survive,Tyler Vitelli,2133603,2.4,https://www.youtube.com/watch?v=elJwAKaA-_A,https://i.ytimg.com/vi/elJwAKaA-_A/maxresdefault.jpg
loneliest,loneliest house,Overnight in the World's Loneliest House,Ryan Trahan,42663273,4.23,https://www.youtube.com/watch?v=taXDBwLOWg8,https://i.ytimg.com/vi/taXDBwLOWg8/maxresdefault.jpg
loneliest,loneliest job,I Survived the World's Loneliest Job,Ryan Trahan,20480083,2.03,https://www.youtube.com/watch?v=cG22jPC9J_0,https://i.ytimg.com/vi/cG22jPC9J_0/maxresdefault.jpg
tunnel,tunnel to escape school,Kid BUILDS SECRET TUNNEL To ESCAPE SCHOOL - Jay's World S3 E03 | Dhar Mann Studios,Dhar Mann Studios,13872534,2.6,https://www.youtube.com/watch?v=bA2h2lj3Ilc,https://i.ytimg.com/vi/bA2h2lj3Ilc/maxresdefault.jpg
tunnel,tunnel in outer,There's a Tunnel in the Outer Banks That Leads to Another Dimension,Dr. NoSleep Podcast,43849,2.39,https://www.youtube.com/watch?v=DPWkifQEGKw,https://i.ytimg.com/vi/DPWkifQEGKw/maxresdefault.jpg
customers,customers,Annoying Customers,TheOdd1sOut,118481814,2.84,https://www.youtube.com/watch?v=2yFCyPX3kT0,https://i.ytimg.com/vi/2yFCyPX3kT0/maxresdefault.jpg
customers,customers,Nail Salon Caught STEALING from Customers.,Totally Studios,3017917,2.14,https://www.youtube.com/watch?v=9ENIRLgS734,https://i.ytimg.com/vi/9ENIRLgS734/maxresdefault.jpg
becoming,becoming a superhero,BECOMING A SUPERHERO IN 24 HOURS!,Ben Azelart,74725814,2.66,https://www.youtube.com/watch?v=vwWEZLS0ouM,https://i.ytimg.com/vi/vwWEZLS0ouM/maxresdefault.jpg
becoming,becoming boxing legend,BROKE TEEN Saves Family By Becoming BOXING LEGEND | Dhar Mann Studios,Dhar Mann Studios,12383920,2.32,https://www.youtube.com/watch?v=2uHUpFosgNw,https://i.ytimg.com/vi/2uHUpFosgNw/maxresdefault.jpg
facing,facing 100 fears,FACING 100 FEARS IN 24 HOURS!!,Stokes Twins,131615147,2.56,https://www.youtube.com/watch?v=guh65wpaGOQ,https://i.ytimg.com/vi/guh65wpaGOQ/maxresdefault.jpg
facing,facing 1 000 fears,"FACING 1,000 FEARS IN 24 HOURS!",Ben Azelart,68032486,2.42,https://www.youtube.com/watch?v=YAJHWEzPnb8,https://i.ytimg.com/vi/YAJHWEzPnb8/maxresdefault.jpg
fuels,fuels decades long mystery,FOUND FOOTAGE fuels decades long MYSTERY (*WARNING GRAPHIC CONTENT*),MrBallen,16600770,6.21,https://www.youtube.com/watch?v=OMBxxvd64qk,https://i.ytimg.com/vi/OMBxxvd64qk/maxresdefault.jpg
decades,decades long mystery warning,FOUND FOOTAGE fuels decades long MYSTERY (*WARNING GRAPHIC CONTENT*),MrBallen,16600770,6.21,https://www.youtube.com/watch?v=OMBxxvd64qk,https://i.ytimg.com/vi/OMBxxvd64qk/maxresdefault.jpg
graphic,graphic content,FOUND FOOTAGE fuels decades long MYSTERY (*WARNING GRAPHIC CONTENT*),MrBallen,16600770,6.21,https://www.youtube.com/watch?v=OMBxxvd64qk,https://i.ytimg.com/vi/OMBxxvd64qk/maxresdefault.jpg
nightmarish,nightmarish animals,10 Nightmarish Animals you will be Happy are Extinct,Mr. Nightmare,11658095,3.83,https://www.youtube.com/watch?v=0S7PGwKJ2SM,https://i.ytimg.com/vi/0S7PGwKJ2SM/hqdefault.jpg
nightmarish,nightmarish true stories volume,10 Nightmarish TRUE Stories (Volume 5),Mr. Nightmare,7258041,2.38,https://www.youtube.com/watch?v=Vi7CFqMyyGw,https://i.ytimg.com/vi/Vi7CFqMyyGw/hqdefault.jpg
beautiful,beautiful but i m,My Voice Is BEAUTIFUL But I’m Forced To HIDE My Face,Story Time Animated,2169017,2.85,https://www.youtube.com/watch?v=TG-E18wwo1Y,https://i.ytimg.com/vi/TG-E18wwo1Y/maxresdefault.jpg
beautiful,beautiful overnight,Ugly Girl Becomes Beautiful Overnight | Alan’s Universe,Alan's Universe,69601631,2.11,https://www.youtube.com/watch?v=Pd_zn1f-ax8,https://i.ytimg.com/vi/Pd_zn1f-ax8/maxresdefault.jpg
map,map,3 Disturbing Snapchat/Snap Map Horror Stories,Mr. Nightmare,7769814,2.55,https://www.youtube.com/watch?v=EWX6O-OTwZA,https://i.ytimg.com/vi/EWX6O-OTwZA/hqdefault.jpg
map,map and now,"My GPS Took Me Down A Road That Isn't On Any Map, And Now I Can't Leave",Dr. NoSleep Podcast,44187,2.41,https://www.youtube.com/watch?v=uFxmHrYB_YQ,https://i.ytimg.com/vi/uFxmHrYB_YQ/maxresdefault.jpg
twisted,twisted crawled,"Something Twisted Crawled Out from the Edge of the Universe, and It's Coming Our Way...",Dr. NoSleep Podcast,52141,2.84,https://www.youtube.com/watch?v=wyj4SsdBy9E,https://i.ytimg.com/vi/wyj4SsdBy9E/maxresdefault.jpg
twisted,twisted ending,RACIST Girl Gets PREGNANT by Other Man! TWISTED ENDING... | SAMEER BHAVNANI,Sameer Bhavnani,1131451,2.08,https://www.youtube.com/watch?v=Htcbj5MD848,https://i.ytimg.com/vi/Htcbj5MD848/maxresdefault.jpg
instagram,instagram,3 Disturbing True Instagram Horror Stories,Mr. Nightmare,8379298,2.75,https://www.youtube.com/watch?v=rEQz8IzThxI,https://i.ytimg.com/vi/rEQz8IzThxI/hqdefault.jpg
instagram,instagram live,Pregnant Wife EXPOSED on Instagram Live!!!!,Life Lessons With Luis,4110546,2.14,https://www.youtube.com/watch?v=2WU7pwGOhR8,https://i.ytimg.com/vi/2WU7pwGOhR8/maxresdefault.jpg
niece,niece gets arrested,Police Captain's Niece Gets Arrested... Then This Happens,SoulSnack,3842046,6.1,https://www.youtube.com/watch?v=SocL1xfLd0s,https://i.ytimg.com/vi/SocL1xfLd0s/maxresdefault.jpg
still,still controlling our timeline,A Disaster You've Never Heard of Is Still Controlling Our Timeline | Butterfly Effects ep.01,MrBallen,7656631,2.86,https://www.youtube.com/watch?v=BaGJBlKT8NA,https://i.ytimg.com/vi/BaGJBlKT8NA/hqdefault.jpg
still,still acts like,My Mom Still Acts Like A TODDLER & It’s Ruining Everything,Story Time Animated,1532504,2.02,https://www.youtube.com/watch?v=tWDMbptEY2k,https://i.ytimg.com/vi/tWDMbptEY2k/maxresdefault.jpg
mall,mall,I Built a Secret Room in the MALL! Ft/ Ben Azelart,The Royalty Family,46511550,2.74,https://www.youtube.com/watch?v=DxHw4UdDJDY,https://i.ytimg.com/vi/DxHw4UdDJDY/maxresdefault.jpg
mall,mall,How Many Days Can I Survive an Abandoned Mall?,Ryan Trahan,21551258,2.14,https://www.youtube.com/watch?v=DpzLLyo0F8k,https://i.ytimg.com/vi/DpzLLyo0F8k/maxresdefault.jpg
marriage,marriage then daughter,"Mother-In-Law RUINS Marriage, Then Daughter-In-Law Makes An Unexpected Decision | Illumeably",Illumeably,1527899,2.59,https://www.youtube.com/watch?v=rVFLfgGxYEs,https://i.ytimg.com/vi/rVFLfgGxYEs/maxresdefault.jpg
marriage,marriage unexpected ending,"Mentally Disturbed Wife Cheats on Husband to Save Her Marriage, UNEXPECTED ENDING | Sameer Bhavnani",Sameer Bhavnani,1255028,2.3,https://www.youtube.com/watch?v=YDO1xlEUMPQ,https://i.ytimg.com/vi/YDO1xlEUMPQ/maxresdefault.jpg
unexpected,unexpected decision,"Mother-In-Law RUINS Marriage, Then Daughter-In-Law Makes An Unexpected Decision | Illumeably",Illumeably,1527899,2.59,https://www.youtube.com/watch?v=rVFLfgGxYEs,https://i.ytimg.com/vi/rVFLfgGxYEs/maxresdefault.jpg
unexpected,unexpected ending,"Mentally Disturbed Wife Cheats on Husband to Save Her Marriage, UNEXPECTED ENDING | Sameer Bhavnani",Sameer Bhavnani,1255028,2.3,https://www.youtube.com/watch?v=YDO1xlEUMPQ,https://i.ytimg.com/vi/YDO1xlEUMPQ/maxresdefault.jpg
buys first house,buys first house cartoon animation,DOGDAY BUYS HIS FIRST HOUSE?!  (Cartoon Animation),GameToons,8286291,2.6,https://www.youtube.com/watch?v=kBN6h0xBVXo,https://i.ytimg.com/vi/kBN6h0xBVXo/maxresdefault.jpg
buys first house,buys first house cartoon animation,CRAFTYCORN BUYS HER FIRST HOUSE?! (Cartoon Animation),GameToons,6454238,2.03,https://www.youtube.com/watch?v=nX0_Rt38TTI,https://i.ytimg.com/vi/nX0_Rt38TTI/maxresdefault.jpg
buys first house,buys first house cartoon animation,CATNAP BUYS HIS FIRST HOUSE?! (Cartoon Animation),GameToons,6396947,2.01,https://www.youtube.com/watch?v=JPuD9AawGeA,https://i.ytimg.com/vi/JPuD9AawGeA/maxresdefault.jpg
farting,farting he lives,Husband DIVORCES Wife for FARTING! He Lives to Regret It... | SAMEER BHAVNANI,Sameer Bhavnani,1474986,2.71,https://www.youtube.com/watch?v=uscTuAEZ2k8,https://i.ytimg.com/vi/uscTuAEZ2k8/maxresdefault.jpg
farting,farting kid kicked,FARTING KID Kicked Out of School. Crazy Ending.,Totally Studios,3028438,2.15,https://www.youtube.com/watch?v=rMw2jSy88mM,https://i.ytimg.com/vi/rMw2jSy88mM/maxresdefault.jpg
marks,marks his wife,Man Marks His Wife To Reveal Her Cheating | @DramatizeMe,DramatizeMe,5002684,6.07,https://www.youtube.com/watch?v=WsUNLoBbswA,https://i.ytimg.com/vi/WsUNLoBbswA/maxresdefault.jpg
reveal,reveal her cheating,Man Marks His Wife To Reveal Her Cheating | @DramatizeMe,DramatizeMe,5002684,6.07,https://www.youtube.com/watch?v=WsUNLoBbswA,https://i.ytimg.com/vi/WsUNLoBbswA/maxresdefault.jpg
amazon,amazon delivery,3 Amazon Delivery Horror Stories Animated,IMR Scary Tales,934164,2.66,https://www.youtube.com/watch?v=sZSa0SHGVlk,https://i.ytimg.com/vi/sZSa0SHGVlk/hqdefault.jpg
amazon,amazon mini products,I Tested Amazon MINI Products that Actually Work,The Royalty Family,36987014,2.18,https://www.youtube.com/watch?v=jTW3Yi8o1XU,https://i.ytimg.com/vi/jTW3Yi8o1XU/maxresdefault.jpg
kill,kill husband,Wife Hires HITMAN to KILL HUSBAND!!!! You Won't Believe What Happens Next,Life Lessons With Luis,4959904,2.58,https://www.youtube.com/watch?v=pM_df-im-Cw,https://i.ytimg.com/vi/pM_df-im-Cw/maxresdefault.jpg
kill,kill,I Paid A Real Assassin To Try To Kill Me,MrBeast,343340609,2.27,https://www.youtube.com/watch?v=YLt73w6criQ,https://i.ytimg.com/vi/YLt73w6criQ/maxresdefault.jpg
cases,cases of real,5 Most Disturbing Cases of Real Found Footage,Chilling Scares,8735600,2.68,https://www.youtube.com/watch?v=SA_sR84QkqQ,https://i.ytimg.com/vi/SA_sR84QkqQ/maxresdefault.jpg
cases,cases top 3,Extremely Distressing Missing Person Cases | TOP 3,MrBallen,5682327,2.13,https://www.youtube.com/watch?v=RsKSqWj3HpQ,https://i.ytimg.com/vi/RsKSqWj3HpQ/hqdefault.jpg
dog,dog house,"I BUILT A $100,000 DREAM DOG HOUSE!!",Ben Azelart,74891894,2.66,https://www.youtube.com/watch?v=zEMCRFnAUUM,https://i.ytimg.com/vi/zEMCRFnAUUM/maxresdefault.jpg
dog,dog in a dumpster,We Found a Lost Dog in a Dumpster,The Royalty Family,36659593,2.16,https://www.youtube.com/watch?v=ZRAd7SfSFXw,https://i.ytimg.com/vi/ZRAd7SfSFXw/maxresdefault.jpg
beats,beats son for peeing,"Father Beats Son For Peeing Himself, He Instantly Regrets It.",Vid Chronicles,575803,2.63,https://www.youtube.com/watch?v=bI8TKHOvjzU,https://i.ytimg.com/vi/bI8TKHOvjzU/maxresdefault.jpg
beats,beats genius in math,Young Girl BEATS GENIUS In Math Contest | Dhar Mann Studios,Dhar Mann Studios,11702183,2.19,https://www.youtube.com/watch?v=dTzKXh51dlE,https://i.ytimg.com/vi/dTzKXh51dlE/maxresdefault.jpg
treasure,treasure hunt,3 Treasure Hunt Horror Stories Animated,IMR Scary Tales,2110373,6.01,https://www.youtube.com/watch?v=xstrlZC70_w,https://i.ytimg.com/vi/xstrlZC70_w/maxresdefault.jpg
trucker,trucker dashcam footage,6 Most Disturbing Things Caught on Trucker Dashcam Footage,Chilling Scares,8868872,2.73,https://www.youtube.com/watch?v=v8YtccV2G94,https://i.ytimg.com/vi/v8YtccV2G94/maxresdefault.jpg
trucker,trucker,3 True Scary Trucker Horror Stories,Mr. Nightmare,6269994,2.06,https://www.youtube.com/watch?v=1mSUUZTv2YU,https://i.ytimg.com/vi/1mSUUZTv2YU/maxresdefault.jpg
rooms,rooms in my house,I Built 7 EXTREME Rooms in My House!,Ben Azelart,108304299,3.85,https://www.youtube.com/watch?v=SrWHnSDQyps,https://i.ytimg.com/vi/SrWHnSDQyps/maxresdefault.jpg
rooms,rooms in my house,I Built 10 EXTREME Rooms in My House!,Ben Azelart,58986737,2.1,https://www.youtube.com/watch?v=zFk0kvxDehc,https://i.ytimg.com/vi/zFk0kvxDehc/maxresdefault.jpg
robot,robot sister a roblox,He Had to Save His ROBOT SISTER! (A Roblox Movie),ShanePlays 2,14481729,5.95,https://www.youtube.com/watch?v=lqllmv_pErw,https://i.ytimg.com/vi/lqllmv_pErw/maxresdefault.jpg
sneak,sneak candy,Kids SNEAK CANDY on a Plane from a Chocolate Factory. Do they get in TROUBLE for it?,Totally Studios,3778757,2.68,https://www.youtube.com/watch?v=5DopEdrf1wY,https://i.ytimg.com/vi/5DopEdrf1wY/maxresdefault.jpg
sneak,sneak anything,27 Ways To Sneak ANYTHING In!,Unspeakable,25703508,2.09,https://www.youtube.com/watch?v=17V1w05NRAQ,https://i.ytimg.com/vi/17V1w05NRAQ/maxresdefault.jpg
killer,killer pretending,Serial Killer Pretending To Be Cop Arrests Innocent Man. Then This Happens,SoulSnack,1686511,2.68,https://www.youtube.com/watch?v=QlnL420_cjU,https://i.ytimg.com/vi/QlnL420_cjU/maxresdefault.jpg
killer,killer,I Was Given an Impossible Choice by a Sadistic Killer,Dr. NoSleep Podcast,37859,2.07,https://www.youtube.com/watch?v=zb85oZn-WQk,https://i.ytimg.com/vi/zb85oZn-WQk/maxresdefault.jpg
roommate,roommate,3 True Disturbing Roommate Horror Stories Animated,IMR Scary Tales,910421,2.59,https://www.youtube.com/watch?v=AWS1niPdUNg,https://i.ytimg.com/vi/AWS1niPdUNg/maxresdefault.jpg
roommate,roommate,4 Disturbing True Roommate Horror Stories,Mr. Nightmare,6518643,2.14,https://www.youtube.com/watch?v=YylK7Lhxyc0,https://i.ytimg.com/vi/YylK7Lhxyc0/maxresdefault.jpg
destroyed,destroyed our backyard,A Vicious WOLF Destroyed our Backyard,The Royalty Family,43724350,2.57,https://www.youtube.com/watch?v=JLj3AEyCBxk,https://i.ytimg.com/vi/JLj3AEyCBxk/maxresdefault.jpg
destroyed,destroyed an entire city,What he filmed in his SECRET ROOM destroyed an entire city,MrBallen,5805346,2.17,https://www.youtube.com/watch?v=Zykdjsg1V1c,https://i.ytimg.com/vi/Zykdjsg1V1c/hqdefault.jpg
fall,fall in love,NERD and POPULAR GIRL FALL IN LOVE. The Ending is a Shock. Totally Studios.,Totally Studios,3513465,2.49,https://www.youtube.com/watch?v=_q4jer_2AZo,https://i.ytimg.com/vi/_q4jer_2AZo/maxresdefault.jpg
fall,fall into wrong,100 Mystery Pools.. DONT Trust Fall into the Wrong One!,Ben Azelart,63061247,2.24,https://www.youtube.com/watch?v=lTf5bzLnDHY,https://i.ytimg.com/vi/lTf5bzLnDHY/maxresdefault.jpg
hunting,hunting stories to freak,3 Horrifying TRUE Hunting Stories to Freak you Out,Mr. Nightmare,7565678,2.49,https://www.youtube.com/watch?v=rD-WNPOTkSw,https://i.ytimg.com/vi/rD-WNPOTkSw/hqdefault.jpg
hunting,hunting stereotypes,Hunting Stereotypes,Dude Perfect,110704106,2.25,https://www.youtube.com/watch?v=M9gFRXw5-kI,https://i.ytimg.com/vi/M9gFRXw5-kI/maxresdefault.jpg
hidden,hidden,I Kept My True Self Hidden Until...,Story Time Animated,2024162,2.66,https://www.youtube.com/watch?v=33CVt2b85v4,https://i.ytimg.com/vi/33CVt2b85v4/maxresdefault.jpg
hidden,hidden room,"There's A Hidden Room In My House, It Leads To Another Dimension",Dr. NoSleep Podcast,37567,2.05,https://www.youtube.com/watch?v=ifsFSwkqHZ4,https://i.ytimg.com/vi/ifsFSwkqHZ4/maxresdefault.jpg
shift,shift,4 Scary True Night Shift Stories,Mr. Nightmare,7307668,2.4,https://www.youtube.com/watch?v=OIZR6OOTzDU,https://i.ytimg.com/vi/OIZR6OOTzDU/maxresdefault.jpg
shift,shift at a gas,"I Work The Graveyard Shift At A Gas Station, The Same Car Has Been Here For Years",Dr. NoSleep Podcast,42352,2.31,https://www.youtube.com/watch?v=0UtcuW0KtlU,https://i.ytimg.com/vi/0UtcuW0KtlU/maxresdefault.jpg
members,members,"Mom Keeps Daughter Away From Family Members, Then This Happens.",Vid Chronicles,1281364,5.86,https://www.youtube.com/watch?v=1wzGJ3ONsvI,https://i.ytimg.com/vi/1wzGJ3ONsvI/maxresdefault.jpg
country,country has best,Which Country has the Best School Lunch?,Stokes Twins,130099481,2.53,https://www.youtube.com/watch?v=bKrOknHPdtc,https://i.ytimg.com/vi/bKrOknHPdtc/maxresdefault.jpg
country,country,I Ate School Lunch From Every Country,Nick DiGiovanni,73917227,2.15,https://www.youtube.com/watch?v=yyw_GTNzXFc,https://i.ytimg.com/vi/yyw_GTNzXFc/maxresdefault.jpg
lunch,lunch,Which Country has the Best School Lunch?,Stokes Twins,130099481,2.53,https://www.youtube.com/watch?v=bKrOknHPdtc,https://i.ytimg.com/vi/bKrOknHPdtc/maxresdefault.jpg
lunch,lunch from every country,I Ate School Lunch From Every Country,Nick DiGiovanni,73917227,2.15,https://www.youtube.com/watch?v=yyw_GTNzXFc,https://i.ytimg.com/vi/yyw_GTNzXFc/maxresdefault.jpg
press,press this button,"Press This Button To Win $100,000!",MrBeast,371871820,2.46,https://www.youtube.com/watch?v=GLoeAJUcz38,https://i.ytimg.com/vi/GLoeAJUcz38/maxresdefault.jpg
press,press this button,"Press This Button for $50,000?",Unspeakable,27242963,2.22,https://www.youtube.com/watch?v=FDmabOdLM98,https://i.ytimg.com/vi/FDmabOdLM98/maxresdefault.jpg
button,button to win 100,"Press This Button To Win $100,000!",MrBeast,371871820,2.46,https://www.youtube.com/watch?v=GLoeAJUcz38,https://i.ytimg.com/vi/GLoeAJUcz38/maxresdefault.jpg
button,button for 50 000,"Press This Button for $50,000?",Unspeakable,27242963,2.22,https://www.youtube.com/watch?v=FDmabOdLM98,https://i.ytimg.com/vi/FDmabOdLM98/maxresdefault.jpg
targets,targets a game console,A Woman Targets a Game Console,Sameer Bhavnani,3175858,5.83,https://www.youtube.com/watch?v=qQllhaQdQdQ,https://i.ytimg.com/vi/qQllhaQdQdQ/maxresdefault.jpg
injuries,injuries,My Worst Injuries (ft. Haminations),Infamous Swoosh,9423679,2.65,https://www.youtube.com/watch?v=rnQlkpOFgm8,https://i.ytimg.com/vi/rnQlkpOFgm8/maxresdefault.jpg
injuries,injuries being sick,Injuries & Being Sick,JaidenAnimations,44485776,2.0,https://www.youtube.com/watch?v=BsQq_ySHb_k,https://i.ytimg.com/vi/BsQq_ySHb_k/maxresdefault.jpg
young,young,I Look Young,Haminations,55665291,2.48,https://www.youtube.com/watch?v=OyDLuom4KGs,https://i.ytimg.com/vi/OyDLuom4KGs/maxresdefault.jpg
young,young girl beats genius,Young Girl BEATS GENIUS In Math Contest | Dhar Mann Studios,Dhar Mann Studios,11702183,2.19,https://www.youtube.com/watch?v=dTzKXh51dlE,https://i.ytimg.com/vi/dTzKXh51dlE/maxresdefault.jpg
true school,true school lockdown,3 True School Lockdown Horror Stories Animated,IMR Scary Tales,1093617,3.12,https://www.youtube.com/watch?v=zDJaKZrdKHY,https://i.ytimg.com/vi/zDJaKZrdKHY/maxresdefault.jpg
true school,true school teacher,3 True School Teacher Horror Stories Animated,IMR Scary Tales,946109,2.7,https://www.youtube.com/watch?v=Tg0EcLQ1RN8,https://i.ytimg.com/vi/Tg0EcLQ1RN8/maxresdefault.jpg
thought,thought they were imaginary,My Parents Thought They Were Imaginary... They Were DEAD,Story Time Animated,1912926,2.52,https://www.youtube.com/watch?v=eztZ--SPgpc,https://i.ytimg.com/vi/eztZ--SPgpc/maxresdefault.jpg
thought,thought,The Time I Thought It Was A Sport,scribblejuice,5125014,2.12,https://www.youtube.com/watch?v=VxDG8BEaLYs,https://i.ytimg.com/vi/VxDG8BEaLYs/maxresdefault.jpg
terrible,terrible choice scripted drama,He Makes a Terrible Choice | Scripted Drama,Sameer Bhavnani,3155300,5.79,https://www.youtube.com/watch?v=3zQg5hH8LmU,https://i.ytimg.com/vi/3zQg5hH8LmU/maxresdefault.jpg
classmate,classmate at school must,Rich Girl STEALS New iPHONE from Poor Classmate at School. Must See Surprise Ending.,Totally Studios,3590171,2.55,https://www.youtube.com/watch?v=0OPz7OKfBD8,https://i.ytimg.com/vi/0OPz7OKfBD8/maxresdefault.jpg
classmate,classmate,Rich Man Shames His Classmate | @DramatizeMe,DramatizeMe,1716629,2.08,https://www.youtube.com/watch?v=aJT6PPtxQS4,https://i.ytimg.com/vi/aJT6PPtxQS4/maxresdefault.jpg
hate,hate him a roblox,ADOPTED Brother Made His Family HATE HIM! (A Roblox Movie),ShanePlays 2,5725330,2.35,https://www.youtube.com/watch?v=_EdiV08-Hyo,https://i.ytimg.com/vi/_EdiV08-Hyo/maxresdefault.jpg
hate,hate,Im a famous kpop start but I hate my life,Story Time Animated,1730037,2.28,https://www.youtube.com/watch?v=ZVRmBOK_f8U,https://i.ytimg.com/vi/ZVRmBOK_f8U/maxresdefault.jpg
drowns,drowns kid in pool,Evil Babysitter DROWNS KID in Pool!!!! Leaves Her For Dead!!!!,Life Lessons With Luis,11056993,5.76,https://www.youtube.com/watch?v=j1YlMYuM7jg,https://i.ytimg.com/vi/j1YlMYuM7jg/maxresdefault.jpg
own,own home,Angry Old Man Doesn’t Allow Black Family Inside Their Own Home.,SoulSnack,2276926,3.61,https://www.youtube.com/watch?v=w3pG_gEehEU,https://i.ytimg.com/vi/w3pG_gEehEU/maxresdefault.jpg
own,own bike,Karen Freaks out and Accuses Black Man of Stealing His Own Bike.,SoulSnack,1357626,2.15,https://www.youtube.com/watch?v=M0SafjcUUMs,https://i.ytimg.com/vi/M0SafjcUUMs/maxresdefault.jpg
hire,hire 100 bodyguards,What Happens If You Hire 100 Bodyguards?,Airrack,36093505,3.49,https://www.youtube.com/watch?v=b6fIzFW6M1w,https://i.ytimg.com/vi/b6fIzFW6M1w/maxresdefault.jpg
hire,hire 50 bodyguards,What Happens If You Hire 50 Bodyguards?,Airrack,23558457,2.28,https://www.youtube.com/watch?v=iu3tThEql7U,https://i.ytimg.com/vi/iu3tThEql7U/maxresdefault.jpg
bodyguards,bodyguards,What Happens If You Hire 100 Bodyguards?,Airrack,36093505,3.49,https://www.youtube.com/watch?v=b6fIzFW6M1w,https://i.ytimg.com/vi/b6fIzFW6M1w/maxresdefault.jpg
bodyguards,bodyguards,What Happens If You Hire 50 Bodyguards?,Airrack,23558457,2.28,https://www.youtube.com/watch?v=iu3tThEql7U,https://i.ytimg.com/vi/iu3tThEql7U/maxresdefault.jpg
note,note blocks animation,Note Blocks - Animation vs. Minecraft Shorts Ep. 5 (music by AaronGrooves),Alan Becker,235878667,3.22,https://www.youtube.com/watch?v=c9DrryMw248,https://i.ytimg.com/vi/c9DrryMw248/hqdefault.jpg
note,note block battle animation,Note Block Battle - Animation vs. Minecraft Shorts Ep 16 (Music by AaronGrooves),Alan Becker,185957556,2.54,https://www.youtube.com/watch?v=c0egcErkap0,https://i.ytimg.com/vi/c0egcErkap0/maxresdefault.jpg
aarongrooves,aarongrooves,Note Blocks - Animation vs. Minecraft Shorts Ep. 5 (music by AaronGrooves),Alan Becker,235878667,3.22,https://www.youtube.com/watch?v=c9DrryMw248,https://i.ytimg.com/vi/c9DrryMw248/hqdefault.jpg
aarongrooves,aarongrooves,Note Block Battle - Animation vs. Minecraft Shorts Ep 16 (Music by AaronGrooves),Alan Becker,185957556,2.54,https://www.youtube.com/watch?v=c0egcErkap0,https://i.ytimg.com/vi/c0egcErkap0/maxresdefault.jpg
innocent,innocent arab man,Racist Karen Attacks Innocent Arab Man. Then This Happens.,SoulSnack,1947200,3.09,https://www.youtube.com/watch?v=JOc5zJb-HzU,https://i.ytimg.com/vi/JOc5zJb-HzU/maxresdefault.jpg
innocent,innocent man,Serial Killer Pretending To Be Cop Arrests Innocent Man. Then This Happens,SoulSnack,1686511,2.68,https://www.youtube.com/watch?v=QlnL420_cjU,https://i.ytimg.com/vi/QlnL420_cjU/maxresdefault.jpg
kind,kind black waiter lesson,Rude Karen's Son Saved From Choking by Kind Black Waiter. Lesson In Karma,SoulSnack,1612631,2.56,https://www.youtube.com/watch?v=OGmh48PSAb8,https://i.ytimg.com/vi/OGmh48PSAb8/maxresdefault.jpg
kind,kind,I'm Too Kind,MSA,32005991,2.05,https://www.youtube.com/watch?v=034xc7f_Bsc,https://i.ytimg.com/vi/034xc7f_Bsc/maxresdefault.jpg
road,road,"My GPS Took Me Down A Road That Isn't On Any Map, And Now I Can't Leave",Dr. NoSleep Podcast,44187,2.41,https://www.youtube.com/watch?v=uFxmHrYB_YQ,https://i.ytimg.com/vi/uFxmHrYB_YQ/maxresdefault.jpg
road,road trip,3 Scary True Road Trip Horror Stories,Mr. Nightmare,6653135,2.19,https://www.youtube.com/watch?v=HlQqwpdlY7w,https://i.ytimg.com/vi/HlQqwpdlY7w/hqdefault.jpg
mouth,mouth,I Can't Control My Mouth,Story Time Animated,4361368,5.74,https://www.youtube.com/watch?v=z2QZo_ju_d4,https://i.ytimg.com/vi/z2QZo_ju_d4/maxresdefault.jpg
adults,adults parents turn,KIDS Turn Into ADULTS & PARENTS Turn Into KIDS for 24 HOURS CHALLENGE! | THE BEAST FAMILY,The Beast Family,4335531,3.4,https://www.youtube.com/watch?v=loQwGhiq2SE,https://i.ytimg.com/vi/loQwGhiq2SE/maxresdefault.jpg
adults,adults,"KIDS TURN INTO ADULTS, What Happens Is Shocking",The Beast Family,2961837,2.32,https://www.youtube.com/watch?v=jFMHKPAyxmM,https://i.ytimg.com/vi/jFMHKPAyxmM/maxresdefault.jpg
puppy,puppy,Raising a Puppy,Infamous Swoosh,8674239,2.44,https://www.youtube.com/watch?v=46T1NCke10s,https://i.ytimg.com/vi/46T1NCke10s/hqdefault.jpg
puppy,puppy surprise emotional,New Puppy Surprise! *Emotional*,The Royalty Family,36445427,2.14,https://www.youtube.com/watch?v=915nrUJohQ4,https://i.ytimg.com/vi/915nrUJohQ4/maxresdefault.jpg
head,head nerf trick shots,"Water Skip, Bucket Head NERF Trick Shots!",Dude Perfect,117514002,2.38,https://www.youtube.com/watch?v=f9jhWFKV3u0,https://i.ytimg.com/vi/f9jhWFKV3u0/hqdefault.jpg
head,head shocking ending,Guy Pulls Hijab off Muslim Girls Head!!!! SHOCKING ENDING!!!!!,Life Lessons With Luis,4238583,2.21,https://www.youtube.com/watch?v=B0iY4opoy1M,https://i.ytimg.com/vi/B0iY4opoy1M/maxresdefault.jpg
must,must see surprise ending,Student CALLED FAT and LAZY by Coach at School. Must see Surprise Ending. Totally Studios,Totally Studios,4458001,3.16,https://www.youtube.com/watch?v=zu6ZwekCSy8,https://i.ytimg.com/vi/zu6ZwekCSy8/maxresdefault.jpg
must,must see surprise ending,Rich Girl STEALS New iPHONE from Poor Classmate at School. Must See Surprise Ending.,Totally Studios,3590171,2.55,https://www.youtube.com/watch?v=0OPz7OKfBD8,https://i.ytimg.com/vi/0OPz7OKfBD8/maxresdefault.jpg
middle,middle of day,"If the Sky Goes Dark in the Middle of the Day, HIDE!!",Dr. NoSleep Podcast,43908,2.4,https://www.youtube.com/watch?v=AUqdGPQaEW8,https://i.ytimg.com/vi/AUqdGPQaEW8/maxresdefault.jpg
middle,middle school,Going Back To MIDDLE SCHOOL For A Day!,Stokes Twins,110809264,2.16,https://www.youtube.com/watch?v=plcU6ocDGSw,https://i.ytimg.com/vi/plcU6ocDGSw/maxresdefault.jpg
tiny,tiny homes,I Stayed in Luxury Tiny Homes,Ryan Trahan,36563373,3.62,https://www.youtube.com/watch?v=INQw5iRweUI,https://i.ytimg.com/vi/INQw5iRweUI/maxresdefault.jpg
tiny,tiny ecosystem,I Built a Tiny Ecosystem,Ryan Trahan,20778486,2.06,https://www.youtube.com/watch?v=NYnVf9XnDLI,https://i.ytimg.com/vi/NYnVf9XnDLI/maxresdefault.jpg
oldest,oldest underwater hotel,Overnight in the World's Oldest Underwater Hotel,Ryan Trahan,36214171,3.59,https://www.youtube.com/watch?v=egHL3l96fqc,https://i.ytimg.com/vi/egHL3l96fqc/maxresdefault.jpg
oldest,oldest hotel,Overnight in the World's Oldest Hotel,Ryan Trahan,21144504,2.1,https://www.youtube.com/watch?v=I0jEuZxo87M,https://i.ytimg.com/vi/I0jEuZxo87M/maxresdefault.jpg
rare,rare food,"$1 vs $100,000 Rare Food",Nick DiGiovanni,108148231,3.14,https://www.youtube.com/watch?v=4mGVkTCx2ls,https://i.ytimg.com/vi/4mGVkTCx2ls/maxresdefault.jpg
rare,rare food,I Ate Rare Food In EVERY Color,Nick DiGiovanni,87367259,2.54,https://www.youtube.com/watch?v=GPgW3MWmQwM,https://i.ytimg.com/vi/GPgW3MWmQwM/maxresdefault.jpg
lake,lake manor from 1,The Curse of Frost Lake Manor | From #1 Bestselling Author Tony Marturano,Dr. NoSleep Podcast,45042,2.46,https://www.youtube.com/watch?v=w1mLPlRKbhQ,https://i.ytimg.com/vi/w1mLPlRKbhQ/maxresdefault.jpg
lake,lake bodom,These teens should have never camped at Lake Bodom,MrBallen,5572607,2.08,https://www.youtube.com/watch?v=gi_GF9XOelw,https://i.ytimg.com/vi/gi_GF9XOelw/hqdefault.jpg
problem,problem school bathrooms,The Problem with School Bathrooms..,Tyler Vitelli,2522256,2.83,https://www.youtube.com/watch?v=paN_5HKoGlg,https://i.ytimg.com/vi/paN_5HKoGlg/maxresdefault.jpg
problem,problem each grade,The Problem with Each Grade of School..,Tyler Vitelli,2511833,2.82,https://www.youtube.com/watch?v=koybucnWKUE,https://i.ytimg.com/vi/koybucnWKUE/maxresdefault.jpg
stalker,stalker boyfriend paralyzes girlfriend,STALKER Boyfriend Paralyzes Girlfriend with INJECTION! | SAMEER BHAVNANI,Sameer Bhavnani,3058261,5.62,https://www.youtube.com/watch?v=NSEB1D7kUkQ,https://i.ytimg.com/vi/NSEB1D7kUkQ/maxresdefault.jpg
paralyzes,paralyzes girlfriend injection,STALKER Boyfriend Paralyzes Girlfriend with INJECTION! | SAMEER BHAVNANI,Sameer Bhavnani,3058261,5.62,https://www.youtube.com/watch?v=NSEB1D7kUkQ,https://i.ytimg.com/vi/NSEB1D7kUkQ/maxresdefault.jpg
injection,injection,STALKER Boyfriend Paralyzes Girlfriend with INJECTION! | SAMEER BHAVNANI,Sameer Bhavnani,3058261,5.62,https://www.youtube.com/watch?v=NSEB1D7kUkQ,https://i.ytimg.com/vi/NSEB1D7kUkQ/maxresdefault.jpg
guest,guest full movie,The Last Guest: FULL MOVIE (A Roblox Action Story),ObliviousHD,104700797,3.44,https://www.youtube.com/watch?v=1ZM6ztUlLWY,https://i.ytimg.com/vi/1ZM6ztUlLWY/hqdefault.jpg
guest,guest,"Roblox Music Video ♪ ""Believer"" (The Last Guest)",ObliviousHD,66284964,2.18,https://www.youtube.com/watch?v=zIss90uMcz0,https://i.ytimg.com/vi/zIss90uMcz0/hqdefault.jpg
standing,standing up to bullies,Standing Up To Bullies - YouTuber Jessii Vee's Story,storybooth,11226761,2.46,https://www.youtube.com/watch?v=cYgiud-PCIQ,https://i.ytimg.com/vi/cYgiud-PCIQ/maxresdefault.jpg
standing,standing floating nerf island,Last One Standing: Floating NERF Island Battle,Dude Perfect,100848544,2.05,https://www.youtube.com/watch?v=muzeGsrYpnQ,https://i.ytimg.com/vi/muzeGsrYpnQ/maxresdefault.jpg
getting,getting treated bad,"Girl HIDES She GETTING Treated Bad In School From Mom, What Happens Is Shocking | The Beast Family",The Beast Family,7137528,5.59,https://www.youtube.com/watch?v=ENeyhA7dzWo,https://i.ytimg.com/vi/ENeyhA7dzWo/maxresdefault.jpg
treated,treated bad in school,"Girl HIDES She GETTING Treated Bad In School From Mom, What Happens Is Shocking | The Beast Family",The Beast Family,7137528,5.59,https://www.youtube.com/watch?v=ENeyhA7dzWo,https://i.ytimg.com/vi/ENeyhA7dzWo/maxresdefault.jpg
discontinued,discontinued products,I Bought 250 DISCONTINUED Products From Our Childhood!,Stokes Twins,153290371,2.99,https://www.youtube.com/watch?v=Wny9C18HuHs,https://i.ytimg.com/vi/Wny9C18HuHs/maxresdefault.jpg
discontinued,discontinued products,I Bought 100 DISCONTINUED Products From Our Childhood!,Stokes Twins,133216306,2.6,https://www.youtube.com/watch?v=dXmWjV1eAXQ,https://i.ytimg.com/vi/dXmWjV1eAXQ/maxresdefault.jpg
ring,ring doorbell security cameras,3 Scary Footages Caught By Ring Doorbell Security Cameras (Horror Stories Animated),IMR Scary Tales,826329,2.36,https://www.youtube.com/watch?v=o2BuwBkHZAE,https://i.ytimg.com/vi/o2BuwBkHZAE/maxresdefault.jpg
ring,ring cameras vol 3,Scary Videos Caught on Ring Cameras (Vol. 3),Mr. Nightmare,6408451,2.11,https://www.youtube.com/watch?v=r-ViIM4eZiI,https://i.ytimg.com/vi/r-ViIM4eZiI/maxresdefault.jpg
cameras,cameras,3 Scary Footages Caught By Ring Doorbell Security Cameras (Horror Stories Animated),IMR Scary Tales,826329,2.36,https://www.youtube.com/watch?v=o2BuwBkHZAE,https://i.ytimg.com/vi/o2BuwBkHZAE/maxresdefault.jpg
cameras,cameras vol 3,Scary Videos Caught on Ring Cameras (Vol. 3),Mr. Nightmare,6408451,2.11,https://www.youtube.com/watch?v=r-ViIM4eZiI,https://i.ytimg.com/vi/r-ViIM4eZiI/maxresdefault.jpg
victim,victim,"CON ARTIST Falls IN LOVE With Victim, What Happens Is Shocking | Illumeably",Illumeably,1357184,2.3,https://www.youtube.com/watch?v=zco1YZnALUI,https://i.ytimg.com/vi/zco1YZnALUI/maxresdefault.jpg
victim,victim in hot car,Foster Parent Leaves Black Burn Victim In Hot Car. Then This Happens,SoulSnack,1366914,2.17,https://www.youtube.com/watch?v=-1QxpX5w9Xo,https://i.ytimg.com/vi/-1QxpX5w9Xo/maxresdefault.jpg
trying,trying 100 banned amazon,Trying 100 Banned Amazon Products!,Stokes Twins,153220662,2.99,https://www.youtube.com/watch?v=tjobI43dbTU,https://i.ytimg.com/vi/tjobI43dbTU/maxresdefault.jpg
trying,trying 100 hacks,TRYING 100 LIFE HACKS IN 24 HOURS!!,Stokes Twins,132000400,2.57,https://www.youtube.com/watch?v=7N70RcxxKsk,https://i.ytimg.com/vi/7N70RcxxKsk/maxresdefault.jpg
wash,wash owner shames wealthy,Car Wash Owner Shames Wealthy Black Customer. Then This Happens,SoulSnack,3482186,5.53,https://www.youtube.com/watch?v=zHhl51WXPic,https://i.ytimg.com/vi/zHhl51WXPic/maxresdefault.jpg
ice,ice of europa,"They Found Something Under the Ice of Europa in 2005, and It Wasn't Water…",Dr. NoSleep Podcast,63382,3.46,https://www.youtube.com/watch?v=u4dvp1T6ykI,https://i.ytimg.com/vi/u4dvp1T6ykI/maxresdefault.jpg
ice,ice there,"We Found a Ship Drifting in the Ice—There Was a Journal, But No Crew",Dr. NoSleep Podcast,37522,2.05,https://www.youtube.com/watch?v=BYfl27Elv_U,https://i.ytimg.com/vi/BYfl27Elv_U/maxresdefault.jpg
metaverse,metaverse,I Spent 100 Days in the Metaverse,Ryan Trahan,54828008,5.43,https://www.youtube.com/watch?v=mufeRQYgqZc,https://i.ytimg.com/vi/mufeRQYgqZc/maxresdefault.jpg
used,used things,Buying Used Things,Domics,22249589,3.31,https://www.youtube.com/watch?v=EU-eQpCqBXQ,https://i.ytimg.com/vi/EU-eQpCqBXQ/maxresdefault.jpg
used,used things,Buying Used Things 2,Domics,14232911,2.12,https://www.youtube.com/watch?v=JNyZ49q4vrU,https://i.ytimg.com/vi/JNyZ49q4vrU/maxresdefault.jpg
things,things,Buying Used Things,Domics,22249589,3.31,https://www.youtube.com/watch?v=EU-eQpCqBXQ,https://i.ytimg.com/vi/EU-eQpCqBXQ/maxresdefault.jpg
things,things,Buying Used Things 2,Domics,14232911,2.12,https://www.youtube.com/watch?v=JNyZ49q4vrU,https://i.ytimg.com/vi/JNyZ49q4vrU/maxresdefault.jpg
short,short,Short,Domics,15607109,2.32,https://www.youtube.com/watch?v=ye9OeMAc9oE,https://i.ytimg.com/vi/ye9OeMAc9oE/maxresdefault.jpg
short,short people vs 1,6 Short People vs 1 Secret Tall Person,Beta Squad,21261643,2.03,https://www.youtube.com/watch?v=KSQWkAmnTWo,https://i.ytimg.com/vi/KSQWkAmnTWo/maxresdefault.jpg
largest,largest slice of pizza,I Ate The World’s Largest Slice Of Pizza,MrBeast,342955871,2.27,https://www.youtube.com/watch?v=Rj_vssRaZlQ,https://i.ytimg.com/vi/Rj_vssRaZlQ/maxresdefault.jpg
largest,largest potato,Overnight INSIDE the World's Largest Potato,Ryan Trahan,20889489,2.07,https://www.youtube.com/watch?v=bdENHESVomg,https://i.ytimg.com/vi/bdENHESVomg/maxresdefault.jpg
lose,lose weight,Dad FAT SHAMES Daughter!!!! FORCES HER to Lose Weight,Life Lessons With Luis,4302682,2.24,https://www.youtube.com/watch?v=6xXblu0ACCs,https://i.ytimg.com/vi/6xXblu0ACCs/maxresdefault.jpg
lose,lose irl,"If You Scream, You Lose: IRL",Airrack,21613213,2.09,https://www.youtube.com/watch?v=K6LiS5qTmHo,https://i.ytimg.com/vi/K6LiS5qTmHo/maxresdefault.jpg
struggles,struggles in prison,New Girl Struggles in Prison | @DramatizeMe​,DramatizeMe,4449079,5.4,https://www.youtube.com/watch?v=6N8J-YQxlFg,https://i.ytimg.com/vi/6N8J-YQxlFg/maxresdefault.jpg
hillbilly,hillbilly cops pull,Hillbilly Cops Pull Over Powerful Black Judge for Driving While Black. Then This Happens,SoulSnack,3402990,5.4,https://www.youtube.com/watch?v=VmR2KaMlo_o,https://i.ytimg.com/vi/VmR2KaMlo_o/maxresdefault.jpg
played,played his psychotic game,"She played his PSYCHOTIC game, and no one believed her...",MrBallen,5930403,2.22,https://www.youtube.com/watch?v=DCQ6jq5mcDM,https://i.ytimg.com/vi/DCQ6jq5mcDM/maxresdefault.jpg
played,played,The best pokemon game you never played,JaidenAnimations,46508689,2.09,https://www.youtube.com/watch?v=jJNgocrAbKA,https://i.ytimg.com/vi/jJNgocrAbKA/maxresdefault.jpg
spring,spring break,Karen Catches Kids Eating TOO MUCH CANDY after Spring Break. What will Happen?,Totally Studios,7583530,5.38,https://www.youtube.com/watch?v=j-ReJNyxSiw,https://i.ytimg.com/vi/j-ReJNyxSiw/maxresdefault.jpg
break,break what will happen,Karen Catches Kids Eating TOO MUCH CANDY after Spring Break. What will Happen?,Totally Studios,7583530,5.38,https://www.youtube.com/watch?v=j-ReJNyxSiw,https://i.ytimg.com/vi/j-ReJNyxSiw/maxresdefault.jpg
happen,happen,Karen Catches Kids Eating TOO MUCH CANDY after Spring Break. What will Happen?,Totally Studios,7583530,5.38,https://www.youtube.com/watch?v=j-ReJNyxSiw,https://i.ytimg.com/vi/j-ReJNyxSiw/maxresdefault.jpg
lives,lives,The SCARIEST Night of our Lives,The Royalty Family,53093736,3.12,https://www.youtube.com/watch?v=E_Uu5bKRpzc,https://i.ytimg.com/vi/E_Uu5bKRpzc/maxresdefault.jpg
lives,lives instant regret,12 Year old Son & Mom SWAP LIVES! *Instant Regret*,The Royalty Family,38352797,2.26,https://www.youtube.com/watch?v=ksJqjusYFt0,https://i.ytimg.com/vi/ksJqjusYFt0/maxresdefault.jpg
escaping,escaping 100 layers,ESCAPING 100 LAYERS Of STEEL!,Unspeakable,34212486,2.78,https://www.youtube.com/watch?v=206Zg12nVO0,https://i.ytimg.com/vi/206Zg12nVO0/maxresdefault.jpg
escaping,escaping 100 layers,ESCAPING 100 LAYERS OF FOOD WITH MATT STONIE!,Unspeakable,31689797,2.58,https://www.youtube.com/watch?v=GYrPCNDA87s,https://i.ytimg.com/vi/GYrPCNDA87s/maxresdefault.jpg
layers,layers of steel,ESCAPING 100 LAYERS Of STEEL!,Unspeakable,34212486,2.78,https://www.youtube.com/watch?v=206Zg12nVO0,https://i.ytimg.com/vi/206Zg12nVO0/maxresdefault.jpg
layers,layers of food,ESCAPING 100 LAYERS OF FOOD WITH MATT STONIE!,Unspeakable,31689797,2.58,https://www.youtube.com/watch?v=GYrPCNDA87s,https://i.ytimg.com/vi/GYrPCNDA87s/maxresdefault.jpg
ages,ages 1 100 fight,"Ages 1 - 100 Fight For $500,000",MrBeast,469992749,3.11,https://www.youtube.com/watch?v=FM7Z-Xq8Drc,https://i.ytimg.com/vi/FM7Z-Xq8Drc/maxresdefault.jpg
ages,ages 1 100 decide,"Ages 1 - 100 Decide Who Wins $250,000",MrBeast,337971537,2.24,https://www.youtube.com/watch?v=l-nMKJ5J3Uc,https://i.ytimg.com/vi/l-nMKJ5J3Uc/maxresdefault.jpg
mature,mature audiences,Top 5 Bingeable SCARY STORIES • STRANGEST of the Strange Edition (*MATURE AUDIENCES*),MrBallen,8623375,3.23,https://www.youtube.com/watch?v=Z_jD-95RhWo,https://i.ytimg.com/vi/Z_jD-95RhWo/maxresdefault.jpg
mature,mature audiences,They all heard dead people • Top 3 Strange But True (*MATURE AUDIENCES*),MrBallen,5548208,2.08,https://www.youtube.com/watch?v=eCdzzoB7jrQ,https://i.ytimg.com/vi/eCdzzoB7jrQ/hqdefault.jpg
audiences,audiences,Top 5 Bingeable SCARY STORIES • STRANGEST of the Strange Edition (*MATURE AUDIENCES*),MrBallen,8623375,3.23,https://www.youtube.com/watch?v=Z_jD-95RhWo,https://i.ytimg.com/vi/Z_jD-95RhWo/maxresdefault.jpg
audiences,audiences,They all heard dead people • Top 3 Strange But True (*MATURE AUDIENCES*),MrBallen,5548208,2.08,https://www.youtube.com/watch?v=eCdzzoB7jrQ,https://i.ytimg.com/vi/eCdzzoB7jrQ/hqdefault.jpg
identity,identity to date,"Guy CHANGES IDENTITY To Date Two Girls, What Happens Next Is Shocking | Illumeably",Illumeably,1287691,2.18,https://www.youtube.com/watch?v=esWR87AXaag,https://i.ytimg.com/vi/esWR87AXaag/maxresdefault.jpg
identity,identity ft anna mcnulty,Cheerleader WEARS MASK To Hide Identity Ft. Anna McNulty | Dhar Mann Studios,Dhar Mann Studios,11143965,2.09,https://www.youtube.com/watch?v=omRUZSAf3Z4,https://i.ytimg.com/vi/omRUZSAf3Z4/maxresdefault.jpg
extremely,extremely disturbing camping,An Extremely Disturbing Camping Story,MrBallen,8454019,3.16,https://www.youtube.com/watch?v=hn-sLWFe13w,https://i.ytimg.com/vi/hn-sLWFe13w/maxresdefault.jpg
extremely,extremely distressing missing person,Extremely Distressing Missing Person Cases | TOP 3,MrBallen,5682327,2.13,https://www.youtube.com/watch?v=RsKSqWj3HpQ,https://i.ytimg.com/vi/RsKSqWj3HpQ/hqdefault.jpg
animator,animator vs animation 4,Animator vs. Animation 4 (original),Alan Becker,204252820,2.79,https://www.youtube.com/watch?v=VufDd-QL1c0,https://i.ytimg.com/vi/VufDd-QL1c0/maxresdefault.jpg
animator,animator vs animation season,Animator vs. Animation Season 2 (Ep  5-8),Alan Becker,183746004,2.51,https://www.youtube.com/watch?v=TF9I1GxNdJQ,https://i.ytimg.com/vi/TF9I1GxNdJQ/maxresdefault.jpg
genius,genius in math contest,Young Girl BEATS GENIUS In Math Contest | Dhar Mann Studios,Dhar Mann Studios,11702183,2.19,https://www.youtube.com/watch?v=dTzKXh51dlE,https://i.ytimg.com/vi/dTzKXh51dlE/maxresdefault.jpg
genius,genius,No One Knows I'm A Genius,Story Time Animated,1556581,2.05,https://www.youtube.com/watch?v=xu9r-DXes04,https://i.ytimg.com/vi/xu9r-DXes04/maxresdefault.jpg
passenger,passenger off plane,Karen THROWS First Class Passenger OFF PLANE. What Happens Next?,Totally Studios,7445013,5.28,https://www.youtube.com/watch?v=cvz0Dd5BWnE,https://i.ytimg.com/vi/cvz0Dd5BWnE/maxresdefault.jpg
airplane,airplane trick shots,Airplane Trick Shots | Dude Perfect,Dude Perfect,259559757,5.27,https://www.youtube.com/watch?v=8IQbF0IK-f4,https://i.ytimg.com/vi/8IQbF0IK-f4/maxresdefault.jpg
ikea,ikea food for 24,Eating Only iKEA FOOD For 24 HOURS!!,The Royalty Family,36810499,2.16,https://www.youtube.com/watch?v=0qCV27FtA9M,https://i.ytimg.com/vi/0qCV27FtA9M/maxresdefault.jpg
ikea,ikea,3 True IKEA HORROR  Stories Animated,IMR Scary Tales,721060,2.06,https://www.youtube.com/watch?v=MrS07wakoJo,https://i.ytimg.com/vi/MrS07wakoJo/maxresdefault.jpg
contest,contest,Young Girl BEATS GENIUS In Math Contest | Dhar Mann Studios,Dhar Mann Studios,11702183,2.19,https://www.youtube.com/watch?v=dTzKXh51dlE,https://i.ytimg.com/vi/dTzKXh51dlE/maxresdefault.jpg
contest,contest animation vs minecraft,The Building Contest - Animation vs. Minecraft Shorts Ep. 2,Alan Becker,147690501,2.01,https://www.youtube.com/watch?v=J_PRXuovweE,https://i.ytimg.com/vi/J_PRXuovweE/maxresdefault.jpg
abusive,abusive boyfriend,"Father Confronts Abusive Boyfriend, Then this happens... | Sameer Bhavnani",Sameer Bhavnani,1752045,3.22,https://www.youtube.com/watch?v=Mb70URajp-4,https://i.ytimg.com/vi/Mb70URajp-4/maxresdefault.jpg
abusive,abusive teacher gives black,Abusive Teacher Gives Black Eye! Lives to Regret It... | Sameer Bhavnani,Sameer Bhavnani,1107722,2.03,https://www.youtube.com/watch?v=wiiT_RMoj3w,https://i.ytimg.com/vi/wiiT_RMoj3w/maxresdefault.jpg
crushes,crushes,Crushes,Domics,35098740,5.23,https://www.youtube.com/watch?v=eNGgfPs0Xp8,https://i.ytimg.com/vi/eNGgfPs0Xp8/maxresdefault.jpg
sports,sports golf battle,All Sports Golf Battle | Dude Perfect,Dude Perfect,143231158,2.91,https://www.youtube.com/watch?v=_lyAEL4Wqao,https://i.ytimg.com/vi/_lyAEL4Wqao/maxresdefault.jpg
sports,sports golf battle,All Sports Golf Battle 2: Beard on the Line,Dude Perfect,113742596,2.31,https://www.youtube.com/watch?v=-RmUADCWI4A,https://i.ytimg.com/vi/-RmUADCWI4A/maxresdefault.jpg
golf,golf battle,All Sports Golf Battle | Dude Perfect,Dude Perfect,143231158,2.91,https://www.youtube.com/watch?v=_lyAEL4Wqao,https://i.ytimg.com/vi/_lyAEL4Wqao/maxresdefault.jpg
golf,golf battle beard,All Sports Golf Battle 2: Beard on the Line,Dude Perfect,113742596,2.31,https://www.youtube.com/watch?v=-RmUADCWI4A,https://i.ytimg.com/vi/-RmUADCWI4A/maxresdefault.jpg
building,building,People Are Disappearing From My Apartment Building,Dr. NoSleep Podcast,39687,2.16,https://www.youtube.com/watch?v=55PWzrO_Yz4,https://i.ytimg.com/vi/55PWzrO_Yz4/maxresdefault.jpg
building,building contest animation,The Building Contest - Animation vs. Minecraft Shorts Ep. 2,Alan Becker,147690501,2.01,https://www.youtube.com/watch?v=J_PRXuovweE,https://i.ytimg.com/vi/J_PRXuovweE/maxresdefault.jpg
fire,fire,Our City is on Fire...,The Royalty Family,36497682,2.15,https://www.youtube.com/watch?v=i7K1FKOV9ns,https://i.ytimg.com/vi/i7K1FKOV9ns/maxresdefault.jpg
fire,fire drill,3 Creepy True Fire Drill Stories,Mr. Nightmare,6126393,2.01,https://www.youtube.com/watch?v=EyNYkQvqK48,https://i.ytimg.com/vi/EyNYkQvqK48/maxresdefault.jpg
diet,diet,Eating The World's HEAVIEST Man’s Daily Diet!,Stokes Twins,107529239,2.1,https://www.youtube.com/watch?v=wTnp74TnRjQ,https://i.ytimg.com/vi/wTnp74TnRjQ/maxresdefault.jpg
diet,diet,Wife Ordered To Diet | @DramatizeMe,DramatizeMe,1700239,2.06,https://www.youtube.com/watch?v=77k41IeBMu4,https://i.ytimg.com/vi/77k41IeBMu4/maxresdefault.jpg
competitive,competitive coach crosses,A Competitive Coach Crosses the Line | Scripted Drama,Sameer Bhavnani,2821698,5.18,https://www.youtube.com/watch?v=-PdQsjjIR7Y,https://i.ytimg.com/vi/-PdQsjjIR7Y/maxresdefault.jpg
drawings,drawings backstories,3 Disturbing Children's Drawings with Backstories,Mr. Nightmare,8724923,2.87,https://www.youtube.com/watch?v=zm5B4IjYlaE,https://i.ytimg.com/vi/zm5B4IjYlaE/maxresdefault.jpg
drawings,drawings disturbing backstories,4 Children's Drawings With Disturbing Backstories (V3),Mr. Nightmare,7061329,2.32,https://www.youtube.com/watch?v=AeFPU-LfNwo,https://i.ytimg.com/vi/AeFPU-LfNwo/maxresdefault.jpg
backstories,backstories,3 Disturbing Children's Drawings with Backstories,Mr. Nightmare,8724923,2.87,https://www.youtube.com/watch?v=zm5B4IjYlaE,https://i.ytimg.com/vi/zm5B4IjYlaE/maxresdefault.jpg
backstories,backstories v3,4 Children's Drawings With Disturbing Backstories (V3),Mr. Nightmare,7061329,2.32,https://www.youtube.com/watch?v=AeFPU-LfNwo,https://i.ytimg.com/vi/AeFPU-LfNwo/maxresdefault.jpg
cheapest,cheapest mom,Kid Survives The World's Cheapest Mom | Dhar Mann Studios,Dhar Mann Studios,11293175,2.12,https://www.youtube.com/watch?v=-1Jkd8muBuo,https://i.ytimg.com/vi/-1Jkd8muBuo/maxresdefault.jpg
cheapest,cheapest hotel,Overnight in the World's Cheapest Hotel,Ryan Trahan,20309314,2.01,https://www.youtube.com/watch?v=O-lROmPEIZ4,https://i.ytimg.com/vi/O-lROmPEIZ4/maxresdefault.jpg
captain,captain,Cowboy Cops Pull Over Black Police Captain. Then This Happens,SoulSnack,1692589,2.69,https://www.youtube.com/watch?v=bpjlgwxJQ6w,https://i.ytimg.com/vi/bpjlgwxJQ6w/maxresdefault.jpg
captain,captain s teen son,Racist Cop Pulls Over Black Police Captain’s Teen Son.,SoulSnack,1545787,2.45,https://www.youtube.com/watch?v=EYEFIf7sGGA,https://i.ytimg.com/vi/EYEFIf7sGGA/maxresdefault.jpg
sick,sick minds edition,TOP 5 Bingeable SCARY STORIES • Sick Minds Edition,MrBallen,5611317,2.1,https://www.youtube.com/watch?v=GyljYbQiGj8,https://i.ytimg.com/vi/GyljYbQiGj8/maxresdefault.jpg
sick,sick,Injuries & Being Sick,JaidenAnimations,44485776,2.0,https://www.youtube.com/watch?v=BsQq_ySHb_k,https://i.ytimg.com/vi/BsQq_ySHb_k/maxresdefault.jpg
deadliest,deadliest obstacle course,World’s Deadliest Obstacle Course!,MrBeast,449751287,2.98,https://www.youtube.com/watch?v=PWirijQkH4M,https://i.ytimg.com/vi/PWirijQkH4M/maxresdefault.jpg
deadliest,deadliest laser maze,"10 People Vs World's Deadliest Laser Maze for $250,000",MrBeast,320109691,2.12,https://www.youtube.com/watch?v=QjvpjXdgugA,https://i.ytimg.com/vi/QjvpjXdgugA/maxresdefault.jpg
guard,guard asks girl,Guard Asks Girl To Remove Her Dress  | @DramatizeMe,DramatizeMe,4196107,5.09,https://www.youtube.com/watch?v=nK7KNpkaR98,https://i.ytimg.com/vi/nK7KNpkaR98/maxresdefault.jpg
remove,remove her dress,Guard Asks Girl To Remove Her Dress  | @DramatizeMe,DramatizeMe,4196107,5.09,https://www.youtube.com/watch?v=nK7KNpkaR98,https://i.ytimg.com/vi/nK7KNpkaR98/maxresdefault.jpg
dress,dress,Guard Asks Girl To Remove Her Dress  | @DramatizeMe,DramatizeMe,4196107,5.09,https://www.youtube.com/watch?v=nK7KNpkaR98,https://i.ytimg.com/vi/nK7KNpkaR98/maxresdefault.jpg
small,small children,Angry Old White Man Tries to Steal iPhone 13 from Small Children,SoulSnack,3205346,5.09,https://www.youtube.com/watch?v=EGszMYq8OMI,https://i.ytimg.com/vi/EGszMYq8OMI/maxresdefault.jpg
trip,trip,3 True Scary Field Trip Horror Stories,Mr. Nightmare,8765057,2.88,https://www.youtube.com/watch?v=TIkdOo1vud4,https://i.ytimg.com/vi/TIkdOo1vud4/hqdefault.jpg
trip,trip,3 Scary True Road Trip Horror Stories,Mr. Nightmare,6653135,2.19,https://www.youtube.com/watch?v=HlQqwpdlY7w,https://i.ytimg.com/vi/HlQqwpdlY7w/hqdefault.jpg
strangers,strangers lying in public,I Caught Strangers Lying In Public,Airrack,29081464,2.81,https://www.youtube.com/watch?v=PJqlSJ8pzy8,https://i.ytimg.com/vi/PJqlSJ8pzy8/maxresdefault.jpg
strangers,strangers in a box,I Trapped 25 Strangers In A Box,Airrack,23383019,2.26,https://www.youtube.com/watch?v=xcGiyOxZpCw,https://i.ytimg.com/vi/xcGiyOxZpCw/maxresdefault.jpg
floating,floating nerf island battle,Last One Standing: Floating NERF Island Battle,Dude Perfect,100848544,2.05,https://www.youtube.com/watch?v=muzeGsrYpnQ,https://i.ytimg.com/vi/muzeGsrYpnQ/maxresdefault.jpg
floating,floating house,I Built a Floating House!,Ben Azelart,56449802,2.01,https://www.youtube.com/watch?v=TMrQPJnQMqY,https://i.ytimg.com/vi/TMrQPJnQMqY/maxresdefault.jpg
passengers,passengers before flying,Airline WEIGHS PASSENGERS Before Flying. Too Heavy for the Plane?,Totally Studios,3587187,2.55,https://www.youtube.com/watch?v=Twt4ILRIMsE,https://i.ytimg.com/vi/Twt4ILRIMsE/maxresdefault.jpg
passengers,passengers when pilots,Kid SAVES PLANE Full of Passengers when Pilots Can’t Fly.,Totally Studios,3535405,2.51,https://www.youtube.com/watch?v=skIhO1B1FfU,https://i.ytimg.com/vi/skIhO1B1FfU/maxresdefault.jpg
origin,origin cartoon animation,ZOOKEEPER's SAD ORIGIN STORY... (Cartoon Animation),GameToons,9587613,3.01,https://www.youtube.com/watch?v=LagWKNf99zQ,https://i.ytimg.com/vi/LagWKNf99zQ/maxresdefault.jpg
origin,origin of wubbox,ORIGIN of the WUBBOX! (Cartoon Animation),GameToons,6397490,2.01,https://www.youtube.com/watch?v=oAibkmhAwrk,https://i.ytimg.com/vi/oAibkmhAwrk/maxresdefault.jpg
jordan,jordan matter,"We ADOPTED a GIRL, But Our SON Gets JEALOUS! ft/ Jordan Matter",The Royalty Family,85183388,5.01,https://www.youtube.com/watch?v=foQIRatJyj0,https://i.ytimg.com/vi/foQIRatJyj0/maxresdefault.jpg
sheriff,sheriff shocking ending,Policeman Arrests Black Woman Who Is Married to The Sheriff. Shocking Ending.,SoulSnack,3147509,5.0,https://www.youtube.com/watch?v=HrGr0Ues4ts,https://i.ytimg.com/vi/HrGr0Ues4ts/maxresdefault.jpg
bbq,bbq,Crazy Karen Ruins Kid's BBQ Party. Then This Happens.,SoulSnack,3151365,5.0,https://www.youtube.com/watch?v=8LZD3muWfyE,https://i.ytimg.com/vi/8LZD3muWfyE/maxresdefault.jpg
heartfelt,heartfelt,Sister Gets Pregnant By Step Brother... A Heartfelt Story | Sameer Bhavnani,Sameer Bhavnani,1389000,2.55,https://www.youtube.com/watch?v=kV1VypA-c_c,https://i.ytimg.com/vi/kV1VypA-c_c/maxresdefault.jpg
heartfelt,heartfelt drama,Wife Gets Pregnant by Husband's Father! A Heartfelt Drama | Sameer Bhavnani,Sameer Bhavnani,1329964,2.44,https://www.youtube.com/watch?v=K9wpQ67kCeQ,https://i.ytimg.com/vi/K9wpQ67kCeQ/maxresdefault.jpg
scorching,scorching hot car soon,Evil Mom Leaves Son In Scorching Hot Car. Soon Lives To Regret It.,SoulSnack,3124007,4.96,https://www.youtube.com/watch?v=jBJL_-e-0O8,https://i.ytimg.com/vi/jBJL_-e-0O8/maxresdefault.jpg
soon,soon lives to regret,Evil Mom Leaves Son In Scorching Hot Car. Soon Lives To Regret It.,SoulSnack,3124007,4.96,https://www.youtube.com/watch?v=jBJL_-e-0O8,https://i.ytimg.com/vi/jBJL_-e-0O8/maxresdefault.jpg
dogday,dogday buys his first,DOGDAY BUYS HIS FIRST HOUSE?!  (Cartoon Animation),GameToons,8286291,2.6,https://www.youtube.com/watch?v=kBN6h0xBVXo,https://i.ytimg.com/vi/kBN6h0xBVXo/maxresdefault.jpg
dogday,dogday abandoned at birth,DOGDAY: ABANDONED AT BIRTH... (Cartoon Animation),GameToons,7533691,2.36,https://www.youtube.com/watch?v=saQchZJ7m2E,https://i.ytimg.com/vi/saQchZJ7m2E/maxresdefault.jpg
cursed,cursed amazon products,"I Bought 1,000 Cursed Amazon Products!",Stokes Twins,133225398,2.6,https://www.youtube.com/watch?v=MskUZ6E4n9Y,https://i.ytimg.com/vi/MskUZ6E4n9Y/maxresdefault.jpg
cursed,cursed amazon products,I Bought 100 CURSED Amazon Products!,Stokes Twins,120792914,2.35,https://www.youtube.com/watch?v=6iKJZqDSPGc,https://i.ytimg.com/vi/6iKJZqDSPGc/maxresdefault.jpg
kfc,kfc,3 KFC Horror Stories Animated,IMR Scary Tales,1737263,4.95,https://www.youtube.com/watch?v=byUGZs3GYE4,https://i.ytimg.com/vi/byUGZs3GYE4/maxresdefault.jpg
heard,heard of is still,A Disaster You've Never Heard of Is Still Controlling Our Timeline | Butterfly Effects ep.01,MrBallen,7656631,2.86,https://www.youtube.com/watch?v=BaGJBlKT8NA,https://i.ytimg.com/vi/BaGJBlKT8NA/hqdefault.jpg
heard,heard dead people top,They all heard dead people • Top 3 Strange But True (*MATURE AUDIENCES*),MrBallen,5548208,2.08,https://www.youtube.com/watch?v=eCdzzoB7jrQ,https://i.ytimg.com/vi/eCdzzoB7jrQ/hqdefault.jpg
drop,drop,EXTREME WIN or FAIL PRIZE DROP!,Unspeakable,32909722,2.68,https://www.youtube.com/watch?v=dBm_Fh27I4o,https://i.ytimg.com/vi/dBm_Fh27I4o/maxresdefault.jpg
drop,drop,"*EXTREME* LAST TO FALL, WINS! 100FT DROP...",Unspeakable,27673970,2.25,https://www.youtube.com/watch?v=PeUJDIvLCAk,https://i.ytimg.com/vi/PeUJDIvLCAk/maxresdefault.jpg
zoo,zoo in my house,I Built a SECRET Zoo In My House!,Ben Azelart,137949276,4.9,https://www.youtube.com/watch?v=9qmfPvrm6ew,https://i.ytimg.com/vi/9qmfPvrm6ew/maxresdefault.jpg
airbnb,airbnb category,I Tried Every Airbnb Category,Ryan Trahan,28623563,2.84,https://www.youtube.com/watch?v=9ZXzsjeRtdk,https://i.ytimg.com/vi/9ZXzsjeRtdk/maxresdefault.jpg
airbnb,airbnb,I Stayed in Every State's Top Ranked Airbnb,Ryan Trahan,20838860,2.06,https://www.youtube.com/watch?v=xyIF9hoNGqU,https://i.ytimg.com/vi/xyIF9hoNGqU/maxresdefault.jpg
chalk,chalk on sidewalk,Crazy Karen Ruins Black Kids Chalk on Sidewalk. Then This Happens,SoulSnack,3073706,4.88,https://www.youtube.com/watch?v=z7gMD54ixuU,https://i.ytimg.com/vi/z7gMD54ixuU/maxresdefault.jpg
sidewalk,sidewalk,Crazy Karen Ruins Black Kids Chalk on Sidewalk. Then This Happens,SoulSnack,3073706,4.88,https://www.youtube.com/watch?v=z7gMD54ixuU,https://i.ytimg.com/vi/z7gMD54ixuU/maxresdefault.jpg
december,december 2021,23 Horror Stories Animated (Compilation of December 2021),IMR Scary Tales,1703898,4.86,https://www.youtube.com/watch?v=Vb90YPtr2EY,https://i.ytimg.com/vi/Vb90YPtr2EY/maxresdefault.jpg
ruining,ruining,I Can’t Stop Growing and It’s Ruining My Life!,Story Time Animated,2152712,2.83,https://www.youtube.com/watch?v=QQIqh5C6Iqk,https://i.ytimg.com/vi/QQIqh5C6Iqk/maxresdefault.jpg
ruining,ruining,My Mom Still Acts Like A TODDLER & It’s Ruining Everything,Story Time Animated,1532504,2.02,https://www.youtube.com/watch?v=tWDMbptEY2k,https://i.ytimg.com/vi/tWDMbptEY2k/maxresdefault.jpg
heartbreaking,heartbreaking decision changes,A Heartbreaking Decision Changes Everything | Emotional Drama,Sameer Bhavnani,2630028,4.83,https://www.youtube.com/watch?v=4wGvcwpDO9M,https://i.ytimg.com/vi/4wGvcwpDO9M/maxresdefault.jpg
abuses,abuses his wife,"Husband Abuses His Wife, He Instantly Regrets It.",Vid Chronicles,1053175,4.82,https://www.youtube.com/watch?v=dWbH1zI687I,https://i.ytimg.com/vi/dWbH1zI687I/maxresdefault.jpg
science,science found hell,When Science Found Hell,Dr. NoSleep Podcast,88431,4.82,https://www.youtube.com/watch?v=Fr79WKPyVOo,https://i.ytimg.com/vi/Fr79WKPyVOo/maxresdefault.jpg
realistic,realistic minecraft,I Spent 100 Days in Realistic Minecraft,Ryan Trahan,48477694,4.8,https://www.youtube.com/watch?v=OHbKGR7N1iI,https://i.ytimg.com/vi/OHbKGR7N1iI/maxresdefault.jpg
advantage,advantage of a drunk,"An Uber Driver Takes Advantage of A Drunk Girl, Then This Happens... | Sameer Bhavnani",Sameer Bhavnani,2598121,4.77,https://www.youtube.com/watch?v=zir6uw3wycY,https://i.ytimg.com/vi/zir6uw3wycY/maxresdefault.jpg
sooubway,sooubway part 3,Sooubway Part 3,TheOdd1sOut,101231555,2.42,https://www.youtube.com/watch?v=MqFBlaMQKmw,https://i.ytimg.com/vi/MqFBlaMQKmw/maxresdefault.jpg
sooubway,sooubway,Work Stories (sooubway),TheOdd1sOut,98202632,2.35,https://www.youtube.com/watch?v=cV542dRK3uk,https://i.ytimg.com/vi/cV542dRK3uk/maxresdefault.jpg
flushes,flushes iphone,Karen FLUSHES IPHONE on a Plane. And she BANS PHONES in School. Surprise Ending.,Totally Studios,6688821,4.75,https://www.youtube.com/watch?v=RgYcbMQjhas,https://i.ytimg.com/vi/RgYcbMQjhas/maxresdefault.jpg
bans,bans phones in school,Karen FLUSHES IPHONE on a Plane. And she BANS PHONES in School. Surprise Ending.,Totally Studios,6688821,4.75,https://www.youtube.com/watch?v=RgYcbMQjhas,https://i.ytimg.com/vi/RgYcbMQjhas/maxresdefault.jpg
phones,phones in school surprise,Karen FLUSHES IPHONE on a Plane. And she BANS PHONES in School. Surprise Ending.,Totally Studios,6688821,4.75,https://www.youtube.com/watch?v=RgYcbMQjhas,https://i.ytimg.com/vi/RgYcbMQjhas/maxresdefault.jpg
huge,huge on essay,Teacher TAKES A HUGE 💩 on ESSAY! What Happens Next... | SAMEER BHAVNANI,Sameer Bhavnani,2577858,4.73,https://www.youtube.com/watch?v=NSt2QlhY1fk,https://i.ytimg.com/vi/NSt2QlhY1fk/maxresdefault.jpg
essay,essay,Teacher TAKES A HUGE 💩 on ESSAY! What Happens Next... | SAMEER BHAVNANI,Sameer Bhavnani,2577858,4.73,https://www.youtube.com/watch?v=NSt2QlhY1fk,https://i.ytimg.com/vi/NSt2QlhY1fk/maxresdefault.jpg
doge,doge coin millionaire buys,Doge Coin Millionaire Buys Back Grandma's House! | Sameer Bhavnani,Sameer Bhavnani,2578089,4.73,https://www.youtube.com/watch?v=lGPa9Z4yRbw,https://i.ytimg.com/vi/lGPa9Z4yRbw/maxresdefault.jpg
coin,coin millionaire buys,Doge Coin Millionaire Buys Back Grandma's House! | Sameer Bhavnani,Sameer Bhavnani,2578089,4.73,https://www.youtube.com/watch?v=lGPa9Z4yRbw,https://i.ytimg.com/vi/lGPa9Z4yRbw/maxresdefault.jpg
account,account deleted,Kid becomes Roblox BILLIONAIRE after Account Deleted. What about the Cute Girl?,Totally Studios,6655143,4.72,https://www.youtube.com/watch?v=jC-TgCGSoWg,https://i.ytimg.com/vi/jC-TgCGSoWg/maxresdefault.jpg
deleted,deleted,Kid becomes Roblox BILLIONAIRE after Account Deleted. What about the Cute Girl?,Totally Studios,6655143,4.72,https://www.youtube.com/watch?v=jC-TgCGSoWg,https://i.ytimg.com/vi/jC-TgCGSoWg/maxresdefault.jpg
cute,cute girl,Kid becomes Roblox BILLIONAIRE after Account Deleted. What about the Cute Girl?,Totally Studios,6655143,4.72,https://www.youtube.com/watch?v=jC-TgCGSoWg,https://i.ytimg.com/vi/jC-TgCGSoWg/maxresdefault.jpg
year,year olds,I Exposed 5 of the World's Most Evil 10 Year Olds!,Stokes Twins,128230374,2.5,https://www.youtube.com/watch?v=z3L_ng4q5aw,https://i.ytimg.com/vi/z3L_ng4q5aw/maxresdefault.jpg
year,year olds,I Exposed the World’s Most Evil 10 Year Olds!,Stokes Twins,113709508,2.22,https://www.youtube.com/watch?v=PCE_DfFsTZM,https://i.ytimg.com/vi/PCE_DfFsTZM/maxresdefault.jpg
olds,olds,I Exposed 5 of the World's Most Evil 10 Year Olds!,Stokes Twins,128230374,2.5,https://www.youtube.com/watch?v=z3L_ng4q5aw,https://i.ytimg.com/vi/z3L_ng4q5aw/maxresdefault.jpg
olds,olds,I Exposed the World’s Most Evil 10 Year Olds!,Stokes Twins,113709508,2.22,https://www.youtube.com/watch?v=PCE_DfFsTZM,https://i.ytimg.com/vi/PCE_DfFsTZM/maxresdefault.jpg
failed,failed at hiding truth,Cheating Wife Failed At Hiding Truth | @DramatizeMe,DramatizeMe,3871322,4.7,https://www.youtube.com/watch?v=_UjYk7QWkUc,https://i.ytimg.com/vi/_UjYk7QWkUc/maxresdefault.jpg
using,using only minecraft's crafting,"I Survived Using Only Minecraft's ""Crafting Guide""",Ryan Trahan,24225979,2.4,https://www.youtube.com/watch?v=ehfisK6MASw,https://i.ytimg.com/vi/ehfisK6MASw/maxresdefault.jpg
using,using fake photos,Asking Celebrities If They Remember Me (using fake photos),Ryan Trahan,23285439,2.31,https://www.youtube.com/watch?v=7aeQ941TUjk,https://i.ytimg.com/vi/7aeQ941TUjk/maxresdefault.jpg
worms,worms gummy food,WE HAD TO EAT REAL WORMS! GUMMY FOOD VS REAL FOOD CHALLENGE! | SIS VS BRO | THE BEAST FAMILY,The Beast Family,5966637,4.68,https://www.youtube.com/watch?v=z4VUVyNfR9w,https://i.ytimg.com/vi/z4VUVyNfR9w/maxresdefault.jpg
gummy,gummy food vs real,WE HAD TO EAT REAL WORMS! GUMMY FOOD VS REAL FOOD CHALLENGE! | SIS VS BRO | THE BEAST FAMILY,The Beast Family,5966637,4.68,https://www.youtube.com/watch?v=z4VUVyNfR9w,https://i.ytimg.com/vi/z4VUVyNfR9w/maxresdefault.jpg
garten,garten of banban cartoon,The FULL Story of Garten of Banban... (Cartoon Animation),GameToons,8317038,2.61,https://www.youtube.com/watch?v=_2s7XSU2Bl0,https://i.ytimg.com/vi/_2s7XSU2Bl0/maxresdefault.jpg
garten,garten of banban cartoon,"RAINBOW FRIENDS, But They're GARTEN OF BANBAN?! (Cartoon Animation)",GameToons,6505131,2.04,https://www.youtube.com/watch?v=Mb7FBxFGv4U,https://i.ytimg.com/vi/Mb7FBxFGv4U/maxresdefault.jpg
banban,banban cartoon animation,The FULL Story of Garten of Banban... (Cartoon Animation),GameToons,8317038,2.61,https://www.youtube.com/watch?v=_2s7XSU2Bl0,https://i.ytimg.com/vi/_2s7XSU2Bl0/maxresdefault.jpg
banban,banban cartoon animation,"RAINBOW FRIENDS, But They're GARTEN OF BANBAN?! (Cartoon Animation)",GameToons,6505131,2.04,https://www.youtube.com/watch?v=Mb7FBxFGv4U,https://i.ytimg.com/vi/Mb7FBxFGv4U/maxresdefault.jpg
zookeeper,zookeeper,ZOOKEEPER is NOT a MONSTER... (Cartoon Animation),GameToons,8297614,2.6,https://www.youtube.com/watch?v=S9OU3y6LA5U,https://i.ytimg.com/vi/S9OU3y6LA5U/maxresdefault.jpg
zookeeper,zookeeper cartoon animation,SAVED By ZOOKEEPER?! (Cartoon Animation),GameToons,6547433,2.05,https://www.youtube.com/watch?v=qxiy2Y6EPsQ,https://i.ytimg.com/vi/qxiy2Y6EPsQ/maxresdefault.jpg
dating,dating girls based,Blind Dating Girls Based On Their Outfits Ft FILLY,Beta Squad,26871243,2.57,https://www.youtube.com/watch?v=Sp99mTG-DW8,https://i.ytimg.com/vi/Sp99mTG-DW8/maxresdefault.jpg
dating,dating girls based,Blind Dating Girls Based On Their Outfits Ft Harry Pinero,Beta Squad,21793716,2.08,https://www.youtube.com/watch?v=eBYTol2UoHA,https://i.ytimg.com/vi/eBYTol2UoHA/maxresdefault.jpg
based,based on their outfits,Blind Dating Girls Based On Their Outfits Ft FILLY,Beta Squad,26871243,2.57,https://www.youtube.com/watch?v=Sp99mTG-DW8,https://i.ytimg.com/vi/Sp99mTG-DW8/maxresdefault.jpg
based,based on their outfits,Blind Dating Girls Based On Their Outfits Ft Harry Pinero,Beta Squad,21793716,2.08,https://www.youtube.com/watch?v=eBYTol2UoHA,https://i.ytimg.com/vi/eBYTol2UoHA/maxresdefault.jpg
outfits,outfits ft filly,Blind Dating Girls Based On Their Outfits Ft FILLY,Beta Squad,26871243,2.57,https://www.youtube.com/watch?v=Sp99mTG-DW8,https://i.ytimg.com/vi/Sp99mTG-DW8/maxresdefault.jpg
outfits,outfits ft harry pinero,Blind Dating Girls Based On Their Outfits Ft Harry Pinero,Beta Squad,21793716,2.08,https://www.youtube.com/watch?v=eBYTol2UoHA,https://i.ytimg.com/vi/eBYTol2UoHA/maxresdefault.jpg
shortest,shortest woman,I Spent 24 Hours With The World’s SHORTEST Woman!,Stokes Twins,237841182,4.63,https://www.youtube.com/watch?v=TzebVGUMrGU,https://i.ytimg.com/vi/TzebVGUMrGU/maxresdefault.jpg
tree,tree house,I Built a SECRET Tree House in My Backyard!,Ben Azelart,129850738,4.62,https://www.youtube.com/watch?v=S-urPnZysx0,https://i.ytimg.com/vi/S-urPnZysx0/maxresdefault.jpg
births,births 3 kids,"Mom BIRTHS 3 KIDS IN ONE MONTH, What Happens Next Is SHOCKING | THE BEAST FAMILY",The Beast Family,5853258,4.59,https://www.youtube.com/watch?v=aEKrnSKW82s,https://i.ytimg.com/vi/aEKrnSKW82s/maxresdefault.jpg
month,month,"Mom BIRTHS 3 KIDS IN ONE MONTH, What Happens Next Is SHOCKING | THE BEAST FAMILY",The Beast Family,5853258,4.59,https://www.youtube.com/watch?v=aEKrnSKW82s,https://i.ytimg.com/vi/aEKrnSKW82s/maxresdefault.jpg
flew,flew around world,I Flew Around the World in First Class,Ryan Trahan,46247821,4.58,https://www.youtube.com/watch?v=mDnQnoNhez0,https://i.ytimg.com/vi/mDnQnoNhez0/maxresdefault.jpg
pringles,pringles can shot ping,WORLD'S LARGEST Pringles Can Shot (Ping Pong Trick Shots 2),Dude Perfect,224925144,4.56,https://www.youtube.com/watch?v=UtsfUAHkyWQ,https://i.ytimg.com/vi/UtsfUAHkyWQ/maxresdefault.jpg
shot,shot ping pong trick,WORLD'S LARGEST Pringles Can Shot (Ping Pong Trick Shots 2),Dude Perfect,224925144,4.56,https://www.youtube.com/watch?v=UtsfUAHkyWQ,https://i.ytimg.com/vi/UtsfUAHkyWQ/maxresdefault.jpg
march,march 2022,24 HORROR STORIES ANIMATED (March 2022 Compilation),IMR Scary Tales,1597367,4.55,https://www.youtube.com/watch?v=3VbNxKUXs0E,https://i.ytimg.com/vi/3VbNxKUXs0E/maxresdefault.jpg
janitor,janitor meets girlfriend's rich,"POOR Janitor Meets Girlfriend's RICH DAD, What Janitor Does Is Shocking | Illumeably",Illumeably,2651578,4.5,https://www.youtube.com/watch?v=lmj4WZK8ZoI,https://i.ytimg.com/vi/lmj4WZK8ZoI/maxresdefault.jpg
girlfriend's,girlfriend's rich dad,"POOR Janitor Meets Girlfriend's RICH DAD, What Janitor Does Is Shocking | Illumeably",Illumeably,2651578,4.5,https://www.youtube.com/watch?v=lmj4WZK8ZoI,https://i.ytimg.com/vi/lmj4WZK8ZoI/maxresdefault.jpg
opened,opened worlds biggest lemonade,I Opened Worlds Biggest Lemonade Stand,Unspeakable,28843221,2.35,https://www.youtube.com/watch?v=-v5u21kxMAQ,https://i.ytimg.com/vi/-v5u21kxMAQ/maxresdefault.jpg
opened,opened a store,I Opened A Store That Pays You Money!,Unspeakable,26478789,2.15,https://www.youtube.com/watch?v=EOTBFYD0vv0,https://i.ytimg.com/vi/EOTBFYD0vv0/maxresdefault.jpg
celebrities,celebrities if they remember,Asking Celebrities If They Remember Me (using fake photos),Ryan Trahan,23285439,2.31,https://www.youtube.com/watch?v=7aeQ941TUjk,https://i.ytimg.com/vi/7aeQ941TUjk/maxresdefault.jpg
celebrities,celebrities to my birthday,I Invited 100 Celebrities To My Birthday,Ryan Trahan,22033879,2.18,https://www.youtube.com/watch?v=Ug4lB6XvUT0,https://i.ytimg.com/vi/Ug4lB6XvUT0/maxresdefault.jpg
swap,swap lives instant regret,12 Year old Son & Mom SWAP LIVES! *Instant Regret*,The Royalty Family,38352797,2.26,https://www.youtube.com/watch?v=ksJqjusYFt0,https://i.ytimg.com/vi/ksJqjusYFt0/maxresdefault.jpg
swap,swap live's,10 Year Old Son and Dad SWAP LIVE'S for a DAY! | The Royalty Family,The Royalty Family,38013340,2.24,https://www.youtube.com/watch?v=4qKOPhqge34,https://i.ytimg.com/vi/4qKOPhqge34/maxresdefault.jpg
longest,longest train ride,I Took the Longest Train Ride in America,Ryan Trahan,23442086,2.32,https://www.youtube.com/watch?v=31VHogI00T0,https://i.ytimg.com/vi/31VHogI00T0/maxresdefault.jpg
longest,longest bus ride,I Took the Longest Bus Ride in America,Ryan Trahan,21583615,2.14,https://www.youtube.com/watch?v=LLoO24HLr1o,https://i.ytimg.com/vi/LLoO24HLr1o/maxresdefault.jpg
ride,ride in america,I Took the Longest Train Ride in America,Ryan Trahan,23442086,2.32,https://www.youtube.com/watch?v=31VHogI00T0,https://i.ytimg.com/vi/31VHogI00T0/maxresdefault.jpg
ride,ride in america,I Took the Longest Bus Ride in America,Ryan Trahan,21583615,2.14,https://www.youtube.com/watch?v=LLoO24HLr1o,https://i.ytimg.com/vi/LLoO24HLr1o/maxresdefault.jpg
sensory,sensory deprivation,I Survived Sensory Deprivation,Ryan Trahan,44879463,4.45,https://www.youtube.com/watch?v=Xh2TY0DMbas,https://i.ytimg.com/vi/Xh2TY0DMbas/maxresdefault.jpg
deprivation,deprivation,I Survived Sensory Deprivation,Ryan Trahan,44879463,4.45,https://www.youtube.com/watch?v=Xh2TY0DMbas,https://i.ytimg.com/vi/Xh2TY0DMbas/maxresdefault.jpg
dimension,dimension,There's a Tunnel in the Outer Banks That Leads to Another Dimension,Dr. NoSleep Podcast,43849,2.39,https://www.youtube.com/watch?v=DPWkifQEGKw,https://i.ytimg.com/vi/DPWkifQEGKw/maxresdefault.jpg
dimension,dimension,"There's A Hidden Room In My House, It Leads To Another Dimension",Dr. NoSleep Podcast,37567,2.05,https://www.youtube.com/watch?v=ifsFSwkqHZ4,https://i.ytimg.com/vi/ifsFSwkqHZ4/maxresdefault.jpg
fell,fell in love,I Fell In Love With BF’s Bodyguard,MSA,35592614,2.28,https://www.youtube.com/watch?v=FTT09r24NLU,https://i.ytimg.com/vi/FTT09r24NLU/maxresdefault.jpg
fell,fell in love,My Bestie’s Boyfriend Fell In Love With Me,MSA,33826207,2.17,https://www.youtube.com/watch?v=IeZSoXk5uqg,https://i.ytimg.com/vi/IeZSoXk5uqg/maxresdefault.jpg
boyinaband,boyinaband official music,Life is Fun - Ft. Boyinaband (Official Music Video),TheOdd1sOut,184761077,4.42,https://www.youtube.com/watch?v=CAb_bCtKuXg,https://i.ytimg.com/vi/CAb_bCtKuXg/maxresdefault.jpg
nerf,nerf trick shots,"Water Skip, Bucket Head NERF Trick Shots!",Dude Perfect,117514002,2.38,https://www.youtube.com/watch?v=f9jhWFKV3u0,https://i.ytimg.com/vi/f9jhWFKV3u0/hqdefault.jpg
nerf,nerf island battle,Last One Standing: Floating NERF Island Battle,Dude Perfect,100848544,2.05,https://www.youtube.com/watch?v=muzeGsrYpnQ,https://i.ytimg.com/vi/muzeGsrYpnQ/maxresdefault.jpg
name,name,"If YOU'VE Been Bullied Because of Your NAME, WATCH THIS | SAMEER BHAVNANI",Sameer Bhavnani,2398434,4.4,https://www.youtube.com/watch?v=FkKTE5rW0xU,https://i.ytimg.com/vi/FkKTE5rW0xU/maxresdefault.jpg
brodyanimates,brodyanimates,Teacher Stories (ft. BrodyAnimates),Infamous Swoosh,15629837,4.39,https://www.youtube.com/watch?v=5mKdhxPmQ84,https://i.ytimg.com/vi/5mKdhxPmQ84/maxresdefault.jpg
bunk,bunk bed,I Built a SECRET Bunk Bed in My Room!,Ben Azelart,123512888,4.39,https://www.youtube.com/watch?v=OetqlKApkvo,https://i.ytimg.com/vi/OetqlKApkvo/maxresdefault.jpg
threads,threads,5 Most Disturbing Reddit Threads,Chilling Scares,7585849,2.33,https://www.youtube.com/watch?v=uUGkCILhQro,https://i.ytimg.com/vi/uUGkCILhQro/maxresdefault.jpg
threads,threads,6 Most Disturbing 4Chan Threads,Chilling Scares,6640492,2.04,https://www.youtube.com/watch?v=4c8uTVaB9Ow,https://i.ytimg.com/vi/4c8uTVaB9Ow/maxresdefault.jpg
runs,runs away from home,9 Year Old RUNS AWAY From Home..... MEETS KIDNAPPER!!!!!,Life Lessons With Luis,8361157,4.36,https://www.youtube.com/watch?v=t721REXlTj0,https://i.ytimg.com/vi/t721REXlTj0/maxresdefault.jpg
14th,14th birthday surprise,Our Son's EPIC 14th Birthday Surprise,The Royalty Family,74000058,4.35,https://www.youtube.com/watch?v=XuNqMOGENZk,https://i.ytimg.com/vi/XuNqMOGENZk/maxresdefault.jpg
mcdonald,mcdonald,I Built a SECRET McDonald’s In My Room!,Stokes Twins,222667471,4.34,https://www.youtube.com/watch?v=7mBh601vrPw,https://i.ytimg.com/vi/7mBh601vrPw/maxresdefault.jpg
bodyguard,bodyguard,I Fell In Love With BF’s Bodyguard,MSA,35592614,2.28,https://www.youtube.com/watch?v=FTT09r24NLU,https://i.ytimg.com/vi/FTT09r24NLU/maxresdefault.jpg
bodyguard,bodyguard truth,From Warrior to Bodyguard—The Truth I Uncovered Will Stun You!,MSA,32260832,2.07,https://www.youtube.com/watch?v=dGyyRGy-CUk,https://i.ytimg.com/vi/dGyyRGy-CUk/maxresdefault.jpg
wubbox,wubbox my singing monsters,RAINBOW FRIENDS But They're WUBBOX?! (My Singing Monsters),GameToons,7373667,2.31,https://www.youtube.com/watch?v=uuCGbmhBLM0,https://i.ytimg.com/vi/uuCGbmhBLM0/maxresdefault.jpg
wubbox,wubbox cartoon animation,ORIGIN of the WUBBOX! (Cartoon Animation),GameToons,6397490,2.01,https://www.youtube.com/watch?v=oAibkmhAwrk,https://i.ytimg.com/vi/oAibkmhAwrk/maxresdefault.jpg
solitary,solitary confinement,I Spent 50 Hours In Solitary Confinement,MrBeast,345960236,2.29,https://www.youtube.com/watch?v=r7zJ8srwwjk,https://i.ytimg.com/vi/r7zJ8srwwjk/maxresdefault.jpg
solitary,solitary confinement,I Spent 7 Days In Solitary Confinement,MrBeast,305079187,2.02,https://www.youtube.com/watch?v=K_CbgLpvH9E,https://i.ytimg.com/vi/K_CbgLpvH9E/maxresdefault.jpg
confinement,confinement,I Spent 50 Hours In Solitary Confinement,MrBeast,345960236,2.29,https://www.youtube.com/watch?v=r7zJ8srwwjk,https://i.ytimg.com/vi/r7zJ8srwwjk/maxresdefault.jpg
confinement,confinement,I Spent 7 Days In Solitary Confinement,MrBeast,305079187,2.02,https://www.youtube.com/watch?v=K_CbgLpvH9E,https://i.ytimg.com/vi/K_CbgLpvH9E/maxresdefault.jpg
touch,touch turns into gold,Everything I Touch Turns Into Gold,Story Time Animated,3270243,4.3,https://www.youtube.com/watch?v=_WAsrf_GfH4,https://i.ytimg.com/vi/_WAsrf_GfH4/maxresdefault.jpg
separated,separated a roblox,The Separated Twins: A Roblox Movie,ShanePlays 2,10453231,4.3,https://www.youtube.com/watch?v=w8gxa8LX7jA,https://i.ytimg.com/vi/w8gxa8LX7jA/maxresdefault.jpg
harasses,harasses black fishing,Crazy Karen Harasses Black Family Fishing. Lives to Regret It,SoulSnack,2707891,4.3,https://www.youtube.com/watch?v=u10WX-8h7_w,https://i.ytimg.com/vi/u10WX-8h7_w/maxresdefault.jpg
cuts,cuts kids dreadlocks,Racist Policeman Cuts Kids Dreadlocks Off. Then This Happens,SoulSnack,1435035,2.28,https://www.youtube.com/watch?v=OfnZZavpT9M,https://i.ytimg.com/vi/OfnZZavpT9M/maxresdefault.jpg
cuts,cuts black kid's dreadlocks,Evil Barber Cuts Black Kid's DreadLocks Off On Purpose. Then This Happens.,SoulSnack,1276606,2.03,https://www.youtube.com/watch?v=EKfAqbneqj4,https://i.ytimg.com/vi/EKfAqbneqj4/maxresdefault.jpg
dreadlocks,dreadlocks,Racist Policeman Cuts Kids Dreadlocks Off. Then This Happens,SoulSnack,1435035,2.28,https://www.youtube.com/watch?v=OfnZZavpT9M,https://i.ytimg.com/vi/OfnZZavpT9M/maxresdefault.jpg
dreadlocks,dreadlocks off on purpose,Evil Barber Cuts Black Kid's DreadLocks Off On Purpose. Then This Happens.,SoulSnack,1276606,2.03,https://www.youtube.com/watch?v=EKfAqbneqj4,https://i.ytimg.com/vi/EKfAqbneqj4/maxresdefault.jpg
tiktok,tiktok jelly fruit food,TIKTOK JELLY FRUIT FOOD CANDY CHALLENGE (SIS VS BRO) | THE BEAST FAMILY,The Beast Family,5478635,4.29,https://www.youtube.com/watch?v=zaqf7SH8XsE,https://i.ytimg.com/vi/zaqf7SH8XsE/maxresdefault.jpg
jelly,jelly fruit food candy,TIKTOK JELLY FRUIT FOOD CANDY CHALLENGE (SIS VS BRO) | THE BEAST FAMILY,The Beast Family,5478635,4.29,https://www.youtube.com/watch?v=zaqf7SH8XsE,https://i.ytimg.com/vi/zaqf7SH8XsE/maxresdefault.jpg
fruit,fruit food candy challenge,TIKTOK JELLY FRUIT FOOD CANDY CHALLENGE (SIS VS BRO) | THE BEAST FAMILY,The Beast Family,5478635,4.29,https://www.youtube.com/watch?v=zaqf7SH8XsE,https://i.ytimg.com/vi/zaqf7SH8XsE/maxresdefault.jpg
amusement,amusement park,3 TRUE AMUSEMENT PARK HORROR STORIES ANIMATED,Horror Shorts Party,3886734,4.26,https://www.youtube.com/watch?v=YuMcRt37Yeo,https://i.ytimg.com/vi/YuMcRt37Yeo/maxresdefault.jpg
having,having poor bf,Girl Teases Friend For Having Poor BF | @DramatizeMe​,DramatizeMe,1831675,2.22,https://www.youtube.com/watch?v=b9HLoGsAl98,https://i.ytimg.com/vi/b9HLoGsAl98/maxresdefault.jpg
having,having fun,Man Records His Wife “Having Fun” | @DramatizeMe,DramatizeMe,1679526,2.04,https://www.youtube.com/watch?v=2tjft_aNwdw,https://i.ytimg.com/vi/2tjft_aNwdw/maxresdefault.jpg
care,care,Kids Left Alone at Day Care. Then This Happens,SoulSnack,2677615,4.25,https://www.youtube.com/watch?v=FP6E5pZHROo,https://i.ytimg.com/vi/FP6E5pZHROo/maxresdefault.jpg
paranormal,paranormal investigator,"I'm A Paranormal Investigator, I've Never Seen Anything Like This Before",Dr. NoSleep Podcast,77114,4.21,https://www.youtube.com/watch?v=43SWUWREhxU,https://i.ytimg.com/vi/43SWUWREhxU/maxresdefault.jpg
bike,bike,Karen Freaks out and Accuses Black Man of Stealing His Own Bike.,SoulSnack,1357626,2.15,https://www.youtube.com/watch?v=M0SafjcUUMs,https://i.ytimg.com/vi/M0SafjcUUMs/maxresdefault.jpg
bike,bike after he dumps,Angry Karen Sells Her Ex Boyfriends Expensive Bike After He Dumps Her. Then This Happens,SoulSnack,1289072,2.05,https://www.youtube.com/watch?v=X-FYy7Ag5B4,https://i.ytimg.com/vi/X-FYy7Ag5B4/maxresdefault.jpg
distressing,distressing missing person cases,Extremely Distressing Missing Person Cases | TOP 3,MrBallen,5682327,2.13,https://www.youtube.com/watch?v=RsKSqWj3HpQ,https://i.ytimg.com/vi/RsKSqWj3HpQ/hqdefault.jpg
distressing,distressing content,Top 3 Strange But True | DEATH'S door (*DISTRESSING CONTENT*),MrBallen,5479523,2.05,https://www.youtube.com/watch?v=S7VtahvTLH4,https://i.ytimg.com/vi/S7VtahvTLH4/maxresdefault.jpg
appears,appears at midnight,The Hotel On The Edge Of Town Only Appears At Midnight,Dr. NoSleep Podcast,76515,4.17,https://www.youtube.com/watch?v=SOAYw14PmJg,https://i.ytimg.com/vi/SOAYw14PmJg/maxresdefault.jpg
broker,broker refuses to sell,Racist Yacht Broker Refuses to Sell Boat to Wealthy Black Man. Then This Happens,SoulSnack,2620543,4.16,https://www.youtube.com/watch?v=stK1stPpUEQ,https://i.ytimg.com/vi/stK1stPpUEQ/maxresdefault.jpg
boat,boat to wealthy black,Racist Yacht Broker Refuses to Sell Boat to Wealthy Black Man. Then This Happens,SoulSnack,2620543,4.16,https://www.youtube.com/watch?v=stK1stPpUEQ,https://i.ytimg.com/vi/stK1stPpUEQ/maxresdefault.jpg
grimace,grimace,"Dad TURNS INTO GRIMACE, What Happens Is Shocking | The Beast Family",The Beast Family,5292855,4.15,https://www.youtube.com/watch?v=Oc-FCHDTsVk,https://i.ytimg.com/vi/Oc-FCHDTsVk/maxresdefault.jpg
fifteen,fifteen rules,Fifteen Rules For The Midnight Watchman,Dr. NoSleep Podcast,75847,4.14,https://www.youtube.com/watch?v=XcOEWckvS9U,https://i.ytimg.com/vi/XcOEWckvS9U/maxresdefault.jpg
watchman,watchman,Fifteen Rules For The Midnight Watchman,Dr. NoSleep Podcast,75847,4.14,https://www.youtube.com/watch?v=XcOEWckvS9U,https://i.ytimg.com/vi/XcOEWckvS9U/maxresdefault.jpg
gaming,gaming room to hide,He Built A SECRET GAMING ROOM To Hide From His MEAN MOM! (A Roblox Movie),ShanePlays 2,10016462,4.12,https://www.youtube.com/watch?v=Inmc6ZpG-BY,https://i.ytimg.com/vi/Inmc6ZpG-BY/maxresdefault.jpg
smiling,smiling too much,Bullied for Smiling Too Much,Sameer Bhavnani,2231337,4.1,https://www.youtube.com/watch?v=mtw4Ps8iV6Y,https://i.ytimg.com/vi/mtw4Ps8iV6Y/maxresdefault.jpg
library,library has books,This Old Library Has Books That Weren't Written by Humans,Dr. NoSleep Podcast,74596,4.07,https://www.youtube.com/watch?v=ocvUC-qc8VU,https://i.ytimg.com/vi/ocvUC-qc8VU/maxresdefault.jpg
books,books that weren't written,This Old Library Has Books That Weren't Written by Humans,Dr. NoSleep Podcast,74596,4.07,https://www.youtube.com/watch?v=ocvUC-qc8VU,https://i.ytimg.com/vi/ocvUC-qc8VU/maxresdefault.jpg
weren't,weren't written by humans,This Old Library Has Books That Weren't Written by Humans,Dr. NoSleep Podcast,74596,4.07,https://www.youtube.com/watch?v=ocvUC-qc8VU,https://i.ytimg.com/vi/ocvUC-qc8VU/maxresdefault.jpg
written,written by humans,This Old Library Has Books That Weren't Written by Humans,Dr. NoSleep Podcast,74596,4.07,https://www.youtube.com/watch?v=ocvUC-qc8VU,https://i.ytimg.com/vi/ocvUC-qc8VU/maxresdefault.jpg
poisons,poisons instantly regrets,"Crazy Mother Poisons, Instantly Regrets It... | Sameer Bhavnani",Sameer Bhavnani,2211144,4.06,https://www.youtube.com/watch?v=cOmo0pB0sgg,https://i.ytimg.com/vi/cOmo0pB0sgg/maxresdefault.jpg
disney,disney world,I Stayed in Every Hotel at Disney World,Ryan Trahan,40933784,4.06,https://www.youtube.com/watch?v=iEcr07-aOmg,https://i.ytimg.com/vi/iEcr07-aOmg/maxresdefault.jpg
omg,omg airbnbs,I Stayed in “OMG!” Airbnbs,Ryan Trahan,40937419,4.06,https://www.youtube.com/watch?v=Dcp02c9LLEw,https://i.ytimg.com/vi/Dcp02c9LLEw/maxresdefault.jpg
airbnbs,airbnbs,I Stayed in “OMG!” Airbnbs,Ryan Trahan,40937419,4.06,https://www.youtube.com/watch?v=Dcp02c9LLEw,https://i.ytimg.com/vi/Dcp02c9LLEw/maxresdefault.jpg
crying,crying baby surprise,Karen KICKED OFF Plane for Crying Baby. Surprise at the End.,Totally Studios,5703326,4.05,https://www.youtube.com/watch?v=FVENBA3mtfw,https://i.ytimg.com/vi/FVENBA3mtfw/maxresdefault.jpg
hurricane,hurricane,We SURVIVED A Hurricane!,The Royalty Family,68741720,4.04,https://www.youtube.com/watch?v=dCShuM5XqvQ,https://i.ytimg.com/vi/dCShuM5XqvQ/maxresdefault.jpg
abused,abused by his wife,"Man Gets Abused By His Wife, Watch What Happens Next.",Vid Chronicles,881996,4.03,https://www.youtube.com/watch?v=bId9gFn-Bfs,https://i.ytimg.com/vi/bId9gFn-Bfs/maxresdefault.jpg
shelter,shelter,I Built a Survival Shelter,Ryan Trahan,40454487,4.01,https://www.youtube.com/watch?v=qeo9iorAPj8,https://i.ytimg.com/vi/qeo9iorAPj8/maxresdefault.jpg
invites,invites four girls,Mom Invites Four Girls To Marry Her Son | @DramatizeMe,DramatizeMe,3290416,3.99,https://www.youtube.com/watch?v=mUe99wSXdLA,https://i.ytimg.com/vi/mUe99wSXdLA/maxresdefault.jpg
four,four girls to marry,Mom Invites Four Girls To Marry Her Son | @DramatizeMe,DramatizeMe,3290416,3.99,https://www.youtube.com/watch?v=mUe99wSXdLA,https://i.ytimg.com/vi/mUe99wSXdLA/maxresdefault.jpg
november,november 2022,27 True Horror Stories Animated (Compilation of November 2022),IMR Scary Tales,1394949,3.98,https://www.youtube.com/watch?v=hCPsIK23Pus,https://i.ytimg.com/vi/hCPsIK23Pus/maxresdefault.jpg
routine,routine encounter reveals,A Routine Encounter Reveals a Surprising Connection | Scripted Drama,Sameer Bhavnani,2155490,3.96,https://www.youtube.com/watch?v=Kzx1rlkNY3M,https://i.ytimg.com/vi/Kzx1rlkNY3M/maxresdefault.jpg
encounter,encounter reveals a surprising,A Routine Encounter Reveals a Surprising Connection | Scripted Drama,Sameer Bhavnani,2155490,3.96,https://www.youtube.com/watch?v=Kzx1rlkNY3M,https://i.ytimg.com/vi/Kzx1rlkNY3M/maxresdefault.jpg
reveals,reveals a surprising connection,A Routine Encounter Reveals a Surprising Connection | Scripted Drama,Sameer Bhavnani,2155490,3.96,https://www.youtube.com/watch?v=Kzx1rlkNY3M,https://i.ytimg.com/vi/Kzx1rlkNY3M/maxresdefault.jpg
connection,connection scripted drama,A Routine Encounter Reveals a Surprising Connection | Scripted Drama,Sameer Bhavnani,2155490,3.96,https://www.youtube.com/watch?v=Kzx1rlkNY3M,https://i.ytimg.com/vi/Kzx1rlkNY3M/maxresdefault.jpg
ticket,ticket,"$1 vs $500,000 Plane Ticket!",MrBeast,593599126,3.93,https://www.youtube.com/watch?v=1WEAJ-DFkHE,https://i.ytimg.com/vi/1WEAJ-DFkHE/maxresdefault.jpg
vision,vision pro,I Survived 50 Hours in Apple Vision Pro,Ryan Trahan,39575201,3.92,https://www.youtube.com/watch?v=Cb1Dv565f2I,https://i.ytimg.com/vi/Cb1Dv565f2I/maxresdefault.jpg
pro,pro,I Survived 50 Hours in Apple Vision Pro,Ryan Trahan,39575201,3.92,https://www.youtube.com/watch?v=Cb1Dv565f2I,https://i.ytimg.com/vi/Cb1Dv565f2I/maxresdefault.jpg
true snapchat,true snapchat,3 True Snapchat HORROR Stories Animated,IMR Scary Tales,1370729,3.91,https://www.youtube.com/watch?v=_4jtrhuuxOY,https://i.ytimg.com/vi/_4jtrhuuxOY/maxresdefault.jpg
poppy,poppy playtime cartoon animation,The SAD STORY of POPPY PLAYTIME... (Cartoon Animation),GameToons,12427226,3.9,https://www.youtube.com/watch?v=Z_pe0V72B94,https://i.ytimg.com/vi/Z_pe0V72B94/maxresdefault.jpg
playtime,playtime cartoon animation,The SAD STORY of POPPY PLAYTIME... (Cartoon Animation),GameToons,12427226,3.9,https://www.youtube.com/watch?v=Z_pe0V72B94,https://i.ytimg.com/vi/Z_pe0V72B94/maxresdefault.jpg
natural,natural beauty for years,I hid my natural beauty for years,Story Time Animated,2951910,3.88,https://www.youtube.com/watch?v=2Gjn9mDdmZk,https://i.ytimg.com/vi/2Gjn9mDdmZk/maxresdefault.jpg
airport,airport sleep pods,I Tried Airport Sleep Pods,Ryan Trahan,39050935,3.87,https://www.youtube.com/watch?v=BEkdhf3zua0,https://i.ytimg.com/vi/BEkdhf3zua0/maxresdefault.jpg
electrocutes,electrocutes wife shocking end,EVIL Mother In-Law Electrocutes WIFE! SHOCKING END... | SAMEER BHAVNANI,Sameer Bhavnani,2103608,3.86,https://www.youtube.com/watch?v=6JYLrvM3yjA,https://i.ytimg.com/vi/6JYLrvM3yjA/maxresdefault.jpg
vegetarian,vegetarian forced to eat,Vegetarian FORCED to Eat BEEF! Gets REVENGE... | SAMEER BHAVNANI,Sameer Bhavnani,2098300,3.85,https://www.youtube.com/watch?v=TIR6GJfuxB8,https://i.ytimg.com/vi/TIR6GJfuxB8/maxresdefault.jpg
beef,beef gets revenge,Vegetarian FORCED to Eat BEEF! Gets REVENGE... | SAMEER BHAVNANI,Sameer Bhavnani,2098300,3.85,https://www.youtube.com/watch?v=TIR6GJfuxB8,https://i.ytimg.com/vi/TIR6GJfuxB8/maxresdefault.jpg
series,series x from kid,Friend’s Mom Takes New XBOX Series X from Kid. Does she get caught?,Totally Studios,5419412,3.85,https://www.youtube.com/watch?v=9_pa2O2_ags,https://i.ytimg.com/vi/9_pa2O2_ags/maxresdefault.jpg
loudest,loudest room,I Survived the World's Loudest Room,Ryan Trahan,38784208,3.84,https://www.youtube.com/watch?v=PNk8OrXtj8I,https://i.ytimg.com/vi/PNk8OrXtj8I/maxresdefault.jpg
tesla,tesla autopilot for 24,Tesla Autopilot For 24 Hours Straight!,Ryan Trahan,38800566,3.84,https://www.youtube.com/watch?v=ckib1ABJ_sM,https://i.ytimg.com/vi/ckib1ABJ_sM/maxresdefault.jpg
autopilot,autopilot for 24 hours,Tesla Autopilot For 24 Hours Straight!,Ryan Trahan,38800566,3.84,https://www.youtube.com/watch?v=ckib1ABJ_sM,https://i.ytimg.com/vi/ckib1ABJ_sM/maxresdefault.jpg
straight,straight,Tesla Autopilot For 24 Hours Straight!,Ryan Trahan,38800566,3.84,https://www.youtube.com/watch?v=ckib1ABJ_sM,https://i.ytimg.com/vi/ckib1ABJ_sM/maxresdefault.jpg
extinct,extinct,10 Nightmarish Animals you will be Happy are Extinct,Mr. Nightmare,11658095,3.83,https://www.youtube.com/watch?v=0S7PGwKJ2SM,https://i.ytimg.com/vi/0S7PGwKJ2SM/hqdefault.jpg
houses,houses,7 SECRET Houses You'd NEVER Find!,Unspeakable,46953689,3.82,https://www.youtube.com/watch?v=QY4UgV9raqo,https://i.ytimg.com/vi/QY4UgV9raqo/maxresdefault.jpg
skits,skits of 2022,The Beast Family BEST SKITS Of 2022,The Beast Family,4845191,3.8,https://www.youtube.com/watch?v=xas14LNGdWU,https://i.ytimg.com/vi/xas14LNGdWU/maxresdefault.jpg
swimming,swimming pool without parents,"SIBLINGS go to Swimming Pool without PARENTS, They Learn Their Lesson | The Beast Family",The Beast Family,4842823,3.8,https://www.youtube.com/watch?v=orHomI4YsW0,https://i.ytimg.com/vi/orHomI4YsW0/maxresdefault.jpg
learn,learn their lesson,"SIBLINGS go to Swimming Pool without PARENTS, They Learn Their Lesson | The Beast Family",The Beast Family,4842823,3.8,https://www.youtube.com/watch?v=orHomI4YsW0,https://i.ytimg.com/vi/orHomI4YsW0/maxresdefault.jpg
salty,salty teacher told kids,My Salty Teacher Told Kids Lies About Me,storybooth,17372757,3.8,https://www.youtube.com/watch?v=hxP-TJQZjQY,https://i.ytimg.com/vi/hxP-TJQZjQY/maxresdefault.jpg
word,word,The ONE WORD That Made Me a BILLIONAIRE,Story Time Animated,2874622,3.78,https://www.youtube.com/watch?v=171z9ZWQKyA,https://i.ytimg.com/vi/171z9ZWQKyA/maxresdefault.jpg
officer,officer at area 51,"I Took a Job as a Security Officer at Area 51, I Found a Strange Set of Rules to Follow",Dr. NoSleep Podcast,69228,3.78,https://www.youtube.com/watch?v=s4XJnbZBOqs,https://i.ytimg.com/vi/s4XJnbZBOqs/maxresdefault.jpg
area,area 51,"I Took a Job as a Security Officer at Area 51, I Found a Strange Set of Rules to Follow",Dr. NoSleep Podcast,69228,3.78,https://www.youtube.com/watch?v=s4XJnbZBOqs,https://i.ytimg.com/vi/s4XJnbZBOqs/maxresdefault.jpg
follow,follow,"I Took a Job as a Security Officer at Area 51, I Found a Strange Set of Rules to Follow",Dr. NoSleep Podcast,69228,3.78,https://www.youtube.com/watch?v=s4XJnbZBOqs,https://i.ytimg.com/vi/s4XJnbZBOqs/maxresdefault.jpg
veteran,veteran you won't believe,RACIST COP Arrests BLACK Military Veteran: YOU WON'T BELIEVE WHAT HE DOES!!!!,Life Lessons With Luis,7245857,3.78,https://www.youtube.com/watch?v=AakUbWzzfkk,https://i.ytimg.com/vi/AakUbWzzfkk/maxresdefault.jpg
prisoner,prisoner escapes jail,"Prisoner ESCAPES JAIL For VALENTINE, What Happens Is Shocking | Illumeably",Illumeably,2228588,3.78,https://www.youtube.com/watch?v=8tOIQagdVNI,https://i.ytimg.com/vi/8tOIQagdVNI/maxresdefault.jpg
valentine,valentine,"Prisoner ESCAPES JAIL For VALENTINE, What Happens Is Shocking | Illumeably",Illumeably,2228588,3.78,https://www.youtube.com/watch?v=8tOIQagdVNI,https://i.ytimg.com/vi/8tOIQagdVNI/maxresdefault.jpg
taxi,taxi rips girl's clothes,Taxi Rips Girl's Clothes | @DramatizeMe,DramatizeMe,3109758,3.77,https://www.youtube.com/watch?v=MC78mE5osx8,https://i.ytimg.com/vi/MC78mE5osx8/maxresdefault.jpg
girl's,girl's clothes,Taxi Rips Girl's Clothes | @DramatizeMe,DramatizeMe,3109758,3.77,https://www.youtube.com/watch?v=MC78mE5osx8,https://i.ytimg.com/vi/MC78mE5osx8/maxresdefault.jpg
ball,ball pit balls,I FILLED MY ISLAND HOUSE WITH BALL PIT BALLS!,Unspeakable,46067404,3.75,https://www.youtube.com/watch?v=E1wBTSIajBc,https://i.ytimg.com/vi/E1wBTSIajBc/maxresdefault.jpg
balls,balls,I FILLED MY ISLAND HOUSE WITH BALL PIT BALLS!,Unspeakable,46067404,3.75,https://www.youtube.com/watch?v=E1wBTSIajBc,https://i.ytimg.com/vi/E1wBTSIajBc/maxresdefault.jpg
diddy,diddy,3 True Diddy Horror Stories Animated,IMR Scary Tales,1313293,3.74,https://www.youtube.com/watch?v=zXolY3KUm1c,https://i.ytimg.com/vi/zXolY3KUm1c/maxresdefault.jpg
cheaters,cheaters,Billionaire FAKES As HOMELESS To Catch Cheaters,Illumeably,2196975,3.73,https://www.youtube.com/watch?v=bKXmQtDDES0,https://i.ytimg.com/vi/bKXmQtDDES0/maxresdefault.jpg
spin,spin tower fidget spinner,10 Spin Tower! Fidget Spinner Trick Shots,Dude Perfect,183929565,3.73,https://www.youtube.com/watch?v=3J6o7hcm8bE,https://i.ytimg.com/vi/3J6o7hcm8bE/maxresdefault.jpg
tower,tower fidget spinner trick,10 Spin Tower! Fidget Spinner Trick Shots,Dude Perfect,183929565,3.73,https://www.youtube.com/watch?v=3J6o7hcm8bE,https://i.ytimg.com/vi/3J6o7hcm8bE/maxresdefault.jpg
fidget,fidget spinner trick shots,10 Spin Tower! Fidget Spinner Trick Shots,Dude Perfect,183929565,3.73,https://www.youtube.com/watch?v=3J6o7hcm8bE,https://i.ytimg.com/vi/3J6o7hcm8bE/maxresdefault.jpg
spinner,spinner trick shots,10 Spin Tower! Fidget Spinner Trick Shots,Dude Perfect,183929565,3.73,https://www.youtube.com/watch?v=3J6o7hcm8bE,https://i.ytimg.com/vi/3J6o7hcm8bE/maxresdefault.jpg
grown,grown ups for 24,"Kids BECOME GROWN UPS For 24 HOURS, WHAT HAPPENS IS SHOCKING | THE BEAST FAMILY",The Beast Family,4745905,3.72,https://www.youtube.com/watch?v=jc3-1lkABe0,https://i.ytimg.com/vi/jc3-1lkABe0/maxresdefault.jpg
ups,ups for 24 hours,"Kids BECOME GROWN UPS For 24 HOURS, WHAT HAPPENS IS SHOCKING | THE BEAST FAMILY",The Beast Family,4745905,3.72,https://www.youtube.com/watch?v=jc3-1lkABe0,https://i.ytimg.com/vi/jc3-1lkABe0/maxresdefault.jpg
throwing,throwing trick shots,Card Throwing Trick Shots | Dude Perfect,Dude Perfect,183459926,3.72,https://www.youtube.com/watch?v=TvNTcB6c-V8,https://i.ytimg.com/vi/TvNTcB6c-V8/maxresdefault.jpg
puts,puts black kids,Police Officer Puts Black Kids In Hot Squad Car. Then This Happens,SoulSnack,2338133,3.71,https://www.youtube.com/watch?v=S9KdqOBssXc,https://i.ytimg.com/vi/S9KdqOBssXc/hqdefault.jpg
karts,karts,Spending 100 Hours In Go Karts,Unspeakable,45330091,3.69,https://www.youtube.com/watch?v=cxzU5MPBrt0,https://i.ytimg.com/vi/cxzU5MPBrt0/hqdefault.jpg
airlines,airlines,I Tested 1-Star Airlines,Ryan Trahan,36708278,3.64,https://www.youtube.com/watch?v=Bkj9eA77WLU,https://i.ytimg.com/vi/Bkj9eA77WLU/maxresdefault.jpg
lunches,lunches,Eating 100 Years of School Lunches!,Stokes Twins,186444192,3.63,https://www.youtube.com/watch?v=41tkMAUJr8k,https://i.ytimg.com/vi/41tkMAUJr8k/maxresdefault.jpg
luxury,luxury tiny homes,I Stayed in Luxury Tiny Homes,Ryan Trahan,36563373,3.62,https://www.youtube.com/watch?v=INQw5iRweUI,https://i.ytimg.com/vi/INQw5iRweUI/maxresdefault.jpg
doesn,doesn t allow black,Angry Old Man Doesn’t Allow Black Family Inside Their Own Home.,SoulSnack,2276926,3.61,https://www.youtube.com/watch?v=w3pG_gEehEU,https://i.ytimg.com/vi/w3pG_gEehEU/maxresdefault.jpg
ksi,ksi,GUESS THE BLACK PERSON FT KSI,Beta Squad,37824222,3.61,https://www.youtube.com/watch?v=xYQ28eu35gI,https://i.ytimg.com/vi/xYQ28eu35gI/maxresdefault.jpg
footballer,footballer ft trent alexander,GUESS THE FOOTBALLER Ft Trent Alexander-Arnold,Beta Squad,37698905,3.6,https://www.youtube.com/watch?v=Hl9iVr3ZXR8,https://i.ytimg.com/vi/Hl9iVr3ZXR8/maxresdefault.jpg
trent,trent alexander arnold,GUESS THE FOOTBALLER Ft Trent Alexander-Arnold,Beta Squad,37698905,3.6,https://www.youtube.com/watch?v=Hl9iVr3ZXR8,https://i.ytimg.com/vi/Hl9iVr3ZXR8/maxresdefault.jpg
alexander,alexander arnold,GUESS THE FOOTBALLER Ft Trent Alexander-Arnold,Beta Squad,37698905,3.6,https://www.youtube.com/watch?v=Hl9iVr3ZXR8,https://i.ytimg.com/vi/Hl9iVr3ZXR8/maxresdefault.jpg
arnold,arnold,GUESS THE FOOTBALLER Ft Trent Alexander-Arnold,Beta Squad,37698905,3.6,https://www.youtube.com/watch?v=Hl9iVr3ZXR8,https://i.ytimg.com/vi/Hl9iVr3ZXR8/maxresdefault.jpg
bride,bride,Mom-In-Law Mistaken For Bride | @DramatizeMe,DramatizeMe,2961586,3.59,https://www.youtube.com/watch?v=KBrYKeIeuOQ,https://i.ytimg.com/vi/KBrYKeIeuOQ/maxresdefault.jpg
underwater,underwater hotel,Overnight in the World's Oldest Underwater Hotel,Ryan Trahan,36214171,3.59,https://www.youtube.com/watch?v=egHL3l96fqc,https://i.ytimg.com/vi/egHL3l96fqc/maxresdefault.jpg
shopping,shopping,Homeless Man Saves Baby Girl Trapped in Hot Car While The Mom Goes Shopping.,SoulSnack,2246833,3.57,https://www.youtube.com/watch?v=1SlLZ451iAc,https://i.ytimg.com/vi/1SlLZ451iAc/maxresdefault.jpg
maid,maid glues cash,Maid Glues Cash To Shutters | @DramatizeMe,DramatizeMe,2931897,3.56,https://www.youtube.com/watch?v=Bxcx7YHFwpA,https://i.ytimg.com/vi/Bxcx7YHFwpA/maxresdefault.jpg
glues,glues cash to shutters,Maid Glues Cash To Shutters | @DramatizeMe,DramatizeMe,2931897,3.56,https://www.youtube.com/watch?v=Bxcx7YHFwpA,https://i.ytimg.com/vi/Bxcx7YHFwpA/maxresdefault.jpg
cash,cash to shutters,Maid Glues Cash To Shutters | @DramatizeMe,DramatizeMe,2931897,3.56,https://www.youtube.com/watch?v=Bxcx7YHFwpA,https://i.ytimg.com/vi/Bxcx7YHFwpA/maxresdefault.jpg
shutters,shutters,Maid Glues Cash To Shutters | @DramatizeMe,DramatizeMe,2931897,3.56,https://www.youtube.com/watch?v=Bxcx7YHFwpA,https://i.ytimg.com/vi/Bxcx7YHFwpA/maxresdefault.jpg
flipping,flipping a couch,"Flipping a COUCH, a Nickel, and a GoPro!",Dude Perfect,173461100,3.52,https://www.youtube.com/watch?v=8YydogFXCPM,https://i.ytimg.com/vi/8YydogFXCPM/maxresdefault.jpg
nickel,nickel and a gopro,"Flipping a COUCH, a Nickel, and a GoPro!",Dude Perfect,173461100,3.52,https://www.youtube.com/watch?v=8YydogFXCPM,https://i.ytimg.com/vi/8YydogFXCPM/maxresdefault.jpg
gopro,gopro,"Flipping a COUCH, a Nickel, and a GoPro!",Dude Perfect,173461100,3.52,https://www.youtube.com/watch?v=8YydogFXCPM,https://i.ytimg.com/vi/8YydogFXCPM/maxresdefault.jpg
lived,lived forever a roblox,He Lived Forever: A Roblox Movie,ShanePlays 2,8528636,3.5,https://www.youtube.com/watch?v=XZ0sqbInfqc,https://i.ytimg.com/vi/XZ0sqbInfqc/maxresdefault.jpg
rap,rap god inspired,BULLY Doesn't Know POOR KID Is A RAP GOD [Inspired By Eminem]  (PG-13) | Dhar Mann Studios,Dhar Mann Studios,18598983,3.49,https://www.youtube.com/watch?v=odIoBdfLaMs,https://i.ytimg.com/vi/odIoBdfLaMs/maxresdefault.jpg
god,god inspired by eminem,BULLY Doesn't Know POOR KID Is A RAP GOD [Inspired By Eminem]  (PG-13) | Dhar Mann Studios,Dhar Mann Studios,18598983,3.49,https://www.youtube.com/watch?v=odIoBdfLaMs,https://i.ytimg.com/vi/odIoBdfLaMs/maxresdefault.jpg
inspired,inspired by eminem pg,BULLY Doesn't Know POOR KID Is A RAP GOD [Inspired By Eminem]  (PG-13) | Dhar Mann Studios,Dhar Mann Studios,18598983,3.49,https://www.youtube.com/watch?v=odIoBdfLaMs,https://i.ytimg.com/vi/odIoBdfLaMs/maxresdefault.jpg
eminem,eminem pg 13,BULLY Doesn't Know POOR KID Is A RAP GOD [Inspired By Eminem]  (PG-13) | Dhar Mann Studios,Dhar Mann Studios,18598983,3.49,https://www.youtube.com/watch?v=odIoBdfLaMs,https://i.ytimg.com/vi/odIoBdfLaMs/maxresdefault.jpg
busted,busted 200 myths,I Busted 200 Myths In 50 Hours!,Stokes Twins,178006862,3.47,https://www.youtube.com/watch?v=bABseBbIiFk,https://i.ytimg.com/vi/bABseBbIiFk/maxresdefault.jpg
skin,skin crawl feat mrcreepypasta,8 True Halloween Horror Stories to Make Your Skin Crawl ~ (feat. MrCreepyPasta),Mr. Nightmare,10545848,3.46,https://www.youtube.com/watch?v=9APviCvTGqU,https://i.ytimg.com/vi/9APviCvTGqU/hqdefault.jpg
crawl,crawl feat mrcreepypasta,8 True Halloween Horror Stories to Make Your Skin Crawl ~ (feat. MrCreepyPasta),Mr. Nightmare,10545848,3.46,https://www.youtube.com/watch?v=9APviCvTGqU,https://i.ytimg.com/vi/9APviCvTGqU/hqdefault.jpg
feat,feat mrcreepypasta,8 True Halloween Horror Stories to Make Your Skin Crawl ~ (feat. MrCreepyPasta),Mr. Nightmare,10545848,3.46,https://www.youtube.com/watch?v=9APviCvTGqU,https://i.ytimg.com/vi/9APviCvTGqU/hqdefault.jpg
mrcreepypasta,mrcreepypasta,8 True Halloween Horror Stories to Make Your Skin Crawl ~ (feat. MrCreepyPasta),Mr. Nightmare,10545848,3.46,https://www.youtube.com/watch?v=9APviCvTGqU,https://i.ytimg.com/vi/9APviCvTGqU/hqdefault.jpg
under,under ice,"They Found Something Under the Ice of Europa in 2005, and It Wasn't Water…",Dr. NoSleep Podcast,63382,3.46,https://www.youtube.com/watch?v=u4dvp1T6ykI,https://i.ytimg.com/vi/u4dvp1T6ykI/maxresdefault.jpg
europa,europa in 2005,"They Found Something Under the Ice of Europa in 2005, and It Wasn't Water…",Dr. NoSleep Podcast,63382,3.46,https://www.youtube.com/watch?v=u4dvp1T6ykI,https://i.ytimg.com/vi/u4dvp1T6ykI/maxresdefault.jpg
action,action,The Last Guest: FULL MOVIE (A Roblox Action Story),ObliviousHD,104700797,3.44,https://www.youtube.com/watch?v=1ZM6ztUlLWY,https://i.ytimg.com/vi/1ZM6ztUlLWY/hqdefault.jpg
lady,lady calls cops,"Racist Lady Calls Cops On Black Man, Then This Happens | Illumeably",Illumeably,2017095,3.42,https://www.youtube.com/watch?v=mjbPAUQrFSk,https://i.ytimg.com/vi/mjbPAUQrFSk/maxresdefault.jpg
followers,followers challenge,"First To Get 1,000,000 Followers Challenge",Unspeakable,41866756,3.41,https://www.youtube.com/watch?v=0CendwbAYRA,https://i.ytimg.com/vi/0CendwbAYRA/maxresdefault.jpg
sneaky,sneaky girl keeps lying,"SNEAKY Girl KEEPS LYING, She Lives To Regret It | The Beast Family",The Beast Family,4341508,3.4,https://www.youtube.com/watch?v=a2RHMmyZ9Lo,https://i.ytimg.com/vi/a2RHMmyZ9Lo/maxresdefault.jpg
college,college,4 True College Horror Stories,Mr. Nightmare,10341151,3.4,https://www.youtube.com/watch?v=QbZpbow2byY,https://i.ytimg.com/vi/QbZpbow2byY/hqdefault.jpg
fastest,fastest teen forced,FASTEST TEEN Forced To Steal and Run From Cops! | Dhar Mann Studios,Dhar Mann Studios,18107611,3.39,https://www.youtube.com/watch?v=8eyV196Tj_U,https://i.ytimg.com/vi/8eyV196Tj_U/maxresdefault.jpg
humiliates,humiliates black rookie cop,Evil Judge Humiliates Black Rookie Cop. (Then This Happens),SoulSnack,2137510,3.39,https://www.youtube.com/watch?v=W65L03IBPoU,https://i.ytimg.com/vi/W65L03IBPoU/maxresdefault.jpg
husbands,husbands,Mother Tests Her Daughter’s Future Husbands | @DramatizeMe,DramatizeMe,2775305,3.37,https://www.youtube.com/watch?v=p1tUwPOmv70,https://i.ytimg.com/vi/p1tUwPOmv70/maxresdefault.jpg
beggar,beggar,Rich Man Acts Like A Beggar | @DramatizeMe,DramatizeMe,2767756,3.36,https://www.youtube.com/watch?v=3bcbSI-XVRA,https://i.ytimg.com/vi/3bcbSI-XVRA/maxresdefault.jpg
civil,civil war cartoon animation,SPRUNKI: CIVIL WAR! (Cartoon Animation),GameToons,10709589,3.36,https://www.youtube.com/watch?v=ILXQncUvWhw,https://i.ytimg.com/vi/ILXQncUvWhw/maxresdefault.jpg
shredded,shredded,"Every Hour = $10,000 Shredded",Unspeakable,41153505,3.35,https://www.youtube.com/watch?v=-g9IIE9U6Qg,https://i.ytimg.com/vi/-g9IIE9U6Qg/maxresdefault.jpg
decides,decides to destroy children's,Crazy Karen Decides To Destroy Children's Lemonade Stand (Then This Happens),SoulSnack,2112070,3.35,https://www.youtube.com/watch?v=p6XlPoMiwkE,https://i.ytimg.com/vi/p6XlPoMiwkE/maxresdefault.jpg
learned,learned extreme camouflage,I Learned Extreme Camouflage in One Color!,Stokes Twins,171182365,3.34,https://www.youtube.com/watch?v=0hzcYyR9k9U,https://i.ytimg.com/vi/0hzcYyR9k9U/maxresdefault.jpg
extreme camouflage,extreme camouflage in one color,I Learned Extreme Camouflage in One Color!,Stokes Twins,171182365,3.34,https://www.youtube.com/watch?v=0hzcYyR9k9U,https://i.ytimg.com/vi/0hzcYyR9k9U/maxresdefault.jpg
camping,camping,I Tested 1-Star Camping,Ryan Trahan,33656702,3.33,https://www.youtube.com/watch?v=vWIzeSA4l-0,https://i.ytimg.com/vi/vWIzeSA4l-0/maxresdefault.jpg
encounters,encounters edition,Top 4 Bingeable SCARY STORIES • Terrifying Encounters Edition,MrBallen,8841643,3.31,https://www.youtube.com/watch?v=RzW0QsAPOQY,https://i.ytimg.com/vi/RzW0QsAPOQY/maxresdefault.jpg
honeymoon,honeymoon,3 Honeymoon Horror Stories Animated,IMR Scary Tales,1156318,3.3,https://www.youtube.com/watch?v=1IOhAZpLjCs,https://i.ytimg.com/vi/1IOhAZpLjCs/maxresdefault.jpg
cringey,cringey tiktoks,CRINGEY TIKTOKS Made Him Famous Ft. Angelo Marasigan | Dhar Mann Studios,Dhar Mann Studios,17555613,3.29,https://www.youtube.com/watch?v=jUjJD0D5Dno,https://i.ytimg.com/vi/jUjJD0D5Dno/maxresdefault.jpg
angelo,angelo marasigan,CRINGEY TIKTOKS Made Him Famous Ft. Angelo Marasigan | Dhar Mann Studios,Dhar Mann Studios,17555613,3.29,https://www.youtube.com/watch?v=jUjJD0D5Dno,https://i.ytimg.com/vi/jUjJD0D5Dno/maxresdefault.jpg
marasigan,marasigan,CRINGEY TIKTOKS Made Him Famous Ft. Angelo Marasigan | Dhar Mann Studios,Dhar Mann Studios,17555613,3.29,https://www.youtube.com/watch?v=jUjJD0D5Dno,https://i.ytimg.com/vi/jUjJD0D5Dno/maxresdefault.jpg
creatures,creatures escaped from secret,I Hunt Down Creatures Escaped from Secret Labs,Dr. NoSleep Podcast,59992,3.27,https://www.youtube.com/watch?v=lUFOF_Ht8kI,https://i.ytimg.com/vi/lUFOF_Ht8kI/maxresdefault.jpg
escaped,escaped from secret labs,I Hunt Down Creatures Escaped from Secret Labs,Dr. NoSleep Podcast,59992,3.27,https://www.youtube.com/watch?v=lUFOF_Ht8kI,https://i.ytimg.com/vi/lUFOF_Ht8kI/maxresdefault.jpg
labs,labs,I Hunt Down Creatures Escaped from Secret Labs,Dr. NoSleep Podcast,59992,3.27,https://www.youtube.com/watch?v=lUFOF_Ht8kI,https://i.ytimg.com/vi/lUFOF_Ht8kI/maxresdefault.jpg
vampire,vampire,Dad TURNS Into VAMPIRE What Happens Next Is Shocking | The Beast Family,The Beast Family,4161374,3.26,https://www.youtube.com/watch?v=8tBzZa6Ww1Y,https://i.ytimg.com/vi/8tBzZa6Ww1Y/maxresdefault.jpg
die,die,"Mother Leaves Child To Die, Watch What Happens.",Vid Chronicles,709676,3.25,https://www.youtube.com/watch?v=zu1lW_V2e1w,https://i.ytimg.com/vi/zu1lW_V2e1w/maxresdefault.jpg
talk,talk,"His Story, We Need to Talk..",Tyler Vitelli,2885942,3.24,https://www.youtube.com/watch?v=5B0TTdTro_4,https://i.ytimg.com/vi/5B0TTdTro_4/maxresdefault.jpg
super,super hero myths,Busting SUPER HERO Myths in Real Life!,The Royalty Family,55088587,3.24,https://www.youtube.com/watch?v=jRGYaWev7T0,https://i.ytimg.com/vi/jRGYaWev7T0/maxresdefault.jpg
hero,hero myths in real,Busting SUPER HERO Myths in Real Life!,The Royalty Family,55088587,3.24,https://www.youtube.com/watch?v=jRGYaWev7T0,https://i.ytimg.com/vi/jRGYaWev7T0/maxresdefault.jpg
ps5,ps5,Karen STEALS PLAYSTATION 5 from KID. Does He Get the PS5 Back at the End or Instantly Regret It?,Totally Studios,4555069,3.23,https://www.youtube.com/watch?v=_F5NL-W5Kfk,https://i.ytimg.com/vi/_F5NL-W5Kfk/maxresdefault.jpg
strangest,strangest of strange,Top 5 Bingeable SCARY STORIES • STRANGEST of the Strange Edition (*MATURE AUDIENCES*),MrBallen,8623375,3.23,https://www.youtube.com/watch?v=Z_jD-95RhWo,https://i.ytimg.com/vi/Z_jD-95RhWo/maxresdefault.jpg
confronts,confronts abusive boyfriend,"Father Confronts Abusive Boyfriend, Then this happens... | Sameer Bhavnani",Sameer Bhavnani,1752045,3.22,https://www.youtube.com/watch?v=Mb70URajp-4,https://i.ytimg.com/vi/Mb70URajp-4/maxresdefault.jpg
blocks,blocks animation vs minecraft,Note Blocks - Animation vs. Minecraft Shorts Ep. 5 (music by AaronGrooves),Alan Becker,235878667,3.22,https://www.youtube.com/watch?v=c9DrryMw248,https://i.ytimg.com/vi/c9DrryMw248/hqdefault.jpg
power,power,They Called Me BARBIE Until I Showed Them My Secret Power,Story Time Animated,2443290,3.21,https://www.youtube.com/watch?v=JS9dm_cVS3Q,https://i.ytimg.com/vi/JS9dm_cVS3Q/maxresdefault.jpg
pastor,pastor,"ANGRY ""Karen"" Calls Cops on Pastor!!!! Life Lessons with Luis",Life Lessons With Luis,6153709,3.21,https://www.youtube.com/watch?v=4mg291O5oC8,https://i.ytimg.com/vi/4mg291O5oC8/maxresdefault.jpg
actress,actress,"I’m A Famous Teen Actress, I Do What I Want",MSA,49994992,3.2,https://www.youtube.com/watch?v=k544WY0yWjM,https://i.ytimg.com/vi/k544WY0yWjM/maxresdefault.jpg
five,five nights at freddy's,3 FIVE NIGHTS AT FREDDY'S HORROR STORIES ANIMATED,IMR Scary Tales,1124162,3.2,https://www.youtube.com/watch?v=9xIcMLfmwgg,https://i.ytimg.com/vi/9xIcMLfmwgg/maxresdefault.jpg
freddy's,freddy's,3 FIVE NIGHTS AT FREDDY'S HORROR STORIES ANIMATED,IMR Scary Tales,1124162,3.2,https://www.youtube.com/watch?v=9xIcMLfmwgg,https://i.ytimg.com/vi/9xIcMLfmwgg/maxresdefault.jpg
profiles,profiles undercover cop,Cop Profiles Undercover Cop And Gets Caught,SoulSnack,2015510,3.2,https://www.youtube.com/watch?v=V4T3Msol-Es,https://i.ytimg.com/vi/V4T3Msol-Es/maxresdefault.jpg
undercover,undercover cop,Cop Profiles Undercover Cop And Gets Caught,SoulSnack,2015510,3.2,https://www.youtube.com/watch?v=V4T3Msol-Es,https://i.ytimg.com/vi/V4T3Msol-Es/maxresdefault.jpg
fish,fish tank,I Turned my Bed into a Fish Tank!,Ben Azelart,89716426,3.19,https://www.youtube.com/watch?v=GOUG2xcDwsc,https://i.ytimg.com/vi/GOUG2xcDwsc/maxresdefault.jpg
chooses,chooses what eats,"BABY CHOOSES WHAT FAMILY EATS, What Happens Is Shocking | THE BEAST FAMILY",The Beast Family,4062344,3.18,https://www.youtube.com/watch?v=oT-0hDoPdWw,https://i.ytimg.com/vi/oT-0hDoPdWw/maxresdefault.jpg
tub,tub,3 TRUE HOT TUB HORROR STORIES ANIMATED,Horror Shorts Party,2899169,3.18,https://www.youtube.com/watch?v=GvHMOlzztJQ,https://i.ytimg.com/vi/GvHMOlzztJQ/maxresdefault.jpg
met,met 7 people,I Met 7 People You Won't Believe Exist!,Stokes Twins,163181844,3.18,https://www.youtube.com/watch?v=-j8WOAHw5d4,https://i.ytimg.com/vi/-j8WOAHw5d4/maxresdefault.jpg
lazy,lazy by coach,Student CALLED FAT and LAZY by Coach at School. Must see Surprise Ending. Totally Studios,Totally Studios,4458001,3.16,https://www.youtube.com/watch?v=zu6ZwekCSy8,https://i.ytimg.com/vi/zu6ZwekCSy8/maxresdefault.jpg
dumbest,dumbest decisions,10 Dumbest Decisions in Horror Movies,Mr. Nightmare,9611700,3.16,https://www.youtube.com/watch?v=I6F3ECNOzc4,https://i.ytimg.com/vi/I6F3ECNOzc4/hqdefault.jpg
decisions,decisions in movies,10 Dumbest Decisions in Horror Movies,Mr. Nightmare,9611700,3.16,https://www.youtube.com/watch?v=I6F3ECNOzc4,https://i.ytimg.com/vi/I6F3ECNOzc4/hqdefault.jpg
movies,movies,10 Dumbest Decisions in Horror Movies,Mr. Nightmare,9611700,3.16,https://www.youtube.com/watch?v=I6F3ECNOzc4,https://i.ytimg.com/vi/I6F3ECNOzc4/hqdefault.jpg
bone,bone,20 Bone-chilling Horror Stories (Compilation of April 2023),Dr. NoSleep Podcast,57725,3.15,https://www.youtube.com/watch?v=nFIYx7F5kJg,https://i.ytimg.com/vi/nFIYx7F5kJg/maxresdefault.jpg
attack,attack on titan,Attack on Titan: A Roblox Movie,ShanePlays 2,7664098,3.15,https://www.youtube.com/watch?v=ru-JlCN4evM,https://i.ytimg.com/vi/ru-JlCN4evM/maxresdefault.jpg
titan,titan a roblox movie,Attack on Titan: A Roblox Movie,ShanePlays 2,7664098,3.15,https://www.youtube.com/watch?v=ru-JlCN4evM,https://i.ytimg.com/vi/ru-JlCN4evM/maxresdefault.jpg
chef,chef,Can I Turn MrBeast Into A Chef?,Nick DiGiovanni,108528604,3.15,https://www.youtube.com/watch?v=IdENz7Spr74,https://i.ytimg.com/vi/IdENz7Spr74/maxresdefault.jpg
reviews,reviews,I Tested Restaurants with No Reviews,Ryan Trahan,31750498,3.15,https://www.youtube.com/watch?v=jac53THxO0I,https://i.ytimg.com/vi/jac53THxO0I/maxresdefault.jpg
obsessed,obsessed,A Billionaire Mafia Boy is Obsessed with Me,MSA,48839846,3.13,https://www.youtube.com/watch?v=_tXe2EZcvaA,https://i.ytimg.com/vi/_tXe2EZcvaA/maxresdefault.jpg
skyblock,skyblock in real,I Survived Skyblock In Real Life,Unspeakable,38537317,3.13,https://www.youtube.com/watch?v=BM7uyaTMW_Q,https://i.ytimg.com/vi/BM7uyaTMW_Q/maxresdefault.jpg
discovers,discovers gf was born,BF Discovers GF was BORN A GUY... THE ENDING WILL SHOCK YOU | Sameer Bhavnani,Sameer Bhavnani,1701791,3.12,https://www.youtube.com/watch?v=3CHKhJdwrDA,https://i.ytimg.com/vi/3CHKhJdwrDA/maxresdefault.jpg
ignore,ignore native wisdom,Never ignore Native wisdom,MrBallen,8336353,3.12,https://www.youtube.com/watch?v=MHmmd6rGRSw,https://i.ytimg.com/vi/MHmmd6rGRSw/maxresdefault.jpg
native,native wisdom,Never ignore Native wisdom,MrBallen,8336353,3.12,https://www.youtube.com/watch?v=MHmmd6rGRSw,https://i.ytimg.com/vi/MHmmd6rGRSw/maxresdefault.jpg
wisdom,wisdom,Never ignore Native wisdom,MrBallen,8336353,3.12,https://www.youtube.com/watch?v=MHmmd6rGRSw,https://i.ytimg.com/vi/MHmmd6rGRSw/maxresdefault.jpg
cyber,cyber truck,Surviving Overnight in a Cyber Truck,The Royalty Family,53069564,3.12,https://www.youtube.com/watch?v=DQ8-CtiFn7w,https://i.ytimg.com/vi/DQ8-CtiFn7w/maxresdefault.jpg
feet,feet,I Made The World's Largest Pizza (132 Feet),Airrack,32275966,3.12,https://www.youtube.com/watch?v=LrTKeT8xBRg,https://i.ytimg.com/vi/LrTKeT8xBRg/maxresdefault.jpg
high,high school,4 Disturbing TRUE High School Horror Stories,Mr. Nightmare,9470499,3.11,https://www.youtube.com/watch?v=IXahfM5mKn0,https://i.ytimg.com/vi/IXahfM5mKn0/maxresdefault.jpg
dad's,dad's cringe tiktoks,Son REACTS to his Dad's CRINGE TikToks! 😂,The Royalty Family,52948117,3.11,https://www.youtube.com/watch?v=pC9DmA4_CMg,https://i.ytimg.com/vi/pC9DmA4_CMg/maxresdefault.jpg
skinny,skinny girl fat shamed,SKINNY Girl FAT SHAMED At Restaurant | Illumeably,Illumeably,1833363,3.11,https://www.youtube.com/watch?v=ZZnxkP0QwM0,https://i.ytimg.com/vi/ZZnxkP0QwM0/maxresdefault.jpg
died,died 18 times,My Brother Almost Died (18 Times...),Haminations,69647699,3.1,https://www.youtube.com/watch?v=STPzH0Uob54,https://i.ytimg.com/vi/STPzH0Uob54/maxresdefault.jpg
overheard,overheard one secret,She Overheard The One SECRET I Never Wanted Her To Know,Story Time Animated,2354600,3.1,https://www.youtube.com/watch?v=IdW8au8Ft5c,https://i.ytimg.com/vi/IdW8au8Ft5c/maxresdefault.jpg
zombie,zombie a roblox movie,His Girlfriend Became A Zombie: A Roblox Movie,ShanePlays 2,7533369,3.1,https://www.youtube.com/watch?v=h7EQfB-Kd7A,https://i.ytimg.com/vi/h7EQfB-Kd7A/maxresdefault.jpg
traveled,traveled to a deserted,I Traveled to a Deserted Island in the North Pacific That Has a Terrifying Secret,Dr. NoSleep Podcast,56603,3.09,https://www.youtube.com/watch?v=EPqmeGxKi0U,https://i.ytimg.com/vi/EPqmeGxKi0U/maxresdefault.jpg
deserted,deserted island,I Traveled to a Deserted Island in the North Pacific That Has a Terrifying Secret,Dr. NoSleep Podcast,56603,3.09,https://www.youtube.com/watch?v=EPqmeGxKi0U,https://i.ytimg.com/vi/EPqmeGxKi0U/maxresdefault.jpg
pacific,pacific,I Traveled to a Deserted Island in the North Pacific That Has a Terrifying Secret,Dr. NoSleep Podcast,56603,3.09,https://www.youtube.com/watch?v=EPqmeGxKi0U,https://i.ytimg.com/vi/EPqmeGxKi0U/maxresdefault.jpg
arab,arab man,Racist Karen Attacks Innocent Arab Man. Then This Happens.,SoulSnack,1947200,3.09,https://www.youtube.com/watch?v=JOc5zJb-HzU,https://i.ytimg.com/vi/JOc5zJb-HzU/maxresdefault.jpg
metal,metal detected 100 miles,I Metal Detected 100 Miles of Beach,Ryan Trahan,31086943,3.08,https://www.youtube.com/watch?v=UqycqI89sAo,https://i.ytimg.com/vi/UqycqI89sAo/maxresdefault.jpg
detected,detected 100 miles,I Metal Detected 100 Miles of Beach,Ryan Trahan,31086943,3.08,https://www.youtube.com/watch?v=UqycqI89sAo,https://i.ytimg.com/vi/UqycqI89sAo/maxresdefault.jpg
miles,miles of beach,I Metal Detected 100 Miles of Beach,Ryan Trahan,31086943,3.08,https://www.youtube.com/watch?v=UqycqI89sAo,https://i.ytimg.com/vi/UqycqI89sAo/maxresdefault.jpg
removed,removed my birthmark,I Removed My Birthmark & Didn't Recognize Myself,MSA,47806723,3.06,https://www.youtube.com/watch?v=Iowb0nsekhc,https://i.ytimg.com/vi/Iowb0nsekhc/maxresdefault.jpg
birthmark,birthmark didn't recognize myself,I Removed My Birthmark & Didn't Recognize Myself,MSA,47806723,3.06,https://www.youtube.com/watch?v=Iowb0nsekhc,https://i.ytimg.com/vi/Iowb0nsekhc/maxresdefault.jpg
myself,myself,I Removed My Birthmark & Didn't Recognize Myself,MSA,47806723,3.06,https://www.youtube.com/watch?v=Iowb0nsekhc,https://i.ytimg.com/vi/Iowb0nsekhc/maxresdefault.jpg
team,team by coach,PREGNANT Cheerleader KICKED Off Team by Coach. She Regrets it Immediately. Totally Studios.,Totally Studios,4306639,3.06,https://www.youtube.com/watch?v=_-89GUfI-3M,https://i.ytimg.com/vi/_-89GUfI-3M/maxresdefault.jpg
immediately,immediately,PREGNANT Cheerleader KICKED Off Team by Coach. She Regrets it Immediately. Totally Studios.,Totally Studios,4306639,3.06,https://www.youtube.com/watch?v=_-89GUfI-3M,https://i.ytimg.com/vi/_-89GUfI-3M/maxresdefault.jpg
item,item,I Tried Every Drive Thrus Most Expensive Item,Ryan Trahan,30856749,3.06,https://www.youtube.com/watch?v=sWartg-GwpM,https://i.ytimg.com/vi/sWartg-GwpM/maxresdefault.jpg
touches,touches daughter,Creepy STEP-DAD Touches Daughter in Her..... YOU WON'T BELIEVE WHAT MOM DOES NEXT!!!!!,Life Lessons With Luis,5875917,3.06,https://www.youtube.com/watch?v=Dv5noaK1ktY,https://i.ytimg.com/vi/Dv5noaK1ktY/maxresdefault.jpg
american,american express card,Racist Karen Rejects Customer With Black American Express Card. He Gets The Last Laugh.,SoulSnack,1919742,3.05,https://www.youtube.com/watch?v=3ZGLxYyN820,https://i.ytimg.com/vi/3ZGLxYyN820/maxresdefault.jpg
express,express card,Racist Karen Rejects Customer With Black American Express Card. He Gets The Last Laugh.,SoulSnack,1919742,3.05,https://www.youtube.com/watch?v=3ZGLxYyN820,https://i.ytimg.com/vi/3ZGLxYyN820/maxresdefault.jpg
wasting,wasting money,"BROKE HUSBAND Keeps WASTING Money, What Happens Next Is Shocking | Illumeably",Illumeably,1800817,3.05,https://www.youtube.com/watch?v=TzVWSNBG-U4,https://i.ytimg.com/vi/TzVWSNBG-U4/maxresdefault.jpg
unsettling,unsettling,27 True Unsettling Horror Stories Animated,IMR Scary Tales,1064926,3.04,https://www.youtube.com/watch?v=PxPZcsHTgAE,https://i.ytimg.com/vi/PxPZcsHTgAE/maxresdefault.jpg
15th,15th birthday,Surprising Our Son with DREAM 15th Birthday,The Royalty Family,51726602,3.04,https://www.youtube.com/watch?v=4bMAzJQNMm4,https://i.ytimg.com/vi/4bMAzJQNMm4/maxresdefault.jpg
gut,gut wrenching hiking,The most gut-wrenching hiking story I have EVER told,MrBallen,8099984,3.03,https://www.youtube.com/watch?v=3doPbW2VS3Q,https://i.ytimg.com/vi/3doPbW2VS3Q/maxresdefault.jpg
wrenching,wrenching hiking,The most gut-wrenching hiking story I have EVER told,MrBallen,8099984,3.03,https://www.youtube.com/watch?v=3doPbW2VS3Q,https://i.ytimg.com/vi/3doPbW2VS3Q/maxresdefault.jpg
hiking,hiking,The most gut-wrenching hiking story I have EVER told,MrBallen,8099984,3.03,https://www.youtube.com/watch?v=3doPbW2VS3Q,https://i.ytimg.com/vi/3doPbW2VS3Q/maxresdefault.jpg
nothing,nothing stays buried forever,Nothing Stays Buried Forever,Dr. NoSleep Podcast,55151,3.01,https://www.youtube.com/watch?v=1P5Esl3sd4A,https://i.ytimg.com/vi/1P5Esl3sd4A/maxresdefault.jpg
stays,stays buried forever,Nothing Stays Buried Forever,Dr. NoSleep Podcast,55151,3.01,https://www.youtube.com/watch?v=1P5Esl3sd4A,https://i.ytimg.com/vi/1P5Esl3sd4A/maxresdefault.jpg
buried,buried forever,Nothing Stays Buried Forever,Dr. NoSleep Podcast,55151,3.01,https://www.youtube.com/watch?v=1P5Esl3sd4A,https://i.ytimg.com/vi/1P5Esl3sd4A/maxresdefault.jpg
zookeeper's,zookeeper's sad origin,ZOOKEEPER's SAD ORIGIN STORY... (Cartoon Animation),GameToons,9587613,3.01,https://www.youtube.com/watch?v=LagWKNf99zQ,https://i.ytimg.com/vi/LagWKNf99zQ/maxresdefault.jpg
prejudice,prejudice rookie cop arrests,Prejudice Rookie Cop Arrests Police Captain's Son. Then This Happens,SoulSnack,1896933,3.01,https://www.youtube.com/watch?v=MHutaFD3Tk4,https://i.ytimg.com/vi/MHutaFD3Tk4/maxresdefault.jpg
salesman,salesman shames rich black,"White Car Salesman Shames Rich Black Doctor, then this Happens.",SoulSnack,1894420,3.01,https://www.youtube.com/watch?v=lhFJnnufIF4,https://i.ytimg.com/vi/lhFJnnufIF4/maxresdefault.jpg
doctor,doctor,"White Car Salesman Shames Rich Black Doctor, then this Happens.",SoulSnack,1894420,3.01,https://www.youtube.com/watch?v=lhFJnnufIF4,https://i.ytimg.com/vi/lhFJnnufIF4/maxresdefault.jpg
gym,gym stereotypes,GYM STEREOTYPES | The Most Annoying People at the Gym,Dude Perfect,148424712,3.01,https://www.youtube.com/watch?v=nU4EJfX2aXE,https://i.ytimg.com/vi/nU4EJfX2aXE/maxresdefault.jpg
riot,riot storytime,I Started a School Riot.. (Storytime),Tyler Vitelli,2666693,3.0,https://www.youtube.com/watch?v=MCGOE18KRSw,https://i.ytimg.com/vi/MCGOE18KRSw/maxresdefault.jpg
storytime,storytime,I Started a School Riot.. (Storytime),Tyler Vitelli,2666693,3.0,https://www.youtube.com/watch?v=MCGOE18KRSw,https://i.ytimg.com/vi/MCGOE18KRSw/maxresdefault.jpg
platinum,platinum nuzlocke,I Attempted a Pokemon Platinum Nuzlocke,JaidenAnimations,66854701,3.0,https://www.youtube.com/watch?v=ejys3sT2LHw,https://i.ytimg.com/vi/ejys3sT2LHw/maxresdefault.jpg
fbi's,fbi's 10,The FBI's 10 Most Wanted Explained,Chilling Scares,9725706,2.99,https://www.youtube.com/watch?v=597lFzU_pr0,https://i.ytimg.com/vi/597lFzU_pr0/maxresdefault.jpg
explained,explained,The FBI's 10 Most Wanted Explained,Chilling Scares,9725706,2.99,https://www.youtube.com/watch?v=597lFzU_pr0,https://i.ytimg.com/vi/597lFzU_pr0/maxresdefault.jpg
banned amazon products,banned amazon products,Trying 100 Banned Amazon Products!,Stokes Twins,153220662,2.99,https://www.youtube.com/watch?v=tjobI43dbTU,https://i.ytimg.com/vi/tjobI43dbTU/maxresdefault.jpg
obstacle,obstacle course,World’s Deadliest Obstacle Course!,MrBeast,449751287,2.98,https://www.youtube.com/watch?v=PWirijQkH4M,https://i.ytimg.com/vi/PWirijQkH4M/maxresdefault.jpg
course,course,World’s Deadliest Obstacle Course!,MrBeast,449751287,2.98,https://www.youtube.com/watch?v=PWirijQkH4M,https://i.ytimg.com/vi/PWirijQkH4M/maxresdefault.jpg
13th,13th birthday surprise,Our Son's EPIC 13th BIRTHDAY SURPRISE!,The Royalty Family,50726633,2.98,https://www.youtube.com/watch?v=ppAIBR_BxO4,https://i.ytimg.com/vi/ppAIBR_BxO4/maxresdefault.jpg
items,items,I Asked 100 Drive Thrus for Banned Items,Ryan Trahan,30065866,2.98,https://www.youtube.com/watch?v=kU2pSzKkfOk,https://i.ytimg.com/vi/kU2pSzKkfOk/maxresdefault.jpg
internet,internet rabbit holes,5 Most Disturbing Internet Rabbit Holes,Chilling Scares,9679735,2.97,https://www.youtube.com/watch?v=jTKLn6yLqik,https://i.ytimg.com/vi/jTKLn6yLqik/maxresdefault.jpg
rabbit,rabbit holes,5 Most Disturbing Internet Rabbit Holes,Chilling Scares,9679735,2.97,https://www.youtube.com/watch?v=jTKLn6yLqik,https://i.ytimg.com/vi/jTKLn6yLqik/maxresdefault.jpg
holes,holes,5 Most Disturbing Internet Rabbit Holes,Chilling Scares,9679735,2.97,https://www.youtube.com/watch?v=jTKLn6yLqik,https://i.ytimg.com/vi/jTKLn6yLqik/maxresdefault.jpg
hawaii,hawaii,Flying First Class to Hawaii,The Royalty Family,50517434,2.97,https://www.youtube.com/watch?v=QyzfMziK6Ek,https://i.ytimg.com/vi/QyzfMziK6Ek/maxresdefault.jpg
strongest,strongest cube,27 Ways To DESTROY The Worlds STRONGEST Cube!,Unspeakable,36390783,2.96,https://www.youtube.com/watch?v=qYZ8LNK3k7Q,https://i.ytimg.com/vi/qYZ8LNK3k7Q/maxresdefault.jpg
cube,cube,27 Ways To DESTROY The Worlds STRONGEST Cube!,Unspeakable,36390783,2.96,https://www.youtube.com/watch?v=qYZ8LNK3k7Q,https://i.ytimg.com/vi/qYZ8LNK3k7Q/maxresdefault.jpg
types,types of people,Types of People at Sleepovers,Tyler Vitelli,2622901,2.95,https://www.youtube.com/watch?v=fzcYp4t9U3k,https://i.ytimg.com/vi/fzcYp4t9U3k/hqdefault.jpg
jan,jan 2023,20 True Horror Stories Animated (Compilation of jan 2023),IMR Scary Tales,1036673,2.95,https://www.youtube.com/watch?v=lqiTP9mJKKw,https://i.ytimg.com/vi/lqiTP9mJKKw/maxresdefault.jpg
outsmarted,outsmarted thief,Blind Girl Outsmarted The Thief | @DramatizeMe,DramatizeMe,2412091,2.93,https://www.youtube.com/watch?v=KlqeUYTLW-E,https://i.ytimg.com/vi/KlqeUYTLW-E/maxresdefault.jpg
vaping,vaping be like,Vaping Be Like,ChainsFR,22746258,2.93,https://www.youtube.com/watch?v=pfJ5XjwYVM0,https://i.ytimg.com/vi/pfJ5XjwYVM0/maxresdefault.jpg
january,january 2022,20 HORROR STORIES ANIMATED (JANUARY 2022 COMPILATION),IMR Scary Tales,1028605,2.93,https://www.youtube.com/watch?v=UxhC2_HsyWA,https://i.ytimg.com/vi/UxhC2_HsyWA/maxresdefault.jpg
pinki,pinki fixes oren's broken,PINKI Fixes OREN's BROKEN HEART... (Cartoon Animation),GameToons,9342914,2.93,https://www.youtube.com/watch?v=9Y1di-zR78E,https://i.ytimg.com/vi/9Y1di-zR78E/maxresdefault.jpg
fixes,fixes oren's broken heart,PINKI Fixes OREN's BROKEN HEART... (Cartoon Animation),GameToons,9342914,2.93,https://www.youtube.com/watch?v=9Y1di-zR78E,https://i.ytimg.com/vi/9Y1di-zR78E/maxresdefault.jpg
oren's,oren's broken heart cartoon,PINKI Fixes OREN's BROKEN HEART... (Cartoon Animation),GameToons,9342914,2.93,https://www.youtube.com/watch?v=9Y1di-zR78E,https://i.ytimg.com/vi/9Y1di-zR78E/maxresdefault.jpg
broken,broken heart cartoon animation,PINKI Fixes OREN's BROKEN HEART... (Cartoon Animation),GameToons,9342914,2.93,https://www.youtube.com/watch?v=9Y1di-zR78E,https://i.ytimg.com/vi/9Y1di-zR78E/maxresdefault.jpg
heart,heart cartoon animation,PINKI Fixes OREN's BROKEN HEART... (Cartoon Animation),GameToons,9342914,2.93,https://www.youtube.com/watch?v=9Y1di-zR78E,https://i.ytimg.com/vi/9Y1di-zR78E/maxresdefault.jpg
theft,theft auto,I Spent 100 Days in Grand Theft Auto,Ryan Trahan,29443713,2.92,https://www.youtube.com/watch?v=vAiuLJoWJl0,https://i.ytimg.com/vi/vAiuLJoWJl0/maxresdefault.jpg
auto,auto,I Spent 100 Days in Grand Theft Auto,Ryan Trahan,29443713,2.92,https://www.youtube.com/watch?v=vAiuLJoWJl0,https://i.ytimg.com/vi/vAiuLJoWJl0/maxresdefault.jpg
falsely,falsely arrests black business,Cop Falsely Arrests Black Business Owner. Then This Happens,SoulSnack,1843015,2.92,https://www.youtube.com/watch?v=_UD4zc0aOzg,https://i.ytimg.com/vi/_UD4zc0aOzg/maxresdefault.jpg
business,business owner,Cop Falsely Arrests Black Business Owner. Then This Happens,SoulSnack,1843015,2.92,https://www.youtube.com/watch?v=_UD4zc0aOzg,https://i.ytimg.com/vi/_UD4zc0aOzg/maxresdefault.jpg
overprotective,overprotective bros control younger,OVERPROTECTIVE Bros Control YOUNGER SISTER | Dhar Mann Studios,Dhar Mann Studios,15528131,2.91,https://www.youtube.com/watch?v=RymnNFKcZHM,https://i.ytimg.com/vi/RymnNFKcZHM/maxresdefault.jpg
bros,bros control younger sister,OVERPROTECTIVE Bros Control YOUNGER SISTER | Dhar Mann Studios,Dhar Mann Studios,15528131,2.91,https://www.youtube.com/watch?v=RymnNFKcZHM,https://i.ytimg.com/vi/RymnNFKcZHM/maxresdefault.jpg
younger,younger sister,OVERPROTECTIVE Bros Control YOUNGER SISTER | Dhar Mann Studios,Dhar Mann Studios,15528131,2.91,https://www.youtube.com/watch?v=RymnNFKcZHM,https://i.ytimg.com/vi/RymnNFKcZHM/maxresdefault.jpg
walmart,walmart,3 True Scary Walmart Horror Stories,Mr. Nightmare,8861984,2.91,https://www.youtube.com/watch?v=o9TeB-3m7qs,https://i.ytimg.com/vi/o9TeB-3m7qs/maxresdefault.jpg
feb,feb 2023,24 True Horror Stories Animated (Compilation of Feb 2023),IMR Scary Tales,1021026,2.91,https://www.youtube.com/watch?v=dl00_TMxIZ0,https://i.ytimg.com/vi/dl00_TMxIZ0/maxresdefault.jpg
dale,dale jr,Driving Stereotypes ft. Dale Jr,Dude Perfect,143259269,2.91,https://www.youtube.com/watch?v=Vzv40VWL5ho,https://i.ytimg.com/vi/Vzv40VWL5ho/maxresdefault.jpg
funeral,funeral a roblox movie,SPOILED Brother Had A FAKE FUNERAL! (A Roblox Movie),ShanePlays 2,7052817,2.9,https://www.youtube.com/watch?v=c5W12wfA4QE,https://i.ytimg.com/vi/c5W12wfA4QE/maxresdefault.jpg
tallest,tallest man,I Spent 24 Hours with the World’s Tallest Man!,Stokes Twins,148760342,2.9,https://www.youtube.com/watch?v=psgYshOi9v8,https://i.ytimg.com/vi/psgYshOi9v8/maxresdefault.jpg
cruise,cruise,I Tried Every Room on the Most Expensive Cruise,Ryan Trahan,29234198,2.9,https://www.youtube.com/watch?v=z2SPBQMrye8,https://i.ytimg.com/vi/z2SPBQMrye8/maxresdefault.jpg
angel,angel but i m,"My Mom Thinks I’m an Angel, but I’m Actually EVIL",Story Time Animated,2199952,2.89,https://www.youtube.com/watch?v=tysS4PDcA80,https://i.ytimg.com/vi/tysS4PDcA80/maxresdefault.jpg
remains,remains on moon,"We Found Human Remains on the Moon — From 700,000 Years Ago",Dr. NoSleep Podcast,53063,2.89,https://www.youtube.com/watch?v=Y7Z_sbYjBro,https://i.ytimg.com/vi/Y7Z_sbYjBro/maxresdefault.jpg
ago,ago,"We Found Human Remains on the Moon — From 700,000 Years Ago",Dr. NoSleep Podcast,53063,2.89,https://www.youtube.com/watch?v=Y7Z_sbYjBro,https://i.ytimg.com/vi/Y7Z_sbYjBro/maxresdefault.jpg
trusting,trusting girl,Trusting Girl Went On Date With Criminal | @DramatizeMe,DramatizeMe,2371011,2.88,https://www.youtube.com/watch?v=GkME32B_IDQ,https://i.ytimg.com/vi/GkME32B_IDQ/maxresdefault.jpg
chinese,chinese to wear face,"Racist Employee FORCES Chinese to Wear Face Mask, He Gets Slapped! | Sameer Bhavnani",Sameer Bhavnani,1563680,2.87,https://www.youtube.com/watch?v=JDwxzUJi5qA,https://i.ytimg.com/vi/JDwxzUJi5qA/maxresdefault.jpg
slapped,slapped,"Racist Employee FORCES Chinese to Wear Face Mask, He Gets Slapped! | Sameer Bhavnani",Sameer Bhavnani,1563680,2.87,https://www.youtube.com/watch?v=JDwxzUJi5qA,https://i.ytimg.com/vi/JDwxzUJi5qA/maxresdefault.jpg
chick,chick he lives,"Guy Leaves Girlfriend For ""HOT CHICK"", He Lives To Regret It.",Vid Chronicles,627366,2.87,https://www.youtube.com/watch?v=_J7dkjPu1Dc,https://i.ytimg.com/vi/_J7dkjPu1Dc/maxresdefault.jpg
little,little girl in basketball,"MEAN BOYS BULLY Little GIRL IN BASKETBALL, They Live To Regret It | The Beast Family",The Beast Family,3644573,2.86,https://www.youtube.com/watch?v=L_5ySrmO1eU,https://i.ytimg.com/vi/L_5ySrmO1eU/maxresdefault.jpg
allergic,allergic to my boyfriend,I Found Out I’m SECRETLY Allergic To My Boyfriend,Story Time Animated,2171811,2.86,https://www.youtube.com/watch?v=UVMH91tC2fY,https://i.ytimg.com/vi/UVMH91tC2fY/maxresdefault.jpg
disaster,disaster you've never heard,A Disaster You've Never Heard of Is Still Controlling Our Timeline | Butterfly Effects ep.01,MrBallen,7656631,2.86,https://www.youtube.com/watch?v=BaGJBlKT8NA,https://i.ytimg.com/vi/BaGJBlKT8NA/hqdefault.jpg
controlling,controlling our timeline butterfly,A Disaster You've Never Heard of Is Still Controlling Our Timeline | Butterfly Effects ep.01,MrBallen,7656631,2.86,https://www.youtube.com/watch?v=BaGJBlKT8NA,https://i.ytimg.com/vi/BaGJBlKT8NA/hqdefault.jpg
timeline,timeline butterfly effects,A Disaster You've Never Heard of Is Still Controlling Our Timeline | Butterfly Effects ep.01,MrBallen,7656631,2.86,https://www.youtube.com/watch?v=BaGJBlKT8NA,https://i.ytimg.com/vi/BaGJBlKT8NA/hqdefault.jpg
butterfly,butterfly effects ep 01,A Disaster You've Never Heard of Is Still Controlling Our Timeline | Butterfly Effects ep.01,MrBallen,7656631,2.86,https://www.youtube.com/watch?v=BaGJBlKT8NA,https://i.ytimg.com/vi/BaGJBlKT8NA/hqdefault.jpg
effects,effects ep 01,A Disaster You've Never Heard of Is Still Controlling Our Timeline | Butterfly Effects ep.01,MrBallen,7656631,2.86,https://www.youtube.com/watch?v=BaGJBlKT8NA,https://i.ytimg.com/vi/BaGJBlKT8NA/hqdefault.jpg
prodigy's,prodigy's disturbing masterpiece,Teen prodigy's DISTURBING masterpiece will make even the toughest people squirm,MrBallen,7631823,2.86,https://www.youtube.com/watch?v=MclMKi4zDBw,https://i.ytimg.com/vi/MclMKi4zDBw/maxresdefault.jpg
masterpiece,masterpiece will make even,Teen prodigy's DISTURBING masterpiece will make even the toughest people squirm,MrBallen,7631823,2.86,https://www.youtube.com/watch?v=MclMKi4zDBw,https://i.ytimg.com/vi/MclMKi4zDBw/maxresdefault.jpg
even,even toughest people,Teen prodigy's DISTURBING masterpiece will make even the toughest people squirm,MrBallen,7631823,2.86,https://www.youtube.com/watch?v=MclMKi4zDBw,https://i.ytimg.com/vi/MclMKi4zDBw/maxresdefault.jpg
toughest,toughest people squirm,Teen prodigy's DISTURBING masterpiece will make even the toughest people squirm,MrBallen,7631823,2.86,https://www.youtube.com/watch?v=MclMKi4zDBw,https://i.ytimg.com/vi/MclMKi4zDBw/maxresdefault.jpg
squirm,squirm,Teen prodigy's DISTURBING masterpiece will make even the toughest people squirm,MrBallen,7631823,2.86,https://www.youtube.com/watch?v=MclMKi4zDBw,https://i.ytimg.com/vi/MclMKi4zDBw/maxresdefault.jpg
abuse,abuse,Сar Accident Saves Girl From Abuse | @DramatizeMe,DramatizeMe,2347069,2.85,https://www.youtube.com/watch?v=YXLUFamZ13M,https://i.ytimg.com/vi/YXLUFamZ13M/maxresdefault.jpg
voice,voice is beautiful,My Voice Is BEAUTIFUL But I’m Forced To HIDE My Face,Story Time Animated,2169017,2.85,https://www.youtube.com/watch?v=TG-E18wwo1Y,https://i.ytimg.com/vi/TG-E18wwo1Y/maxresdefault.jpg
crawled,crawled,"Something Twisted Crawled Out from the Edge of the Universe, and It's Coming Our Way...",Dr. NoSleep Podcast,52141,2.84,https://www.youtube.com/watch?v=wyj4SsdBy9E,https://i.ytimg.com/vi/wyj4SsdBy9E/maxresdefault.jpg
coming,coming our way,"Something Twisted Crawled Out from the Edge of the Universe, and It's Coming Our Way...",Dr. NoSleep Podcast,52141,2.84,https://www.youtube.com/watch?v=wyj4SsdBy9E,https://i.ytimg.com/vi/wyj4SsdBy9E/maxresdefault.jpg
category,category,I Tried Every Airbnb Category,Ryan Trahan,28623563,2.84,https://www.youtube.com/watch?v=9ZXzsjeRtdk,https://i.ytimg.com/vi/9ZXzsjeRtdk/maxresdefault.jpg
parkour,parkour animation vs minecraft,Parkour - Animation vs. Minecraft Shorts Ep. 22,Alan Becker,208605383,2.84,https://www.youtube.com/watch?v=q4dANhP7BVg,https://i.ytimg.com/vi/q4dANhP7BVg/maxresdefault.jpg
bathrooms,bathrooms,The Problem with School Bathrooms..,Tyler Vitelli,2522256,2.83,https://www.youtube.com/watch?v=paN_5HKoGlg,https://i.ytimg.com/vi/paN_5HKoGlg/maxresdefault.jpg
lover,lover being her cousin,"Wife Lies About Secret Lover Being Her Cousin, End Will Shock You.",Vid Chronicles,619769,2.83,https://www.youtube.com/watch?v=FmsbAPXgyEQ,https://i.ytimg.com/vi/FmsbAPXgyEQ/maxresdefault.jpg
cousin,cousin end will shock,"Wife Lies About Secret Lover Being Her Cousin, End Will Shock You.",Vid Chronicles,619769,2.83,https://www.youtube.com/watch?v=FmsbAPXgyEQ,https://i.ytimg.com/vi/FmsbAPXgyEQ/maxresdefault.jpg
each,each grade of school,The Problem with Each Grade of School..,Tyler Vitelli,2511833,2.82,https://www.youtube.com/watch?v=koybucnWKUE,https://i.ytimg.com/vi/koybucnWKUE/maxresdefault.jpg
dogs,dogs,I Adopted 100 Dogs!,MrBeast,423799961,2.81,https://www.youtube.com/watch?v=lOKASgtr6kU,https://i.ytimg.com/vi/lOKASgtr6kU/maxresdefault.jpg
recordings,recordings left by missing,5 Disturbing Recordings Left by Missing Persons,Chilling Scares,9139236,2.81,https://www.youtube.com/watch?v=CWipxBgwVPQ,https://i.ytimg.com/vi/CWipxBgwVPQ/maxresdefault.jpg
choo,choo choo charles,CHOO CHOO CHARLES vs. THOMAS.EXE?! (Cartoon Animation),GameToons,8932833,2.8,https://www.youtube.com/watch?v=TA6ndzC4PlY,https://i.ytimg.com/vi/TA6ndzC4PlY/maxresdefault.jpg
charles,charles vs thomas exe,CHOO CHOO CHARLES vs. THOMAS.EXE?! (Cartoon Animation),GameToons,8932833,2.8,https://www.youtube.com/watch?v=TA6ndzC4PlY,https://i.ytimg.com/vi/TA6ndzC4PlY/maxresdefault.jpg
thomas,thomas exe cartoon animation,CHOO CHOO CHARLES vs. THOMAS.EXE?! (Cartoon Animation),GameToons,8932833,2.8,https://www.youtube.com/watch?v=TA6ndzC4PlY,https://i.ytimg.com/vi/TA6ndzC4PlY/maxresdefault.jpg
exe,exe cartoon animation,CHOO CHOO CHARLES vs. THOMAS.EXE?! (Cartoon Animation),GameToons,8932833,2.8,https://www.youtube.com/watch?v=TA6ndzC4PlY,https://i.ytimg.com/vi/TA6ndzC4PlY/maxresdefault.jpg
clown,clown,3 True Clown Horror Stories,Mr. Nightmare,8494915,2.79,https://www.youtube.com/watch?v=pWatnY1GqME,https://i.ytimg.com/vi/pWatnY1GqME/hqdefault.jpg
loved,loved one twin,Mean Mom Only Loved One Twin (A Roblox Movie),ShanePlays 2,6782080,2.79,https://www.youtube.com/watch?v=v-H7jnpOKIU,https://i.ytimg.com/vi/v-H7jnpOKIU/maxresdefault.jpg
double,double 1,How Many Days Can I Double $1?,Ryan Trahan,28157230,2.79,https://www.youtube.com/watch?v=S0OHw58IjJk,https://i.ytimg.com/vi/S0OHw58IjJk/maxresdefault.jpg
allowed,allowed to have friends,"Boyfriend NOT ALLOWED To HAVE FRIENDS, What Happens Is Shocking | Illumeably",Illumeably,1646913,2.79,https://www.youtube.com/watch?v=yFkQGGAVrIU,https://i.ytimg.com/vi/yFkQGGAVrIU/maxresdefault.jpg
disrespects,disrespects her mom,"Girl DISRESPECTS Her Mom, What Happens Next Is Shocking! | The Beast Family",The Beast Family,3546046,2.78,https://www.youtube.com/watch?v=PvJjdM9ISHE,https://i.ytimg.com/vi/PvJjdM9ISHE/maxresdefault.jpg
steel,steel,ESCAPING 100 LAYERS Of STEEL!,Unspeakable,34212486,2.78,https://www.youtube.com/watch?v=206Zg12nVO0,https://i.ytimg.com/vi/206Zg12nVO0/maxresdefault.jpg
highschool,highschool,My Toxic Friend In Highschool,scribblejuice,6704735,2.78,https://www.youtube.com/watch?v=YsM4YwlwKIs,https://i.ytimg.com/vi/YsM4YwlwKIs/maxresdefault.jpg
burger,burger king,3 TRUE BURGER KING HORROR STORIES ANIMATED,Horror Shorts Party,2536244,2.78,https://www.youtube.com/watch?v=LIXPoGT0fIc,https://i.ytimg.com/vi/LIXPoGT0fIc/maxresdefault.jpg
king,king,3 TRUE BURGER KING HORROR STORIES ANIMATED,Horror Shorts Party,2536244,2.78,https://www.youtube.com/watch?v=LIXPoGT0fIc,https://i.ytimg.com/vi/LIXPoGT0fIc/maxresdefault.jpg
sheriff's,sheriff's son,Police Officer Arrests The Sheriff's Son. Then This Happens,SoulSnack,1752973,2.78,https://www.youtube.com/watch?v=jt7KfMmY5Hg,https://i.ytimg.com/vi/jt7KfMmY5Hg/maxresdefault.jpg
dancer,dancer is age shamed,"DANCER Is AGE SHAMED At Audition, What Happens Is Shocking | Illumeably",Illumeably,1636666,2.78,https://www.youtube.com/watch?v=BYNPJnYFTFg,https://i.ytimg.com/vi/BYNPJnYFTFg/maxresdefault.jpg
age,age shamed at audition,"DANCER Is AGE SHAMED At Audition, What Happens Is Shocking | Illumeably",Illumeably,1636666,2.78,https://www.youtube.com/watch?v=BYNPJnYFTFg,https://i.ytimg.com/vi/BYNPJnYFTFg/maxresdefault.jpg
audition,audition,"DANCER Is AGE SHAMED At Audition, What Happens Is Shocking | Illumeably",Illumeably,1636666,2.78,https://www.youtube.com/watch?v=BYNPJnYFTFg,https://i.ytimg.com/vi/BYNPJnYFTFg/maxresdefault.jpg
memory,memory,My PERFECT MEMORY Got Me All A’s (But It’s A Curse),Story Time Animated,2106391,2.77,https://www.youtube.com/watch?v=Fimj5RjfzcE,https://i.ytimg.com/vi/Fimj5RjfzcE/maxresdefault.jpg
pop,pop star,TEACHER Is SECRETLY A POP STAR | Dhar Mann Studios,Dhar Mann Studios,14713295,2.76,https://www.youtube.com/watch?v=-w9Jgvbw6GE,https://i.ytimg.com/vi/-w9Jgvbw6GE/maxresdefault.jpg
star,star,TEACHER Is SECRETLY A POP STAR | Dhar Mann Studios,Dhar Mann Studios,14713295,2.76,https://www.youtube.com/watch?v=-w9Jgvbw6GE,https://i.ytimg.com/vi/-w9Jgvbw6GE/maxresdefault.jpg
sit,sit in snakes,"Would You Sit In Snakes For $10,000?",MrBeast,417152981,2.76,https://www.youtube.com/watch?v=fMfipiV_17o,https://i.ytimg.com/vi/fMfipiV_17o/maxresdefault.jpg
snakes,snakes for 10 000,"Would You Sit In Snakes For $10,000?",MrBeast,417152981,2.76,https://www.youtube.com/watch?v=fMfipiV_17o,https://i.ytimg.com/vi/fMfipiV_17o/maxresdefault.jpg
accused,accused of stealing,PREGNANT Girl Accused of STEALING from a Store. What Goes Wrong?,Totally Studios,3886561,2.76,https://www.youtube.com/watch?v=jnQT7vqEXhw,https://i.ytimg.com/vi/jnQT7vqEXhw/maxresdefault.jpg
knocks,knocks every night,"The New Neighbor Knocks Every Night at 3 AM, He Doesn't Want to Come In",Dr. NoSleep Podcast,50612,2.76,https://www.youtube.com/watch?v=ncge7b7tJOk,https://i.ytimg.com/vi/ncge7b7tJOk/maxresdefault.jpg
paraplegic,paraplegic black man dragged,Paraplegic Black Man Dragged Out Of HIs Car By Police (True Story),SoulSnack,1739089,2.76,https://www.youtube.com/watch?v=GxEyap0jhIo,https://i.ytimg.com/vi/GxEyap0jhIo/maxresdefault.jpg
dragged,dragged,Paraplegic Black Man Dragged Out Of HIs Car By Police (True Story),SoulSnack,1739089,2.76,https://www.youtube.com/watch?v=GxEyap0jhIo,https://i.ytimg.com/vi/GxEyap0jhIo/maxresdefault.jpg
code,code,Girl Rips Off Store With Fake QR Code | @DramatizeMe,DramatizeMe,2269772,2.75,https://www.youtube.com/watch?v=AG0EifkPvGY,https://i.ytimg.com/vi/AG0EifkPvGY/maxresdefault.jpg
billionaires,billionaires,The ONLY POOR GIRL in a Family of BILLIONAIRES,Story Time Animated,2093601,2.75,https://www.youtube.com/watch?v=VJSZ0qr5UJw,https://i.ytimg.com/vi/VJSZ0qr5UJw/maxresdefault.jpg
minutes,minutes,228 MINUTES OF ANIMATED HORROR STORIES (Compilation of September 2022),IMR Scary Tales,965310,2.75,https://www.youtube.com/watch?v=EOvqbaY92KA,https://i.ytimg.com/vi/EOvqbaY92KA/maxresdefault.jpg
september,september 2022,228 MINUTES OF ANIMATED HORROR STORIES (Compilation of September 2022),IMR Scary Tales,965310,2.75,https://www.youtube.com/watch?v=EOvqbaY92KA,https://i.ytimg.com/vi/EOvqbaY92KA/maxresdefault.jpg
radio,radio station,"I Took Over A Radio Station in the Mountains, The Broadcasts Are Not for the Living",Dr. NoSleep Podcast,50395,2.75,https://www.youtube.com/watch?v=vJApdfhUi6k,https://i.ytimg.com/vi/vJApdfhUi6k/maxresdefault.jpg
station,station in mountains,"I Took Over A Radio Station in the Mountains, The Broadcasts Are Not for the Living",Dr. NoSleep Podcast,50395,2.75,https://www.youtube.com/watch?v=vJApdfhUi6k,https://i.ytimg.com/vi/vJApdfhUi6k/maxresdefault.jpg
mountains,mountains broadcasts,"I Took Over A Radio Station in the Mountains, The Broadcasts Are Not for the Living",Dr. NoSleep Podcast,50395,2.75,https://www.youtube.com/watch?v=vJApdfhUi6k,https://i.ytimg.com/vi/vJApdfhUi6k/maxresdefault.jpg
broadcasts,broadcasts,"I Took Over A Radio Station in the Mountains, The Broadcasts Are Not for the Living",Dr. NoSleep Podcast,50395,2.75,https://www.youtube.com/watch?v=vJApdfhUi6k,https://i.ytimg.com/vi/vJApdfhUi6k/maxresdefault.jpg
capsule,capsule hotel wins 100,"Last To Leave Capsule Hotel Wins $100,000",Stokes Twins,140973263,2.75,https://www.youtube.com/watch?v=aAFMeSRVTuw,https://i.ytimg.com/vi/aAFMeSRVTuw/maxresdefault.jpg
bathroom,bathroom wins 10 000,"LAST TO LEAVE BATHROOM WINS $10,000",Stokes Twins,141221975,2.75,https://www.youtube.com/watch?v=3gLMOOUMiog,https://i.ytimg.com/vi/3gLMOOUMiog/maxresdefault.jpg
pickup,pickup basketball stereotypes,Pickup Basketball Stereotypes We ALL Know,Dude Perfect,134923692,2.74,https://www.youtube.com/watch?v=0gWxHFMog9w,https://i.ytimg.com/vi/0gWxHFMog9w/maxresdefault.jpg
homeboy,homeboy,"Wife Catches Husband Cheating With His Homeboy, Watch What Happens.",Vid Chronicles,597569,2.73,https://www.youtube.com/watch?v=9R4AslWAliU,https://i.ytimg.com/vi/9R4AslWAliU/maxresdefault.jpg
entitled,entitled karen steals playstation,Crazy Entitled Karen Steals PlayStation 5 From Black Kids. Then This Happens,SoulSnack,1722958,2.73,https://www.youtube.com/watch?v=jQbBSw6z1ns,https://i.ytimg.com/vi/jQbBSw6z1ns/maxresdefault.jpg
anxiety,anxiety,My Anxiety,storybooth,12466548,2.73,https://www.youtube.com/watch?v=Zrg7lJyIYzQ,https://i.ytimg.com/vi/Zrg7lJyIYzQ/maxresdefault.jpg
scam,scam ads,I Actually Bought 100 Scam Ads,Ryan Trahan,27385468,2.71,https://www.youtube.com/watch?v=jmBRWyZJ4p4,https://i.ytimg.com/vi/jmBRWyZJ4p4/maxresdefault.jpg
ads,ads,I Actually Bought 100 Scam Ads,Ryan Trahan,27385468,2.71,https://www.youtube.com/watch?v=jmBRWyZJ4p4,https://i.ytimg.com/vi/jmBRWyZJ4p4/maxresdefault.jpg
holidays,holidays a roblox movie,He Was Abandoned On The Holidays: A Roblox Movie,ShanePlays 2,6578791,2.7,https://www.youtube.com/watch?v=FroVt3txLE0,https://i.ytimg.com/vi/FroVt3txLE0/maxresdefault.jpg
goodbye,goodbye son w rebecca,FERRAN Has NEW PARENTS! Goodbye Son...W/ Rebecca Zamolo | The Royalty Family,The Royalty Family,45777742,2.69,https://www.youtube.com/watch?v=atOfjAiSdFo,https://i.ytimg.com/vi/atOfjAiSdFo/maxresdefault.jpg
rebecca,rebecca zamolo,FERRAN Has NEW PARENTS! Goodbye Son...W/ Rebecca Zamolo | The Royalty Family,The Royalty Family,45777742,2.69,https://www.youtube.com/watch?v=atOfjAiSdFo,https://i.ytimg.com/vi/atOfjAiSdFo/maxresdefault.jpg
zamolo,zamolo,FERRAN Has NEW PARENTS! Goodbye Son...W/ Rebecca Zamolo | The Royalty Family,The Royalty Family,45777742,2.69,https://www.youtube.com/watch?v=atOfjAiSdFo,https://i.ytimg.com/vi/atOfjAiSdFo/maxresdefault.jpg
cowboy,cowboy cops pull,Cowboy Cops Pull Over Black Police Captain. Then This Happens,SoulSnack,1692589,2.69,https://www.youtube.com/watch?v=bpjlgwxJQ6w,https://i.ytimg.com/vi/bpjlgwxJQ6w/maxresdefault.jpg
teenager's,teenager's expensive nike shoes,Angry Karen Steals Teenager's Expensive Nike Shoes. Then This Happens,SoulSnack,1695869,2.69,https://www.youtube.com/watch?v=s6i00YEQklA,https://i.ytimg.com/vi/s6i00YEQklA/maxresdefault.jpg
nike,nike shoes,Angry Karen Steals Teenager's Expensive Nike Shoes. Then This Happens,SoulSnack,1695869,2.69,https://www.youtube.com/watch?v=s6i00YEQklA,https://i.ytimg.com/vi/s6i00YEQklA/maxresdefault.jpg
wilderness,wilderness,"$10,000 Every Day You Survive In The Wilderness",MrBeast,404353653,2.68,https://www.youtube.com/watch?v=U_LlX4t0A9I,https://i.ytimg.com/vi/U_LlX4t0A9I/maxresdefault.jpg
trouble,trouble,Kids SNEAK CANDY on a Plane from a Chocolate Factory. Do they get in TROUBLE for it?,Totally Studios,3778757,2.68,https://www.youtube.com/watch?v=5DopEdrf1wY,https://i.ytimg.com/vi/5DopEdrf1wY/maxresdefault.jpg
fail,fail prize drop,EXTREME WIN or FAIL PRIZE DROP!,Unspeakable,32909722,2.68,https://www.youtube.com/watch?v=dBm_Fh27I4o,https://i.ytimg.com/vi/dBm_Fh27I4o/maxresdefault.jpg
prize,prize drop,EXTREME WIN or FAIL PRIZE DROP!,Unspeakable,32909722,2.68,https://www.youtube.com/watch?v=dBm_Fh27I4o,https://i.ytimg.com/vi/dBm_Fh27I4o/maxresdefault.jpg
serial,serial killer pretending,Serial Killer Pretending To Be Cop Arrests Innocent Man. Then This Happens,SoulSnack,1686511,2.68,https://www.youtube.com/watch?v=QlnL420_cjU,https://i.ytimg.com/vi/QlnL420_cjU/maxresdefault.jpg
pretending,pretending to be cop,Serial Killer Pretending To Be Cop Arrests Innocent Man. Then This Happens,SoulSnack,1686511,2.68,https://www.youtube.com/watch?v=QlnL420_cjU,https://i.ytimg.com/vi/QlnL420_cjU/maxresdefault.jpg
cop arrests,cop arrests innocent man,Serial Killer Pretending To Be Cop Arrests Innocent Man. Then This Happens,SoulSnack,1686511,2.68,https://www.youtube.com/watch?v=QlnL420_cjU,https://i.ytimg.com/vi/QlnL420_cjU/maxresdefault.jpg
stole,stole my boyfriend,My best friend stole my boyfriend,MSA,41765044,2.67,https://www.youtube.com/watch?v=7nFb0mlKjr4,https://i.ytimg.com/vi/7nFb0mlKjr4/maxresdefault.jpg
stuck,stuck 30 000,"Gold Digger STUCK with $30,000 BILL! Instantly Regrets It...| SAMEER BHAVNANI #BMWi8 #GoldDigger",Sameer Bhavnani,1456143,2.67,https://www.youtube.com/watch?v=qq8O4svsIQ0,https://i.ytimg.com/vi/qq8O4svsIQ0/maxresdefault.jpg
bill,bill instantly regrets,"Gold Digger STUCK with $30,000 BILL! Instantly Regrets It...| SAMEER BHAVNANI #BMWi8 #GoldDigger",Sameer Bhavnani,1456143,2.67,https://www.youtube.com/watch?v=qq8O4svsIQ0,https://i.ytimg.com/vi/qq8O4svsIQ0/maxresdefault.jpg
bmwi8,bmwi8 golddigger,"Gold Digger STUCK with $30,000 BILL! Instantly Regrets It...| SAMEER BHAVNANI #BMWi8 #GoldDigger",Sameer Bhavnani,1456143,2.67,https://www.youtube.com/watch?v=qq8O4svsIQ0,https://i.ytimg.com/vi/qq8O4svsIQ0/maxresdefault.jpg
golddigger,golddigger,"Gold Digger STUCK with $30,000 BILL! Instantly Regrets It...| SAMEER BHAVNANI #BMWi8 #GoldDigger",Sameer Bhavnani,1456143,2.67,https://www.youtube.com/watch?v=qq8O4svsIQ0,https://i.ytimg.com/vi/qq8O4svsIQ0/maxresdefault.jpg
spend,spend 1 000 000,"7 Ways To Spend $1,000,000 In 1 HOUR!",Unspeakable,32855536,2.67,https://www.youtube.com/watch?v=F9uVp1TR9Y8,https://i.ytimg.com/vi/F9uVp1TR9Y8/maxresdefault.jpg
crime,crime,I Can Solve Any Crime,Story Time Animated,2028574,2.67,https://www.youtube.com/watch?v=nK8mWQ1FSj4,https://i.ytimg.com/vi/nK8mWQ1FSj4/maxresdefault.jpg
fifth,fifth grade bully,My Fifth Grade Bully,scribblejuice,6441194,2.67,https://www.youtube.com/watch?v=R7Br2Djr2so,https://i.ytimg.com/vi/R7Br2Djr2so/maxresdefault.jpg
bottom,bottom of ocean,There is Something on the Bottom of the Ocean That Should Never Be Discovered,Dr. NoSleep Podcast,49020,2.67,https://www.youtube.com/watch?v=-8erikddWqU,https://i.ytimg.com/vi/-8erikddWqU/maxresdefault.jpg
ocean,ocean,There is Something on the Bottom of the Ocean That Should Never Be Discovered,Dr. NoSleep Podcast,49020,2.67,https://www.youtube.com/watch?v=-8erikddWqU,https://i.ytimg.com/vi/-8erikddWqU/maxresdefault.jpg
traveling,traveling first class,"Traveling FIRST CLASS To DUBAI! ($15,000 Seat) | The Royalty Family",The Royalty Family,45416774,2.67,https://www.youtube.com/watch?v=jPN5ZStAf7k,https://i.ytimg.com/vi/jPN5ZStAf7k/maxresdefault.jpg
dubai,dubai 15 000 seat,"Traveling FIRST CLASS To DUBAI! ($15,000 Seat) | The Royalty Family",The Royalty Family,45416774,2.67,https://www.youtube.com/watch?v=jPN5ZStAf7k,https://i.ytimg.com/vi/jPN5ZStAf7k/maxresdefault.jpg
coworker,coworker tries to seduce,"Coworker Tries To SEDUCE A Taken Man, What Happens Next Is Shocking | Illumeably",Illumeably,1577330,2.67,https://www.youtube.com/watch?v=qYSwAOnLayc,https://i.ytimg.com/vi/qYSwAOnLayc/maxresdefault.jpg
seduce,seduce a taken man,"Coworker Tries To SEDUCE A Taken Man, What Happens Next Is Shocking | Illumeably",Illumeably,1577330,2.67,https://www.youtube.com/watch?v=qYSwAOnLayc,https://i.ytimg.com/vi/qYSwAOnLayc/maxresdefault.jpg
beat,beat ronaldo win 1,"Beat Ronaldo, Win $1,000,000",MrBeast,401669772,2.66,https://www.youtube.com/watch?v=0BjlBnfHcHM,https://i.ytimg.com/vi/0BjlBnfHcHM/maxresdefault.jpg
ronaldo,ronaldo win 1 000,"Beat Ronaldo, Win $1,000,000",MrBeast,401669772,2.66,https://www.youtube.com/watch?v=0BjlBnfHcHM,https://i.ytimg.com/vi/0BjlBnfHcHM/maxresdefault.jpg
autistic,autistic son ending,Mom PAYS GIRL to DATE AUTISTIC SON! The Ending Will SHOCK YOU | SAMEER BHAVNANI,Sameer Bhavnani,1450253,2.66,https://www.youtube.com/watch?v=7kIw9vxpBz4,https://i.ytimg.com/vi/7kIw9vxpBz4/maxresdefault.jpg
self,self hidden,I Kept My True Self Hidden Until...,Story Time Animated,2024162,2.66,https://www.youtube.com/watch?v=33CVt2b85v4,https://i.ytimg.com/vi/33CVt2b85v4/maxresdefault.jpg
3rd,3rd person,I Survived 50 Hours in 3rd Person,Ryan Trahan,26888795,2.66,https://www.youtube.com/watch?v=XEm8McxpGeg,https://i.ytimg.com/vi/XEm8McxpGeg/maxresdefault.jpg
instructor,instructor fails black student,Racist Driving Instructor Fails Black Student For No Reason,SoulSnack,1676851,2.66,https://www.youtube.com/watch?v=x29plZ5rV4E,https://i.ytimg.com/vi/x29plZ5rV4E/maxresdefault.jpg
fails,fails black student,Racist Driving Instructor Fails Black Student For No Reason,SoulSnack,1676851,2.66,https://www.youtube.com/watch?v=x29plZ5rV4E,https://i.ytimg.com/vi/x29plZ5rV4E/maxresdefault.jpg
worst,worst injuries,My Worst Injuries (ft. Haminations),Infamous Swoosh,9423679,2.65,https://www.youtube.com/watch?v=rnQlkpOFgm8,https://i.ytimg.com/vi/rnQlkpOFgm8/maxresdefault.jpg
little brother,little brother,"LITTLE Brother GETS LEFT At PLAYGROUND, What Happens Next Is Shocking | The Beast Family",The Beast Family,3364494,2.64,https://www.youtube.com/watch?v=dKPOH3taymw,https://i.ytimg.com/vi/dKPOH3taymw/maxresdefault.jpg
playground,playground,"LITTLE Brother GETS LEFT At PLAYGROUND, What Happens Next Is Shocking | The Beast Family",The Beast Family,3364494,2.64,https://www.youtube.com/watch?v=dKPOH3taymw,https://i.ytimg.com/vi/dKPOH3taymw/maxresdefault.jpg
peeing,peeing himself he instantly,"Father Beats Son For Peeing Himself, He Instantly Regrets It.",Vid Chronicles,575803,2.63,https://www.youtube.com/watch?v=bI8TKHOvjzU,https://i.ytimg.com/vi/bI8TKHOvjzU/maxresdefault.jpg
himself,himself he instantly regrets,"Father Beats Son For Peeing Himself, He Instantly Regrets It.",Vid Chronicles,575803,2.63,https://www.youtube.com/watch?v=bI8TKHOvjzU,https://i.ytimg.com/vi/bI8TKHOvjzU/maxresdefault.jpg
awkward,awkward,i am too awkward,MSA,40908111,2.62,https://www.youtube.com/watch?v=0Dmo4NdZP7E,https://i.ytimg.com/vi/0Dmo4NdZP7E/maxresdefault.jpg
running,running from cops,I Survived 50 Hours Running From Cops,Unspeakable,32208949,2.62,https://www.youtube.com/watch?v=SncBjyo6cUA,https://i.ytimg.com/vi/SncBjyo6cUA/maxresdefault.jpg
tabletop,tabletop games,Tabletop Games,TheOdd1sOut,109325000,2.62,https://www.youtube.com/watch?v=rvUzuK0ygI4,https://i.ytimg.com/vi/rvUzuK0ygI4/maxresdefault.jpg
quietest,quietest room,I Survived the World's Quietest Room,Ryan Trahan,26354748,2.61,https://www.youtube.com/watch?v=Qpn-G-OFbkM,https://i.ytimg.com/vi/Qpn-G-OFbkM/maxresdefault.jpg
e03,e03,Kid BUILDS SECRET TUNNEL To ESCAPE SCHOOL - Jay's World S3 E03 | Dhar Mann Studios,Dhar Mann Studios,13872534,2.6,https://www.youtube.com/watch?v=bA2h2lj3Ilc,https://i.ytimg.com/vi/bA2h2lj3Ilc/maxresdefault.jpg
nightclub,nightclub at mom's work,Kid BUILDS SECRET NIGHTCLUB At Mom's Work - Jay's World S3 E02 | Dhar Mann Studios,Dhar Mann Studios,13853735,2.6,https://www.youtube.com/watch?v=LiYjZ_GMIKI,https://i.ytimg.com/vi/LiYjZ_GMIKI/maxresdefault.jpg
mom's,mom's work jay's world,Kid BUILDS SECRET NIGHTCLUB At Mom's Work - Jay's World S3 E02 | Dhar Mann Studios,Dhar Mann Studios,13853735,2.6,https://www.youtube.com/watch?v=LiYjZ_GMIKI,https://i.ytimg.com/vi/LiYjZ_GMIKI/maxresdefault.jpg
e02,e02,Kid BUILDS SECRET NIGHTCLUB At Mom's Work - Jay's World S3 E02 | Dhar Mann Studios,Dhar Mann Studios,13853735,2.6,https://www.youtube.com/watch?v=LiYjZ_GMIKI,https://i.ytimg.com/vi/LiYjZ_GMIKI/maxresdefault.jpg
fantasy,fantasy about his mistress,Man Has A Fantasy About His Mistress | @DramatizeMe,DramatizeMe,2139426,2.6,https://www.youtube.com/watch?v=TUa3NvR37eY,https://i.ytimg.com/vi/TUa3NvR37eY/maxresdefault.jpg
mistress,mistress,Man Has A Fantasy About His Mistress | @DramatizeMe,DramatizeMe,2139426,2.6,https://www.youtube.com/watch?v=TUa3NvR37eY,https://i.ytimg.com/vi/TUa3NvR37eY/maxresdefault.jpg
mobile,mobile game tier list,mobile game tier list,Socks Animations ,15734621,2.6,https://www.youtube.com/watch?v=HjLOsFwtzGQ,https://i.ytimg.com/vi/HjLOsFwtzGQ/maxresdefault.jpg
tier,tier list,mobile game tier list,Socks Animations ,15734621,2.6,https://www.youtube.com/watch?v=HjLOsFwtzGQ,https://i.ytimg.com/vi/HjLOsFwtzGQ/maxresdefault.jpg
list,list,mobile game tier list,Socks Animations ,15734621,2.6,https://www.youtube.com/watch?v=HjLOsFwtzGQ,https://i.ytimg.com/vi/HjLOsFwtzGQ/maxresdefault.jpg
paralysis,paralysis,3 Sleep Paralysis Horror Stories Animated,IMR Scary Tales,909821,2.59,https://www.youtube.com/watch?v=xxiBp5d0CBw,https://i.ytimg.com/vi/xxiBp5d0CBw/hqdefault.jpg
town's,town's annual festival,The Town's Annual Festival Has a Dark Secret,Dr. NoSleep Podcast,47515,2.59,https://www.youtube.com/watch?v=90nIvob0i1o,https://i.ytimg.com/vi/90nIvob0i1o/maxresdefault.jpg
annual,annual festival,The Town's Annual Festival Has a Dark Secret,Dr. NoSleep Podcast,47515,2.59,https://www.youtube.com/watch?v=90nIvob0i1o,https://i.ytimg.com/vi/90nIvob0i1o/maxresdefault.jpg
festival,festival has a dark,The Town's Annual Festival Has a Dark Secret,Dr. NoSleep Podcast,47515,2.59,https://www.youtube.com/watch?v=90nIvob0i1o,https://i.ytimg.com/vi/90nIvob0i1o/maxresdefault.jpg
moves,moves,"Pretty Girl MOVES IN With TWO GUYS, What Happens Is Shocking | Illumeably",Illumeably,1525924,2.59,https://www.youtube.com/watch?v=y1lXFOwkdI4,https://i.ytimg.com/vi/y1lXFOwkdI4/maxresdefault.jpg
guys,guys,"Pretty Girl MOVES IN With TWO GUYS, What Happens Is Shocking | Illumeably",Illumeably,1525924,2.59,https://www.youtube.com/watch?v=y1lXFOwkdI4,https://i.ytimg.com/vi/y1lXFOwkdI4/maxresdefault.jpg
record,record edition,World Record Edition | Dude Perfect,Dude Perfect,127456039,2.59,https://www.youtube.com/watch?v=gm2_6DX_0Bw,https://i.ytimg.com/vi/gm2_6DX_0Bw/maxresdefault.jpg
waitresses,waitresses forced to wear,Waitresses Forced To Wear Swimsuits | @DramatizeMe,DramatizeMe,2128060,2.58,https://www.youtube.com/watch?v=KdTjVqTEbAI,https://i.ytimg.com/vi/KdTjVqTEbAI/maxresdefault.jpg
swimsuits,swimsuits,Waitresses Forced To Wear Swimsuits | @DramatizeMe,DramatizeMe,2128060,2.58,https://www.youtube.com/watch?v=KdTjVqTEbAI,https://i.ytimg.com/vi/KdTjVqTEbAI/maxresdefault.jpg
matt,matt stonie,ESCAPING 100 LAYERS OF FOOD WITH MATT STONIE!,Unspeakable,31689797,2.58,https://www.youtube.com/watch?v=GYrPCNDA87s,https://i.ytimg.com/vi/GYrPCNDA87s/maxresdefault.jpg
stonie,stonie,ESCAPING 100 LAYERS OF FOOD WITH MATT STONIE!,Unspeakable,31689797,2.58,https://www.youtube.com/watch?v=GYrPCNDA87s,https://i.ytimg.com/vi/GYrPCNDA87s/maxresdefault.jpg
numbers,numbers,Wrong Numbers,TheOdd1sOut,107685784,2.58,https://www.youtube.com/watch?v=pO4DV5KZClk,https://i.ytimg.com/vi/pO4DV5KZClk/maxresdefault.jpg
hires,hires hitman to kill,Wife Hires HITMAN to KILL HUSBAND!!!! You Won't Believe What Happens Next,Life Lessons With Luis,4959904,2.58,https://www.youtube.com/watch?v=pM_df-im-Cw,https://i.ytimg.com/vi/pM_df-im-Cw/maxresdefault.jpg
hitman,hitman to kill husband,Wife Hires HITMAN to KILL HUSBAND!!!! You Won't Believe What Happens Next,Life Lessons With Luis,4959904,2.58,https://www.youtube.com/watch?v=pM_df-im-Cw,https://i.ytimg.com/vi/pM_df-im-Cw/maxresdefault.jpg
foltyn,foltyn,POOR KID Shamed For Old Shoes Ft. Foltyn | Dhar Mann Studios,Dhar Mann Studios,13718646,2.57,https://www.youtube.com/watch?v=67LgaIGcjCU,https://i.ytimg.com/vi/67LgaIGcjCU/maxresdefault.jpg
server,server at school,Kid HACKS Minecraft Server at School. Will He Get Caught?,Totally Studios,3616621,2.57,https://www.youtube.com/watch?v=gR3iEiI3pOE,https://i.ytimg.com/vi/gR3iEiI3pOE/maxresdefault.jpg
vicious,vicious wolf destroyed,A Vicious WOLF Destroyed our Backyard,The Royalty Family,43724350,2.57,https://www.youtube.com/watch?v=JLj3AEyCBxk,https://i.ytimg.com/vi/JLj3AEyCBxk/maxresdefault.jpg
wolf,wolf destroyed our backyard,A Vicious WOLF Destroyed our Backyard,The Royalty Family,43724350,2.57,https://www.youtube.com/watch?v=JLj3AEyCBxk,https://i.ytimg.com/vi/JLj3AEyCBxk/maxresdefault.jpg
asian,asian,Growing Up Asian,Domics,17274694,2.57,https://www.youtube.com/watch?v=lHdUFJCkAfQ,https://i.ytimg.com/vi/lHdUFJCkAfQ/maxresdefault.jpg
filly,filly,Blind Dating Girls Based On Their Outfits Ft FILLY,Beta Squad,26871243,2.57,https://www.youtube.com/watch?v=Sp99mTG-DW8,https://i.ytimg.com/vi/Sp99mTG-DW8/maxresdefault.jpg
couple,couple teaches waiter respect,Couple Teaches Waiter Respect | @DramatizeMe​,DramatizeMe,2107401,2.56,https://www.youtube.com/watch?v=JhtmJe7jEdg,https://i.ytimg.com/vi/JhtmJe7jEdg/maxresdefault.jpg
teaches,teaches waiter respect,Couple Teaches Waiter Respect | @DramatizeMe​,DramatizeMe,2107401,2.56,https://www.youtube.com/watch?v=JhtmJe7jEdg,https://i.ytimg.com/vi/JhtmJe7jEdg/maxresdefault.jpg
respect,respect,Couple Teaches Waiter Respect | @DramatizeMe​,DramatizeMe,2107401,2.56,https://www.youtube.com/watch?v=JhtmJe7jEdg,https://i.ytimg.com/vi/JhtmJe7jEdg/maxresdefault.jpg
rude,rude karen's son saved,Rude Karen's Son Saved From Choking by Kind Black Waiter. Lesson In Karma,SoulSnack,1612631,2.56,https://www.youtube.com/watch?v=OGmh48PSAb8,https://i.ytimg.com/vi/OGmh48PSAb8/maxresdefault.jpg
karen's,karen's son saved,Rude Karen's Son Saved From Choking by Kind Black Waiter. Lesson In Karma,SoulSnack,1612631,2.56,https://www.youtube.com/watch?v=OGmh48PSAb8,https://i.ytimg.com/vi/OGmh48PSAb8/maxresdefault.jpg
choking,choking by kind black,Rude Karen's Son Saved From Choking by Kind Black Waiter. Lesson In Karma,SoulSnack,1612631,2.56,https://www.youtube.com/watch?v=OGmh48PSAb8,https://i.ytimg.com/vi/OGmh48PSAb8/maxresdefault.jpg
karma,karma,Rude Karen's Son Saved From Choking by Kind Black Waiter. Lesson In Karma,SoulSnack,1612631,2.56,https://www.youtube.com/watch?v=OGmh48PSAb8,https://i.ytimg.com/vi/OGmh48PSAb8/maxresdefault.jpg
sweet,sweet,No One Knows Why He Is Only Sweet To Me,MSA,39820282,2.55,https://www.youtube.com/watch?v=mfpW4ml-G-E,https://i.ytimg.com/vi/mfpW4ml-G-E/maxresdefault.jpg
weighs,weighs passengers before flying,Airline WEIGHS PASSENGERS Before Flying. Too Heavy for the Plane?,Totally Studios,3587187,2.55,https://www.youtube.com/watch?v=Twt4ILRIMsE,https://i.ytimg.com/vi/Twt4ILRIMsE/maxresdefault.jpg
heavy,heavy for plane,Airline WEIGHS PASSENGERS Before Flying. Too Heavy for the Plane?,Totally Studios,3587187,2.55,https://www.youtube.com/watch?v=Twt4ILRIMsE,https://i.ytimg.com/vi/Twt4ILRIMsE/maxresdefault.jpg
snap,snap map,3 Disturbing Snapchat/Snap Map Horror Stories,Mr. Nightmare,7769814,2.55,https://www.youtube.com/watch?v=EWX6O-OTwZA,https://i.ytimg.com/vi/EWX6O-OTwZA/hqdefault.jpg
horrific,horrific,3 Horrific Stories that happened while Playing Fortnite,Mr. Nightmare,7760862,2.55,https://www.youtube.com/watch?v=yX6QgtgrPZE,https://i.ytimg.com/vi/yX6QgtgrPZE/maxresdefault.jpg
playing,playing fortnite,3 Horrific Stories that happened while Playing Fortnite,Mr. Nightmare,7760862,2.55,https://www.youtube.com/watch?v=yX6QgtgrPZE,https://i.ytimg.com/vi/yX6QgtgrPZE/maxresdefault.jpg
fortnite,fortnite,3 Horrific Stories that happened while Playing Fortnite,Mr. Nightmare,7760862,2.55,https://www.youtube.com/watch?v=yX6QgtgrPZE,https://i.ytimg.com/vi/yX6QgtgrPZE/maxresdefault.jpg
hispanic,hispanic,Being Hispanic,scribblejuice,6158597,2.55,https://www.youtube.com/watch?v=ABWX1rMc_5E,https://i.ytimg.com/vi/ABWX1rMc_5E/maxresdefault.jpg
ancient,ancient then futuristic town,"I Survived in an Ancient, then Futuristic Town",Ryan Trahan,25697311,2.55,https://www.youtube.com/watch?v=X3aoIWMC2qs,https://i.ytimg.com/vi/X3aoIWMC2qs/maxresdefault.jpg
futuristic,futuristic town,"I Survived in an Ancient, then Futuristic Town",Ryan Trahan,25697311,2.55,https://www.youtube.com/watch?v=X3aoIWMC2qs,https://i.ytimg.com/vi/X3aoIWMC2qs/maxresdefault.jpg
turning,turning 0 01,"Turning $0.01 Into $1,000 in 24 Hours",Ryan Trahan,25688004,2.55,https://www.youtube.com/watch?v=9Cm8D1L1IzQ,https://i.ytimg.com/vi/9Cm8D1L1IzQ/maxresdefault.jpg
pulled,pulled over shocking ending,Police Captain's Daughter Pulled Over. Shocking Ending.,SoulSnack,1607871,2.55,https://www.youtube.com/watch?v=cBDP4WdcmNA,https://i.ytimg.com/vi/cBDP4WdcmNA/maxresdefault.jpg
rage,rage monster,Christmas Stereotypes: RAGE MONSTER!,Dude Perfect,125797689,2.55,https://www.youtube.com/watch?v=ycVc1jsaAA0,https://i.ytimg.com/vi/ycVc1jsaAA0/maxresdefault.jpg
willy,willy wonka's chocolate factory,I Built Willy Wonka's Chocolate Factory!,MrBeast,384049658,2.54,https://www.youtube.com/watch?v=Hwybp38GnZw,https://i.ytimg.com/vi/Hwybp38GnZw/maxresdefault.jpg
wonka's,wonka's chocolate factory,I Built Willy Wonka's Chocolate Factory!,MrBeast,384049658,2.54,https://www.youtube.com/watch?v=Hwybp38GnZw,https://i.ytimg.com/vi/Hwybp38GnZw/maxresdefault.jpg
filling,filling my house,"SPENDING $1,000,000 FILLING MY HOUSE",Unspeakable,31183473,2.54,https://www.youtube.com/watch?v=tI3XBVrglEY,https://i.ytimg.com/vi/tI3XBVrglEY/maxresdefault.jpg
rejected,rejected on a date,"DISABLED Guy REJECTED On A Date, What Happens Is Shocking | Illumeably",Illumeably,1498186,2.54,https://www.youtube.com/watch?v=adgnNxEibgE,https://i.ytimg.com/vi/adgnNxEibgE/maxresdefault.jpg
block,block battle animation,Note Block Battle - Animation vs. Minecraft Shorts Ep 16 (Music by AaronGrooves),Alan Becker,185957556,2.54,https://www.youtube.com/watch?v=c0egcErkap0,https://i.ytimg.com/vi/c0egcErkap0/maxresdefault.jpg
necklace,necklace changed,A necklace changed my life forever,Story Time Animated,1925973,2.53,https://www.youtube.com/watch?v=g3W1mL2jhI4,https://i.ytimg.com/vi/g3W1mL2jhI4/maxresdefault.jpg
actual,actual death loop,They Discovered an Actual DEATH LOOP,MrBallen,6749452,2.53,https://www.youtube.com/watch?v=oWOMY0JQdFs,https://i.ytimg.com/vi/oWOMY0JQdFs/maxresdefault.jpg
death,death loop,They Discovered an Actual DEATH LOOP,MrBallen,6749452,2.53,https://www.youtube.com/watch?v=oWOMY0JQdFs,https://i.ytimg.com/vi/oWOMY0JQdFs/maxresdefault.jpg
loop,loop,They Discovered an Actual DEATH LOOP,MrBallen,6749452,2.53,https://www.youtube.com/watch?v=oWOMY0JQdFs,https://i.ytimg.com/vi/oWOMY0JQdFs/maxresdefault.jpg
wendys,wendys,3 TRUE WENDYS HORROR STORIES ANIMATED,Horror Shorts Party,2306859,2.53,https://www.youtube.com/watch?v=_urPnmOIpws,https://i.ytimg.com/vi/_urPnmOIpws/maxresdefault.jpg
which,which country,Which Country has the Best School Lunch?,Stokes Twins,130099481,2.53,https://www.youtube.com/watch?v=bKrOknHPdtc,https://i.ytimg.com/vi/bKrOknHPdtc/maxresdefault.jpg
lilly,lilly singh something,Lilly Singh - Something In Our House! | storybooth Stars,storybooth,11574823,2.53,https://www.youtube.com/watch?v=MXTO0rTpfks,https://i.ytimg.com/vi/MXTO0rTpfks/maxresdefault.jpg
singh,singh something,Lilly Singh - Something In Our House! | storybooth Stars,storybooth,11574823,2.53,https://www.youtube.com/watch?v=MXTO0rTpfks,https://i.ytimg.com/vi/MXTO0rTpfks/maxresdefault.jpg
stars,stars,Lilly Singh - Something In Our House! | storybooth Stars,storybooth,11574823,2.53,https://www.youtube.com/watch?v=MXTO0rTpfks,https://i.ytimg.com/vi/MXTO0rTpfks/maxresdefault.jpg
zone,zone,Best Friend Zone,Domics,16987855,2.53,https://www.youtube.com/watch?v=5MexiC6Vz58,https://i.ytimg.com/vi/5MexiC6Vz58/maxresdefault.jpg
imaginary,imaginary they were dead,My Parents Thought They Were Imaginary... They Were DEAD,Story Time Animated,1912926,2.52,https://www.youtube.com/watch?v=eztZ--SPgpc,https://i.ytimg.com/vi/eztZ--SPgpc/maxresdefault.jpg
superpowers,superpowers would suck,Why Superpowers Would SUCK In Real Life..,Tyler Vitelli,2237127,2.51,https://www.youtube.com/watch?v=KtZfbD9kquw,https://i.ytimg.com/vi/KtZfbD9kquw/maxresdefault.jpg
suck,suck in real,Why Superpowers Would SUCK In Real Life..,Tyler Vitelli,2237127,2.51,https://www.youtube.com/watch?v=KtZfbD9kquw,https://i.ytimg.com/vi/KtZfbD9kquw/maxresdefault.jpg
pilots,pilots can t fly,Kid SAVES PLANE Full of Passengers when Pilots Can’t Fly.,Totally Studios,3535405,2.51,https://www.youtube.com/watch?v=skIhO1B1FfU,https://i.ytimg.com/vi/skIhO1B1FfU/maxresdefault.jpg
fly,fly,Kid SAVES PLANE Full of Passengers when Pilots Can’t Fly.,Totally Studios,3535405,2.51,https://www.youtube.com/watch?v=skIhO1B1FfU,https://i.ytimg.com/vi/skIhO1B1FfU/maxresdefault.jpg
thoughts,thoughts on roommates,My Thoughts on Roommates,TheOdd1sOut,104885054,2.51,https://www.youtube.com/watch?v=ntHMsyr3R6w,https://i.ytimg.com/vi/ntHMsyr3R6w/maxresdefault.jpg
roommates,roommates,My Thoughts on Roommates,TheOdd1sOut,104885054,2.51,https://www.youtube.com/watch?v=ntHMsyr3R6w,https://i.ytimg.com/vi/ntHMsyr3R6w/maxresdefault.jpg
carjacks,carjacks vehicle kids,Criminal Carjacks Vehicle With Kids Inside. Then This Happens,SoulSnack,1582441,2.51,https://www.youtube.com/watch?v=5_-kmTMcpz0,https://i.ytimg.com/vi/5_-kmTMcpz0/maxresdefault.jpg
vehicle,vehicle kids,Criminal Carjacks Vehicle With Kids Inside. Then This Happens,SoulSnack,1582441,2.51,https://www.youtube.com/watch?v=5_-kmTMcpz0,https://i.ytimg.com/vi/5_-kmTMcpz0/maxresdefault.jpg
dreams,dreams we all experienced,Dreams We All Experienced,Tyler Vitelli,2227451,2.5,https://www.youtube.com/watch?v=NS4n406fljs,https://i.ytimg.com/vi/NS4n406fljs/maxresdefault.jpg
experienced,experienced,Dreams We All Experienced,Tyler Vitelli,2227451,2.5,https://www.youtube.com/watch?v=NS4n406fljs,https://i.ytimg.com/vi/NS4n406fljs/maxresdefault.jpg
stepmom,stepmom ending,Kids Eat TOO MUCH HALLOWEEN CANDY on a Plane with Stepmom. The Ending is a Surprise. Totally Studios,Totally Studios,3523348,2.5,https://www.youtube.com/watch?v=u2S-IE9AVWI,https://i.ytimg.com/vi/u2S-IE9AVWI/maxresdefault.jpg
storm,storm warning,"There's Been A Storm Warning For A Week, But It's Not A Storm",Dr. NoSleep Podcast,45897,2.5,https://www.youtube.com/watch?v=EAJv2Gc4ZnU,https://i.ytimg.com/vi/EAJv2Gc4ZnU/maxresdefault.jpg
lamborghini,lamborghini dealership,I Built a SECRET Lamborghini Dealership!,Stokes Twins,128331984,2.5,https://www.youtube.com/watch?v=dRrTj0x8Td4,https://i.ytimg.com/vi/dRrTj0x8Td4/maxresdefault.jpg
dealership,dealership,I Built a SECRET Lamborghini Dealership!,Stokes Twins,128331984,2.5,https://www.youtube.com/watch?v=dRrTj0x8Td4,https://i.ytimg.com/vi/dRrTj0x8Td4/maxresdefault.jpg
lego,lego store,I Built a SECRET Lego Store in My Room!,Ben Azelart,70382384,2.5,https://www.youtube.com/watch?v=9Q-l4W0gOgE,https://i.ytimg.com/vi/9Q-l4W0gOgE/maxresdefault.jpg
rather,rather irl,Would You Rather: IRL,Airrack,25909933,2.5,https://www.youtube.com/watch?v=n5Op1CIdg4Y,https://i.ytimg.com/vi/n5Op1CIdg4Y/maxresdefault.jpg
levels,levels of school popularity,The 7 Levels of School Popularity,Tyler Vitelli,2217438,2.49,https://www.youtube.com/watch?v=hkXwC2peHyA,https://i.ytimg.com/vi/hkXwC2peHyA/maxresdefault.jpg
popularity,popularity,The 7 Levels of School Popularity,Tyler Vitelli,2217438,2.49,https://www.youtube.com/watch?v=hkXwC2peHyA,https://i.ytimg.com/vi/hkXwC2peHyA/maxresdefault.jpg
spiders,spiders and bees,The Spiders and the Bees,TheOdd1sOut,103832707,2.49,https://www.youtube.com/watch?v=E-fakvMntAk,https://i.ytimg.com/vi/E-fakvMntAk/maxresdefault.jpg
bees,bees,The Spiders and the Bees,TheOdd1sOut,103832707,2.49,https://www.youtube.com/watch?v=E-fakvMntAk,https://i.ytimg.com/vi/E-fakvMntAk/maxresdefault.jpg
freak,freak,3 Horrifying TRUE Hunting Stories to Freak you Out,Mr. Nightmare,7565678,2.49,https://www.youtube.com/watch?v=rD-WNPOTkSw,https://i.ytimg.com/vi/rD-WNPOTkSw/hqdefault.jpg
billionaire's,billionaire's love,Homeless Woman REJECTS Billionaire's LOVE! | SAMEER BHAVNANI,Sameer Bhavnani,1353291,2.48,https://www.youtube.com/watch?v=hKFXh2wpt8M,https://i.ytimg.com/vi/hKFXh2wpt8M/maxresdefault.jpg
look,look young,I Look Young,Haminations,55665291,2.48,https://www.youtube.com/watch?v=OyDLuom4KGs,https://i.ytimg.com/vi/OyDLuom4KGs/maxresdefault.jpg
babysitters,babysitters in 24 hours,I Survived 100 Babysitters in 24 Hours!,The Royalty Family,42202530,2.48,https://www.youtube.com/watch?v=EFFROhvX8Us,https://i.ytimg.com/vi/EFFROhvX8Us/maxresdefault.jpg
land,land in red,"Can You Land In The RED CUP For $50,000?",Unspeakable,30314025,2.47,https://www.youtube.com/watch?v=_fL6n-CAxnI,https://i.ytimg.com/vi/_fL6n-CAxnI/maxresdefault.jpg
red,red cup for 50,"Can You Land In The RED CUP For $50,000?",Unspeakable,30314025,2.47,https://www.youtube.com/watch?v=_fL6n-CAxnI,https://i.ytimg.com/vi/_fL6n-CAxnI/maxresdefault.jpg
cup,cup for 50 000,"Can You Land In The RED CUP For $50,000?",Unspeakable,30314025,2.47,https://www.youtube.com/watch?v=_fL6n-CAxnI,https://i.ytimg.com/vi/_fL6n-CAxnI/maxresdefault.jpg
wenda,wenda get married cartoon,GRAY & WENDA GET MARRIED?! (Cartoon Animation),GameToons,7876259,2.47,https://www.youtube.com/watch?v=zofiNxYZ2D4,https://i.ytimg.com/vi/zofiNxYZ2D4/maxresdefault.jpg
locks,locks daughter,"Mom LOCKS Daughter Out Of House, What Happens Is Shocking | Illumeably",Illumeably,1454393,2.47,https://www.youtube.com/watch?v=ZC59UQwwWL8,https://i.ytimg.com/vi/ZC59UQwwWL8/maxresdefault.jpg
paparazzi,paparazzi,I Hired 100 FAKE Paparazzi!,Airrack,25528083,2.47,https://www.youtube.com/watch?v=TWZT9dLza1w,https://i.ytimg.com/vi/TWZT9dLza1w/maxresdefault.jpg
richest,richest,The Richest Family In My Town Claims I'm Their Daughter,MSA,38460643,2.46,https://www.youtube.com/watch?v=S_REUE9Mow0,https://i.ytimg.com/vi/S_REUE9Mow0/maxresdefault.jpg
peace,peace,Racist Cop Arrest for Disturbing the Peace! Then This Happens... | Sameer Bhavnani,Sameer Bhavnani,1341070,2.46,https://www.youtube.com/watch?v=PZYHiQPIBAA,https://i.ytimg.com/vi/PZYHiQPIBAA/maxresdefault.jpg
frost,frost lake manor,The Curse of Frost Lake Manor | From #1 Bestselling Author Tony Marturano,Dr. NoSleep Podcast,45042,2.46,https://www.youtube.com/watch?v=w1mLPlRKbhQ,https://i.ytimg.com/vi/w1mLPlRKbhQ/maxresdefault.jpg
manor,manor from 1 bestselling,The Curse of Frost Lake Manor | From #1 Bestselling Author Tony Marturano,Dr. NoSleep Podcast,45042,2.46,https://www.youtube.com/watch?v=w1mLPlRKbhQ,https://i.ytimg.com/vi/w1mLPlRKbhQ/maxresdefault.jpg
bestselling,bestselling author tony marturano,The Curse of Frost Lake Manor | From #1 Bestselling Author Tony Marturano,Dr. NoSleep Podcast,45042,2.46,https://www.youtube.com/watch?v=w1mLPlRKbhQ,https://i.ytimg.com/vi/w1mLPlRKbhQ/maxresdefault.jpg
author,author tony marturano,The Curse of Frost Lake Manor | From #1 Bestselling Author Tony Marturano,Dr. NoSleep Podcast,45042,2.46,https://www.youtube.com/watch?v=w1mLPlRKbhQ,https://i.ytimg.com/vi/w1mLPlRKbhQ/maxresdefault.jpg
tony,tony marturano,The Curse of Frost Lake Manor | From #1 Bestselling Author Tony Marturano,Dr. NoSleep Podcast,45042,2.46,https://www.youtube.com/watch?v=w1mLPlRKbhQ,https://i.ytimg.com/vi/w1mLPlRKbhQ/maxresdefault.jpg
marturano,marturano,The Curse of Frost Lake Manor | From #1 Bestselling Author Tony Marturano,Dr. NoSleep Podcast,45042,2.46,https://www.youtube.com/watch?v=w1mLPlRKbhQ,https://i.ytimg.com/vi/w1mLPlRKbhQ/maxresdefault.jpg
donates,donates kidney to save,Brother DONATES KIDNEY to SAVE SISTERS LIFE!!!! (You Won’t Believe How This Ends),Life Lessons With Luis,4716066,2.46,https://www.youtube.com/watch?v=XlPBHTvlmFU,https://i.ytimg.com/vi/XlPBHTvlmFU/maxresdefault.jpg
kidney,kidney to save sisters,Brother DONATES KIDNEY to SAVE SISTERS LIFE!!!! (You Won’t Believe How This Ends),Life Lessons With Luis,4716066,2.46,https://www.youtube.com/watch?v=XlPBHTvlmFU,https://i.ytimg.com/vi/XlPBHTvlmFU/maxresdefault.jpg
sisters,sisters you won,Brother DONATES KIDNEY to SAVE SISTERS LIFE!!!! (You Won’t Believe How This Ends),Life Lessons With Luis,4716066,2.46,https://www.youtube.com/watch?v=XlPBHTvlmFU,https://i.ytimg.com/vi/XlPBHTvlmFU/maxresdefault.jpg
ends,ends,Brother DONATES KIDNEY to SAVE SISTERS LIFE!!!! (You Won’t Believe How This Ends),Life Lessons With Luis,4716066,2.46,https://www.youtube.com/watch?v=XlPBHTvlmFU,https://i.ytimg.com/vi/XlPBHTvlmFU/maxresdefault.jpg
bullies,bullies youtuber jessii vee's,Standing Up To Bullies - YouTuber Jessii Vee's Story,storybooth,11226761,2.46,https://www.youtube.com/watch?v=cYgiud-PCIQ,https://i.ytimg.com/vi/cYgiud-PCIQ/maxresdefault.jpg
jessii,jessii vee's,Standing Up To Bullies - YouTuber Jessii Vee's Story,storybooth,11226761,2.46,https://www.youtube.com/watch?v=cYgiud-PCIQ,https://i.ytimg.com/vi/cYgiud-PCIQ/maxresdefault.jpg
vee's,vee's,Standing Up To Bullies - YouTuber Jessii Vee's Story,storybooth,11226761,2.46,https://www.youtube.com/watch?v=cYgiud-PCIQ,https://i.ytimg.com/vi/cYgiud-PCIQ/maxresdefault.jpg
waterpark,waterpark,I Built an EXTREME Waterpark!,Ben Azelart,68830674,2.45,https://www.youtube.com/watch?v=tFHVao19q_w,https://i.ytimg.com/vi/tFHVao19q_w/maxresdefault.jpg
princess,princess goes to school,how a real life princess goes to school,MSA,38156712,2.44,https://www.youtube.com/watch?v=14T3LvINDVg,https://i.ytimg.com/vi/14T3LvINDVg/maxresdefault.jpg
husband's,husband's father a heartfelt,Wife Gets Pregnant by Husband's Father! A Heartfelt Drama | Sameer Bhavnani,Sameer Bhavnani,1329964,2.44,https://www.youtube.com/watch?v=K9wpQ67kCeQ,https://i.ytimg.com/vi/K9wpQ67kCeQ/maxresdefault.jpg
raising,raising a puppy,Raising a Puppy,Infamous Swoosh,8674239,2.44,https://www.youtube.com/watch?v=46T1NCke10s,https://i.ytimg.com/vi/46T1NCke10s/hqdefault.jpg
stops,stops,I Am On A Train That Never Stops,Dr. NoSleep Podcast,44655,2.44,https://www.youtube.com/watch?v=EZWXKUitNZM,https://i.ytimg.com/vi/EZWXKUitNZM/maxresdefault.jpg
nuclear,nuclear bunker win 500,"Survive 100 Days In Nuclear Bunker, Win $500,000",MrBeast,367213593,2.43,https://www.youtube.com/watch?v=UPrkC1LdlLY,https://i.ytimg.com/vi/UPrkC1LdlLY/maxresdefault.jpg
4th,4th july independence day,3 True 4th July Independence Day Horror Stories Animated,IMR Scary Tales,852115,2.43,https://www.youtube.com/watch?v=-U0Q4gs5B7M,https://i.ytimg.com/vi/-U0Q4gs5B7M/maxresdefault.jpg
independence,independence day,3 True 4th July Independence Day Horror Stories Animated,IMR Scary Tales,852115,2.43,https://www.youtube.com/watch?v=-U0Q4gs5B7M,https://i.ytimg.com/vi/-U0Q4gs5B7M/maxresdefault.jpg
spy,spy a roblox,Born Into A Spy Family: A Roblox Movie,ShanePlays 2,5925346,2.43,https://www.youtube.com/watch?v=IDYUiZxLDPo,https://i.ytimg.com/vi/IDYUiZxLDPo/maxresdefault.jpg
idea,idea these billionaire,I Had NO IDEA These Billionaire Twins Would Fight Over Me,Story Time Animated,1840469,2.42,https://www.youtube.com/watch?v=NxxCLacpS6s,https://i.ytimg.com/vi/NxxCLacpS6s/maxresdefault.jpg
crossed,crossed america 0,I crossed America with $0.01,Ryan Trahan,24390960,2.42,https://www.youtube.com/watch?v=Py_tOOG99Hw,https://i.ytimg.com/vi/Py_tOOG99Hw/maxresdefault.jpg
gps,gps,"My GPS Took Me Down A Road That Isn't On Any Map, And Now I Can't Leave",Dr. NoSleep Podcast,44187,2.41,https://www.youtube.com/watch?v=uFxmHrYB_YQ,https://i.ytimg.com/vi/uFxmHrYB_YQ/maxresdefault.jpg
boomerang,boomerang trick shots,Boomerang Trick Shots | Dude Perfect,Dude Perfect,118856474,2.41,https://www.youtube.com/watch?v=S9KxqRUcnCU,https://i.ytimg.com/vi/S9KxqRUcnCU/maxresdefault.jpg
cheated,cheated until arcade,"I ""Cheated"" Until the Arcade Banned Me",Airrack,24955308,2.41,https://www.youtube.com/watch?v=jCccPEsas0I,https://i.ytimg.com/vi/jCccPEsas0I/maxresdefault.jpg
arcade,arcade banned,"I ""Cheated"" Until the Arcade Banned Me",Airrack,24955308,2.41,https://www.youtube.com/watch?v=jCccPEsas0I,https://i.ytimg.com/vi/jCccPEsas0I/maxresdefault.jpg
easily,easily survive,Horror Games I Could Easily Survive,Tyler Vitelli,2133603,2.4,https://www.youtube.com/watch?v=elJwAKaA-_A,https://i.ytimg.com/vi/elJwAKaA-_A/maxresdefault.jpg
nyc,nyc subways,NYC Subways,scribblejuice,5798353,2.4,https://www.youtube.com/watch?v=e91PFW4hpr4,https://i.ytimg.com/vi/e91PFW4hpr4/maxresdefault.jpg
subways,subways,NYC Subways,scribblejuice,5798353,2.4,https://www.youtube.com/watch?v=e91PFW4hpr4,https://i.ytimg.com/vi/e91PFW4hpr4/maxresdefault.jpg
sky,sky goes dark,"If the Sky Goes Dark in the Middle of the Day, HIDE!!",Dr. NoSleep Podcast,43908,2.4,https://www.youtube.com/watch?v=AUqdGPQaEW8,https://i.ytimg.com/vi/AUqdGPQaEW8/maxresdefault.jpg
dinosaurs,dinosaurs cartoon animation,"RAINBOW FRIENDS, But They're DINOSAURS?! (Cartoon Animation)",GameToons,7633961,2.4,https://www.youtube.com/watch?v=3Q5IJi3s3Hw,https://i.ytimg.com/vi/3Q5IJi3s3Hw/maxresdefault.jpg
watermelon,watermelon,50 Ways To Use A Watermelon,Nick DiGiovanni,82490384,2.4,https://www.youtube.com/watch?v=eUQZcXrciRA,https://i.ytimg.com/vi/eUQZcXrciRA/maxresdefault.jpg
spiciest,spiciest vs sourest foods,EATING The Worlds Spiciest Vs Sourest Foods!,The Royalty Family,40797489,2.4,https://www.youtube.com/watch?v=An3uh5ZuAQs,https://i.ytimg.com/vi/An3uh5ZuAQs/maxresdefault.jpg
sourest,sourest foods,EATING The Worlds Spiciest Vs Sourest Foods!,The Royalty Family,40797489,2.4,https://www.youtube.com/watch?v=An3uh5ZuAQs,https://i.ytimg.com/vi/An3uh5ZuAQs/maxresdefault.jpg
foods,foods,EATING The Worlds Spiciest Vs Sourest Foods!,The Royalty Family,40797489,2.4,https://www.youtube.com/watch?v=An3uh5ZuAQs,https://i.ytimg.com/vi/An3uh5ZuAQs/maxresdefault.jpg
minecraft's,minecraft's crafting guide,"I Survived Using Only Minecraft's ""Crafting Guide""",Ryan Trahan,24225979,2.4,https://www.youtube.com/watch?v=ehfisK6MASw,https://i.ytimg.com/vi/ehfisK6MASw/maxresdefault.jpg
crafting,crafting guide,"I Survived Using Only Minecraft's ""Crafting Guide""",Ryan Trahan,24225979,2.4,https://www.youtube.com/watch?v=ehfisK6MASw,https://i.ytimg.com/vi/ehfisK6MASw/maxresdefault.jpg
guide,guide,"I Survived Using Only Minecraft's ""Crafting Guide""",Ryan Trahan,24225979,2.4,https://www.youtube.com/watch?v=ehfisK6MASw,https://i.ytimg.com/vi/ehfisK6MASw/maxresdefault.jpg
appraiser,appraiser lowballs black man's,Racist Home Appraiser Lowballs Black Man's Home. Then This Happens.,SoulSnack,1511349,2.4,https://www.youtube.com/watch?v=GyJvgS9Wud4,https://i.ytimg.com/vi/GyJvgS9Wud4/maxresdefault.jpg
lowballs,lowballs black man's home,Racist Home Appraiser Lowballs Black Man's Home. Then This Happens.,SoulSnack,1511349,2.4,https://www.youtube.com/watch?v=GyJvgS9Wud4,https://i.ytimg.com/vi/GyJvgS9Wud4/maxresdefault.jpg
man's,man's home,Racist Home Appraiser Lowballs Black Man's Home. Then This Happens.,SoulSnack,1511349,2.4,https://www.youtube.com/watch?v=GyJvgS9Wud4,https://i.ytimg.com/vi/GyJvgS9Wud4/maxresdefault.jpg
kissing,kissing wins 10 000,"LAST TO STOP KISSING WINS $10,000!",Ben Azelart,67601582,2.4,https://www.youtube.com/watch?v=wMN4_spBXLQ,https://i.ytimg.com/vi/wMN4_spBXLQ/maxresdefault.jpg
boss,boss likes employee,Boss Likes Employee’s Wife | @DramatizeMe,DramatizeMe,1972322,2.39,https://www.youtube.com/watch?v=BpK9Qzt6va8,https://i.ytimg.com/vi/BpK9Qzt6va8/maxresdefault.jpg
likes,likes employee s wife,Boss Likes Employee’s Wife | @DramatizeMe,DramatizeMe,1972322,2.39,https://www.youtube.com/watch?v=BpK9Qzt6va8,https://i.ytimg.com/vi/BpK9Qzt6va8/maxresdefault.jpg
hunted,hunted a real tornado,I Hunted A Real Tornado!,Unspeakable,29399467,2.39,https://www.youtube.com/watch?v=ny_2y2aYR4Q,https://i.ytimg.com/vi/ny_2y2aYR4Q/maxresdefault.jpg
tornado,tornado,I Hunted A Real Tornado!,Unspeakable,29399467,2.39,https://www.youtube.com/watch?v=ny_2y2aYR4Q,https://i.ytimg.com/vi/ny_2y2aYR4Q/maxresdefault.jpg
outer,outer banks that leads,There's a Tunnel in the Outer Banks That Leads to Another Dimension,Dr. NoSleep Podcast,43849,2.39,https://www.youtube.com/watch?v=DPWkifQEGKw,https://i.ytimg.com/vi/DPWkifQEGKw/maxresdefault.jpg
banks,banks that leads,There's a Tunnel in the Outer Banks That Leads to Another Dimension,Dr. NoSleep Podcast,43849,2.39,https://www.youtube.com/watch?v=DPWkifQEGKw,https://i.ytimg.com/vi/DPWkifQEGKw/maxresdefault.jpg
hotels,hotels,I Stayed in Secret Hotels,Ryan Trahan,24104458,2.39,https://www.youtube.com/watch?v=_wbuASKwwm0,https://i.ytimg.com/vi/_wbuASKwwm0/maxresdefault.jpg
selling,selling drugs to kids,Evil COP Caught SELLING DRUGS to Kids!!!! SHOCKING ENDING!!!!,Life Lessons With Luis,4582997,2.39,https://www.youtube.com/watch?v=0ahJcgQCj3A,https://i.ytimg.com/vi/0ahJcgQCj3A/maxresdefault.jpg
drugs,drugs to kids shocking,Evil COP Caught SELLING DRUGS to Kids!!!! SHOCKING ENDING!!!!,Life Lessons With Luis,4582997,2.39,https://www.youtube.com/watch?v=0ahJcgQCj3A,https://i.ytimg.com/vi/0ahJcgQCj3A/maxresdefault.jpg
pretends,pretends to be rich,"POOR Girl PRETENDS To Be RICH For Her Friends, What Happens Is Shocking | Illumeably",Illumeably,1412138,2.39,https://www.youtube.com/watch?v=Css3T0bi6bY,https://i.ytimg.com/vi/Css3T0bi6bY/maxresdefault.jpg
cheater,cheater caught by footprints,Cheater Caught By Footprints  | @DramatizeMe,DramatizeMe,1962610,2.38,https://www.youtube.com/watch?v=1sxVTjR6XzY,https://i.ytimg.com/vi/1sxVTjR6XzY/maxresdefault.jpg
footprints,footprints,Cheater Caught By Footprints  | @DramatizeMe,DramatizeMe,1962610,2.38,https://www.youtube.com/watch?v=1sxVTjR6XzY,https://i.ytimg.com/vi/1sxVTjR6XzY/maxresdefault.jpg
copies,copies viral slap,Copies Viral Slap and Regrets It,Sameer Bhavnani,1296574,2.38,https://www.youtube.com/watch?v=0OBWtCN4bs0,https://i.ytimg.com/vi/0OBWtCN4bs0/maxresdefault.jpg
viral,viral slap and regrets,Copies Viral Slap and Regrets It,Sameer Bhavnani,1296574,2.38,https://www.youtube.com/watch?v=0OBWtCN4bs0,https://i.ytimg.com/vi/0OBWtCN4bs0/maxresdefault.jpg
slap,slap and regrets,Copies Viral Slap and Regrets It,Sameer Bhavnani,1296574,2.38,https://www.youtube.com/watch?v=0OBWtCN4bs0,https://i.ytimg.com/vi/0OBWtCN4bs0/maxresdefault.jpg
cats,cats 3,Our Cats :3,TheOdd1sOut,99496673,2.38,https://www.youtube.com/watch?v=dAqC07wsbOk,https://i.ytimg.com/vi/dAqC07wsbOk/maxresdefault.jpg
true volume,true volume 5,10 Nightmarish TRUE Stories (Volume 5),Mr. Nightmare,7258041,2.38,https://www.youtube.com/watch?v=Vi7CFqMyyGw,https://i.ytimg.com/vi/Vi7CFqMyyGw/hqdefault.jpg
bucket,bucket head nerf trick,"Water Skip, Bucket Head NERF Trick Shots!",Dude Perfect,117514002,2.38,https://www.youtube.com/watch?v=f9jhWFKV3u0,https://i.ytimg.com/vi/f9jhWFKV3u0/hqdefault.jpg
favors,favors son,Dad Favors Son OVER HIS DAUGHTER | Dhar Mann Studios,Dhar Mann Studios,12635793,2.37,https://www.youtube.com/watch?v=HnEySA--vDw,https://i.ytimg.com/vi/HnEySA--vDw/maxresdefault.jpg
fbi,fbi agent mission,An FBI Agent Mission is to Protect me,MSA,37072787,2.37,https://www.youtube.com/watch?v=Pp1_vaZz_YM,https://i.ytimg.com/vi/Pp1_vaZz_YM/maxresdefault.jpg
agent,agent mission,An FBI Agent Mission is to Protect me,MSA,37072787,2.37,https://www.youtube.com/watch?v=Pp1_vaZz_YM,https://i.ytimg.com/vi/Pp1_vaZz_YM/maxresdefault.jpg
mission,mission is to protect,An FBI Agent Mission is to Protect me,MSA,37072787,2.37,https://www.youtube.com/watch?v=Pp1_vaZz_YM,https://i.ytimg.com/vi/Pp1_vaZz_YM/maxresdefault.jpg
slime,slime,I FILLED MY HOUSE WITH REAL SLIME!,Unspeakable,29097894,2.37,https://www.youtube.com/watch?v=m18jYej7doE,https://i.ytimg.com/vi/m18jYej7doE/maxresdefault.jpg
trucker's,trucker's route from hell,What happened on this trucker's ROUTE FROM HELL?,MrBallen,6325942,2.37,https://www.youtube.com/watch?v=E3eAMAH4QcQ,https://i.ytimg.com/vi/E3eAMAH4QcQ/maxresdefault.jpg
route,route from hell,What happened on this trucker's ROUTE FROM HELL?,MrBallen,6325942,2.37,https://www.youtube.com/watch?v=E3eAMAH4QcQ,https://i.ytimg.com/vi/E3eAMAH4QcQ/maxresdefault.jpg
hooters,hooters,3 TRUE HOOTERS HORROR STORIES ANIMATED,Horror Shorts Party,2159225,2.37,https://www.youtube.com/watch?v=k3ibYzAx3Wg,https://i.ytimg.com/vi/k3ibYzAx3Wg/maxresdefault.jpg
base,base defense 99 nights,BASE DEFENSE: 99 Nights in Roblox Forest! (Cartoon Animation),GameToons,7549490,2.37,https://www.youtube.com/watch?v=M_HqWwWF_6g,https://i.ytimg.com/vi/M_HqWwWF_6g/maxresdefault.jpg
defense,defense 99 nights,BASE DEFENSE: 99 Nights in Roblox Forest! (Cartoon Animation),GameToons,7549490,2.37,https://www.youtube.com/watch?v=M_HqWwWF_6g,https://i.ytimg.com/vi/M_HqWwWF_6g/maxresdefault.jpg
rapper,rapper ft stormzy,GUESS THE RAPPER FT STORMZY,Beta Squad,24832310,2.37,https://www.youtube.com/watch?v=DYYY5S8F1rs,https://i.ytimg.com/vi/DYYY5S8F1rs/maxresdefault.jpg
stormzy,stormzy,GUESS THE RAPPER FT STORMZY,Beta Squad,24832310,2.37,https://www.youtube.com/watch?v=DYYY5S8F1rs,https://i.ytimg.com/vi/DYYY5S8F1rs/maxresdefault.jpg
friend's,friend's implants,"My Best Friend's Implants, Then This Happens... | Sameer Bhavnani",Sameer Bhavnani,1285220,2.36,https://www.youtube.com/watch?v=362__cOgKfg,https://i.ytimg.com/vi/362__cOgKfg/maxresdefault.jpg
implants,implants,"My Best Friend's Implants, Then This Happens... | Sameer Bhavnani",Sameer Bhavnani,1285220,2.36,https://www.youtube.com/watch?v=362__cOgKfg,https://i.ytimg.com/vi/362__cOgKfg/maxresdefault.jpg
birthdays,birthdays,Birthdays,Infamous Swoosh,8395132,2.36,https://www.youtube.com/watch?v=N4UpYniES_M,https://i.ytimg.com/vi/N4UpYniES_M/maxresdefault.jpg
sept,sept 2023,27 True Horror Stories Animated (Compilation of Sept 2023),IMR Scary Tales,828262,2.36,https://www.youtube.com/watch?v=EZHa26XjvnM,https://i.ytimg.com/vi/EZHa26XjvnM/maxresdefault.jpg
footages,footages caught by ring,3 Scary Footages Caught By Ring Doorbell Security Cameras (Horror Stories Animated),IMR Scary Tales,826329,2.36,https://www.youtube.com/watch?v=o2BuwBkHZAE,https://i.ytimg.com/vi/o2BuwBkHZAE/maxresdefault.jpg
brutally,brutally dumps poor boyfriend,"Girlfriend Brutally Dumps Poor Boyfriend For Rich Man, Ending Is Shocking | Illumeably",Illumeably,1389673,2.36,https://www.youtube.com/watch?v=hEC3XCHoujs,https://i.ytimg.com/vi/hEC3XCHoujs/maxresdefault.jpg
disappearances,disappearances in national parks,"I Solve Disappearances in National Parks, but This Case Might Be My Last",Dr. NoSleep Podcast,43018,2.35,https://www.youtube.com/watch?v=aqTojiIDJmM,https://i.ytimg.com/vi/aqTojiIDJmM/maxresdefault.jpg
national,national parks,"I Solve Disappearances in National Parks, but This Case Might Be My Last",Dr. NoSleep Podcast,43018,2.35,https://www.youtube.com/watch?v=aqTojiIDJmM,https://i.ytimg.com/vi/aqTojiIDJmM/maxresdefault.jpg
parks,parks but this case,"I Solve Disappearances in National Parks, but This Case Might Be My Last",Dr. NoSleep Podcast,43018,2.35,https://www.youtube.com/watch?v=aqTojiIDJmM,https://i.ytimg.com/vi/aqTojiIDJmM/maxresdefault.jpg
case,case might,"I Solve Disappearances in National Parks, but This Case Might Be My Last",Dr. NoSleep Podcast,43018,2.35,https://www.youtube.com/watch?v=aqTojiIDJmM,https://i.ytimg.com/vi/aqTojiIDJmM/maxresdefault.jpg
might,might be my last,"I Solve Disappearances in National Parks, but This Case Might Be My Last",Dr. NoSleep Podcast,43018,2.35,https://www.youtube.com/watch?v=aqTojiIDJmM,https://i.ytimg.com/vi/aqTojiIDJmM/maxresdefault.jpg
phase,phase 0 cartoon animation,SPRUNKI: PHASE 0?! (Cartoon Animation),GameToons,7500783,2.35,https://www.youtube.com/watch?v=N7habMq_PRY,https://i.ytimg.com/vi/N7habMq_PRY/maxresdefault.jpg
pranking,pranking our dad dad,PRANKING OUR DAD! Dad Was Not Happy! | THE BEAST FAMILY,The Beast Family,2990770,2.34,https://www.youtube.com/watch?v=xTjRA0b-hkg,https://i.ytimg.com/vi/xTjRA0b-hkg/maxresdefault.jpg
ghost,ghost,"I'm A Private Investigator, and I Was Hired By A Ghost",Dr. NoSleep Podcast,42907,2.34,https://www.youtube.com/watch?v=bJNKEE6wv3s,https://i.ytimg.com/vi/bJNKEE6wv3s/maxresdefault.jpg
mother's,mother's day,"Mom RUINS Son's Relationship On MOTHER'S DAY, What Happens Is Shocking | Illumeably",Illumeably,1381856,2.34,https://www.youtube.com/watch?v=ElSMzrspQG8,https://i.ytimg.com/vi/ElSMzrspQG8/maxresdefault.jpg
shares,shares his wife,Man Shares His Wife With His Brother | @DramatizeMe,DramatizeMe,1920100,2.33,https://www.youtube.com/watch?v=IH7eP193x44,https://i.ytimg.com/vi/IH7eP193x44/maxresdefault.jpg
summer,summer vacation,3 True Summer Vacation Horror Stories Animated,IMR Scary Tales,817171,2.33,https://www.youtube.com/watch?v=npTDeuCRzOk,https://i.ytimg.com/vi/npTDeuCRzOk/maxresdefault.jpg
mukbang,mukbang,3 TRUE MUKBANG HORROR STORIES ANIMATED,IMR Scary Tales,815819,2.33,https://www.youtube.com/watch?v=gVzWFB6dqkI,https://i.ytimg.com/vi/gVzWFB6dqkI/maxresdefault.jpg
reddit,reddit threads,5 Most Disturbing Reddit Threads,Chilling Scares,7585849,2.33,https://www.youtube.com/watch?v=uUGkCILhQro,https://i.ytimg.com/vi/uUGkCILhQro/maxresdefault.jpg
e04,e04,Kid BUILDS WATERPARK IN HOUSE - Jay's World S3 E04 | Dhar Mann Studios,Dhar Mann Studios,12396822,2.32,https://www.youtube.com/watch?v=uVDdIP2n7hs,https://i.ytimg.com/vi/uVDdIP2n7hs/maxresdefault.jpg
boxing,boxing legend,BROKE TEEN Saves Family By Becoming BOXING LEGEND | Dhar Mann Studios,Dhar Mann Studios,12383920,2.32,https://www.youtube.com/watch?v=2uHUpFosgNw,https://i.ytimg.com/vi/2uHUpFosgNw/maxresdefault.jpg
legend,legend,BROKE TEEN Saves Family By Becoming BOXING LEGEND | Dhar Mann Studios,Dhar Mann Studios,12383920,2.32,https://www.youtube.com/watch?v=2uHUpFosgNw,https://i.ytimg.com/vi/2uHUpFosgNw/maxresdefault.jpg
grin,grin challenge,TRY NOT TO LAUGH OR GRIN CHALLENGE!,Unspeakable,28474126,2.32,https://www.youtube.com/watch?v=lglSgoGdDUo,https://i.ytimg.com/vi/lglSgoGdDUo/maxresdefault.jpg
hates,hates,My Sister Hates Me Because I’m the PERFECT Child,Story Time Animated,1764913,2.32,https://www.youtube.com/watch?v=cNT61Y4bvSs,https://i.ytimg.com/vi/cNT61Y4bvSs/maxresdefault.jpg
horibal,horibal speling,My Horibal Speling,TheOdd1sOut,96864743,2.32,https://www.youtube.com/watch?v=WAwRrtH-4Lg,https://i.ytimg.com/vi/WAwRrtH-4Lg/maxresdefault.jpg
speling,speling,My Horibal Speling,TheOdd1sOut,96864743,2.32,https://www.youtube.com/watch?v=WAwRrtH-4Lg,https://i.ytimg.com/vi/WAwRrtH-4Lg/maxresdefault.jpg
rope,rope tie black man,White Cops Rope Tie Black Man Resisting Arrest. Then This Happens,SoulSnack,1462381,2.32,https://www.youtube.com/watch?v=W6h9gLlaVQs,https://i.ytimg.com/vi/W6h9gLlaVQs/maxresdefault.jpg
tie,tie black man resisting,White Cops Rope Tie Black Man Resisting Arrest. Then This Happens,SoulSnack,1462381,2.32,https://www.youtube.com/watch?v=W6h9gLlaVQs,https://i.ytimg.com/vi/W6h9gLlaVQs/maxresdefault.jpg
resisting,resisting arrest,White Cops Rope Tie Black Man Resisting Arrest. Then This Happens,SoulSnack,1462381,2.32,https://www.youtube.com/watch?v=W6h9gLlaVQs,https://i.ytimg.com/vi/W6h9gLlaVQs/maxresdefault.jpg
proposal,proposal on valentine's day,"Mom RUINS Son's PROPOSAL On VALENTINE'S DAY, What Happens Is Shocking | Illumeably",Illumeably,1368411,2.32,https://www.youtube.com/watch?v=Ix3xlmgdV_8,https://i.ytimg.com/vi/Ix3xlmgdV_8/maxresdefault.jpg
yoga,yoga studio,3 TRUE YOGA STUDIO HORROR STORIES ANIMATED,IMR Scary Tales,808875,2.31,https://www.youtube.com/watch?v=H-7YqLVDrA0,https://i.ytimg.com/vi/H-7YqLVDrA0/maxresdefault.jpg
studio,studio,3 TRUE YOGA STUDIO HORROR STORIES ANIMATED,IMR Scary Tales,808875,2.31,https://www.youtube.com/watch?v=H-7YqLVDrA0,https://i.ytimg.com/vi/H-7YqLVDrA0/maxresdefault.jpg
graveyard,graveyard shift,"I Work The Graveyard Shift At A Gas Station, The Same Car Has Been Here For Years",Dr. NoSleep Podcast,42352,2.31,https://www.youtube.com/watch?v=0UtcuW0KtlU,https://i.ytimg.com/vi/0UtcuW0KtlU/maxresdefault.jpg
here,here for years,"I Work The Graveyard Shift At A Gas Station, The Same Car Has Been Here For Years",Dr. NoSleep Podcast,42352,2.31,https://www.youtube.com/watch?v=0UtcuW0KtlU,https://i.ytimg.com/vi/0UtcuW0KtlU/maxresdefault.jpg
warehouse,warehouse,The Warehouse,Dr. NoSleep Podcast,42294,2.31,https://www.youtube.com/watch?v=91bTDOz2G5U,https://i.ytimg.com/vi/91bTDOz2G5U/maxresdefault.jpg
condiments,condiments cartoon animation,SPRUNKI: WAR of the CONDIMENTS! (Cartoon Animation),GameToons,7347394,2.31,https://www.youtube.com/watch?v=n9N_D2c001A,https://i.ytimg.com/vi/n9N_D2c001A/maxresdefault.jpg
singing,singing monsters,RAINBOW FRIENDS But They're WUBBOX?! (My Singing Monsters),GameToons,7373667,2.31,https://www.youtube.com/watch?v=uuCGbmhBLM0,https://i.ytimg.com/vi/uuCGbmhBLM0/maxresdefault.jpg
monsters,monsters,RAINBOW FRIENDS But They're WUBBOX?! (My Singing Monsters),GameToons,7373667,2.31,https://www.youtube.com/watch?v=uuCGbmhBLM0,https://i.ytimg.com/vi/uuCGbmhBLM0/maxresdefault.jpg
asking,asking celebrities,Asking Celebrities If They Remember Me (using fake photos),Ryan Trahan,23285439,2.31,https://www.youtube.com/watch?v=7aeQ941TUjk,https://i.ytimg.com/vi/7aeQ941TUjk/maxresdefault.jpg
remember,remember me using fake,Asking Celebrities If They Remember Me (using fake photos),Ryan Trahan,23285439,2.31,https://www.youtube.com/watch?v=7aeQ941TUjk,https://i.ytimg.com/vi/7aeQ941TUjk/maxresdefault.jpg
photos,photos,Asking Celebrities If They Remember Me (using fake photos),Ryan Trahan,23285439,2.31,https://www.youtube.com/watch?v=7aeQ941TUjk,https://i.ytimg.com/vi/7aeQ941TUjk/maxresdefault.jpg
beard,beard on line,All Sports Golf Battle 2: Beard on the Line,Dude Perfect,113742596,2.31,https://www.youtube.com/watch?v=-RmUADCWI4A,https://i.ytimg.com/vi/-RmUADCWI4A/maxresdefault.jpg
line,line,All Sports Golf Battle 2: Beard on the Line,Dude Perfect,113742596,2.31,https://www.youtube.com/watch?v=-RmUADCWI4A,https://i.ytimg.com/vi/-RmUADCWI4A/maxresdefault.jpg
seriously,seriously,I take everything seriously,MSA,35949417,2.3,https://www.youtube.com/watch?v=weqIaRLPfKA,https://i.ytimg.com/vi/weqIaRLPfKA/maxresdefault.jpg
fit,fit in circle,Anything You Can Fit In The Circle I’ll Pay For,MrBeast,346479693,2.3,https://www.youtube.com/watch?v=yXWw0_UfSFg,https://i.ytimg.com/vi/yXWw0_UfSFg/maxresdefault.jpg
pay,pay,Anything You Can Fit In The Circle I’ll Pay For,MrBeast,346479693,2.3,https://www.youtube.com/watch?v=yXWw0_UfSFg,https://i.ytimg.com/vi/yXWw0_UfSFg/maxresdefault.jpg
mentally,mentally disturbed wife cheats,"Mentally Disturbed Wife Cheats on Husband to Save Her Marriage, UNEXPECTED ENDING | Sameer Bhavnani",Sameer Bhavnani,1255028,2.3,https://www.youtube.com/watch?v=YDO1xlEUMPQ,https://i.ytimg.com/vi/YDO1xlEUMPQ/maxresdefault.jpg
disturbed,disturbed wife cheats,"Mentally Disturbed Wife Cheats on Husband to Save Her Marriage, UNEXPECTED ENDING | Sameer Bhavnani",Sameer Bhavnani,1255028,2.3,https://www.youtube.com/watch?v=YDO1xlEUMPQ,https://i.ytimg.com/vi/YDO1xlEUMPQ/maxresdefault.jpg
hitchhiking,hitchhiking,3 Creepy TRUE Hitchhiking Horror Stories,Mr. Nightmare,7007135,2.3,https://www.youtube.com/watch?v=zHMWydQbUew,https://i.ytimg.com/vi/zHMWydQbUew/maxresdefault.jpg
caving,caving,5 Most Disturbing Caving Videos,Chilling Scares,7497827,2.3,https://www.youtube.com/watch?v=AUD0fjnikC4,https://i.ytimg.com/vi/AUD0fjnikC4/maxresdefault.jpg
moved,moved,The Town I Moved To Has No Cemeteries And Now I Know Why,Dr. NoSleep Podcast,42190,2.3,https://www.youtube.com/watch?v=iP2kMGtUEYo,https://i.ytimg.com/vi/iP2kMGtUEYo/maxresdefault.jpg
cemeteries,cemeteries and now,The Town I Moved To Has No Cemeteries And Now I Know Why,Dr. NoSleep Podcast,42190,2.3,https://www.youtube.com/watch?v=iP2kMGtUEYo,https://i.ytimg.com/vi/iP2kMGtUEYo/maxresdefault.jpg
con,con artist falls,"CON ARTIST Falls IN LOVE With Victim, What Happens Is Shocking | Illumeably",Illumeably,1357184,2.3,https://www.youtube.com/watch?v=zco1YZnALUI,https://i.ytimg.com/vi/zco1YZnALUI/maxresdefault.jpg
artist,artist falls in love,"CON ARTIST Falls IN LOVE With Victim, What Happens Is Shocking | Illumeably",Illumeably,1357184,2.3,https://www.youtube.com/watch?v=zco1YZnALUI,https://i.ytimg.com/vi/zco1YZnALUI/maxresdefault.jpg
warship,warship battle loser,GIANT WARSHIP BATTLE! (Loser Gets Taped to a Column),Dude Perfect,113231927,2.3,https://www.youtube.com/watch?v=rdfC6XwXTW0,https://i.ytimg.com/vi/rdfC6XwXTW0/maxresdefault.jpg
loser,loser gets taped,GIANT WARSHIP BATTLE! (Loser Gets Taped to a Column),Dude Perfect,113231927,2.3,https://www.youtube.com/watch?v=rdfC6XwXTW0,https://i.ytimg.com/vi/rdfC6XwXTW0/maxresdefault.jpg
taped,taped to a column,GIANT WARSHIP BATTLE! (Loser Gets Taped to a Column),Dude Perfect,113231927,2.3,https://www.youtube.com/watch?v=rdfC6XwXTW0,https://i.ytimg.com/vi/rdfC6XwXTW0/maxresdefault.jpg
column,column,GIANT WARSHIP BATTLE! (Loser Gets Taped to a Column),Dude Perfect,113231927,2.3,https://www.youtube.com/watch?v=rdfC6XwXTW0,https://i.ytimg.com/vi/rdfC6XwXTW0/maxresdefault.jpg
stepbrothers,stepbrothers go to war,Stepbrothers GO TO WAR Over SAME GIRL Ft. Julianne Hough | Dhar Mann Studios,Dhar Mann Studios,12201195,2.29,https://www.youtube.com/watch?v=H4S1jMGosPA,https://i.ytimg.com/vi/H4S1jMGosPA/maxresdefault.jpg
julianne,julianne hough,Stepbrothers GO TO WAR Over SAME GIRL Ft. Julianne Hough | Dhar Mann Studios,Dhar Mann Studios,12201195,2.29,https://www.youtube.com/watch?v=H4S1jMGosPA,https://i.ytimg.com/vi/H4S1jMGosPA/maxresdefault.jpg
hough,hough,Stepbrothers GO TO WAR Over SAME GIRL Ft. Julianne Hough | Dhar Mann Studios,Dhar Mann Studios,12201195,2.29,https://www.youtube.com/watch?v=H4S1jMGosPA,https://i.ytimg.com/vi/H4S1jMGosPA/maxresdefault.jpg
basement,basement,The SCARIEST BASEMENT story you will ever hear,MrBallen,6113405,2.29,https://www.youtube.com/watch?v=dR3ThBE7Cj4,https://i.ytimg.com/vi/dR3ThBE7Cj4/maxresdefault.jpg
hear,hear,The SCARIEST BASEMENT story you will ever hear,MrBallen,6113405,2.29,https://www.youtube.com/watch?v=dR3ThBE7Cj4,https://i.ytimg.com/vi/dR3ThBE7Cj4/maxresdefault.jpg
creepiest,creepiest doorbell camera clips,12 Creepiest Doorbell Camera Clips,Mr. Nightmare,6979614,2.29,https://www.youtube.com/watch?v=qdjqCGJQVow,https://i.ytimg.com/vi/qdjqCGJQVow/maxresdefault.jpg
clips,clips,12 Creepiest Doorbell Camera Clips,Mr. Nightmare,6979614,2.29,https://www.youtube.com/watch?v=qdjqCGJQVow,https://i.ytimg.com/vi/qdjqCGJQVow/maxresdefault.jpg
serve,serve black teenager food,Restaurant Refuses To Serve Black Teenager Food. Then This Happens,SoulSnack,1441820,2.29,https://www.youtube.com/watch?v=3oASZgIRqOU,https://i.ytimg.com/vi/3oASZgIRqOU/maxresdefault.jpg
americans,americans vs 1 secret,6 Americans vs 1 Secret British Person,Beta Squad,24002499,2.29,https://www.youtube.com/watch?v=xQUwmtSXLuo,https://i.ytimg.com/vi/xQUwmtSXLuo/maxresdefault.jpg
british,british person,6 Americans vs 1 Secret British Person,Beta Squad,24002499,2.29,https://www.youtube.com/watch?v=xQUwmtSXLuo,https://i.ytimg.com/vi/xQUwmtSXLuo/maxresdefault.jpg
unique,unique,my hair is unique,MSA,35645307,2.28,https://www.youtube.com/watch?v=sXAsy4bk5PI,https://i.ytimg.com/vi/sXAsy4bk5PI/maxresdefault.jpg
kpop,kpop start,Im a famous kpop start but I hate my life,Story Time Animated,1730037,2.28,https://www.youtube.com/watch?v=ZVRmBOK_f8U,https://i.ytimg.com/vi/ZVRmBOK_f8U/maxresdefault.jpg
start,start but i hate,Im a famous kpop start but I hate my life,Story Time Animated,1730037,2.28,https://www.youtube.com/watch?v=ZVRmBOK_f8U,https://i.ytimg.com/vi/ZVRmBOK_f8U/maxresdefault.jpg
loophole,loophole,I Found a $1 LOOPHOLE to Get Everything I Want,Story Time Animated,1732926,2.28,https://www.youtube.com/watch?v=xnXpkqGi9Wc,https://i.ytimg.com/vi/xnXpkqGi9Wc/maxresdefault.jpg
freakiest,freakiest alleged poltergeists caught,10 of the Freakiest Alleged Poltergeists Caught on Video,Mr. Nightmare,6949918,2.28,https://www.youtube.com/watch?v=E7nFf-ld7Fk,https://i.ytimg.com/vi/E7nFf-ld7Fk/maxresdefault.jpg
alleged,alleged poltergeists caught,10 of the Freakiest Alleged Poltergeists Caught on Video,Mr. Nightmare,6949918,2.28,https://www.youtube.com/watch?v=E7nFf-ld7Fk,https://i.ytimg.com/vi/E7nFf-ld7Fk/maxresdefault.jpg
poltergeists,poltergeists caught,10 of the Freakiest Alleged Poltergeists Caught on Video,Mr. Nightmare,6949918,2.28,https://www.youtube.com/watch?v=E7nFf-ld7Fk,https://i.ytimg.com/vi/E7nFf-ld7Fk/maxresdefault.jpg
bahamas,bahamas,Flying First Class to the Bahamas! ✈️,The Royalty Family,38817165,2.28,https://www.youtube.com/watch?v=YRw-lZexOnc,https://i.ytimg.com/vi/YRw-lZexOnc/maxresdefault.jpg
paid,paid a real assassin,I Paid A Real Assassin To Try To Kill Me,MrBeast,343340609,2.27,https://www.youtube.com/watch?v=YLt73w6criQ,https://i.ytimg.com/vi/YLt73w6criQ/maxresdefault.jpg
assassin,assassin,I Paid A Real Assassin To Try To Kill Me,MrBeast,343340609,2.27,https://www.youtube.com/watch?v=YLt73w6criQ,https://i.ytimg.com/vi/YLt73w6criQ/maxresdefault.jpg
slice,slice of pizza,I Ate The World’s Largest Slice Of Pizza,MrBeast,342955871,2.27,https://www.youtube.com/watch?v=Rj_vssRaZlQ,https://i.ytimg.com/vi/Rj_vssRaZlQ/maxresdefault.jpg
partners,partners cheating,Best Friends Find Their Partners Cheating | @DramatizeMe,DramatizeMe,1868884,2.27,https://www.youtube.com/watch?v=Iq-zQBTiMus,https://i.ytimg.com/vi/Iq-zQBTiMus/maxresdefault.jpg
goddess,goddess,Sister Acts Like She's A Goddess,Story Time Animated,1728715,2.27,https://www.youtube.com/watch?v=JCppKpTofxM,https://i.ytimg.com/vi/JCppKpTofxM/maxresdefault.jpg
disneyland,disneyland,3 True Disneyland Horror Stories Animated,IMR Scary Tales,795065,2.27,https://www.youtube.com/watch?v=c3SPENU37p8,https://i.ytimg.com/vi/c3SPENU37p8/hqdefault.jpg
trillionaire,trillionaire a roblox movie,A PENNY Turned Him Into A TRILLIONAIRE! (A Roblox Movie),ShanePlays 2,5518529,2.27,https://www.youtube.com/watch?v=Fm04pL6JUmo,https://i.ytimg.com/vi/Fm04pL6JUmo/maxresdefault.jpg
snow,snow don,I Filled my ENTIRE House with Snow *don’t try this*,The Royalty Family,38557239,2.27,https://www.youtube.com/watch?v=jIvVbyHl8eA,https://i.ytimg.com/vi/jIvVbyHl8eA/maxresdefault.jpg
don,don,I Filled my ENTIRE House with Snow *don’t try this*,The Royalty Family,38557239,2.27,https://www.youtube.com/watch?v=jIvVbyHl8eA,https://i.ytimg.com/vi/jIvVbyHl8eA/maxresdefault.jpg
calories,calories in 50 hours,"LOSING 200,000 CALORIES IN 50 HOURS!!",Stokes Twins,116297158,2.27,https://www.youtube.com/watch?v=Qg8jZdpRiWY,https://i.ytimg.com/vi/Qg8jZdpRiWY/maxresdefault.jpg
vampires,vampires i interviewed,I Work in a Prison for Vampires. I Interviewed a True Original.,Dr. NoSleep Podcast,41492,2.26,https://www.youtube.com/watch?v=8m4l014RXNY,https://i.ytimg.com/vi/8m4l014RXNY/maxresdefault.jpg
interviewed,interviewed a true original,I Work in a Prison for Vampires. I Interviewed a True Original.,Dr. NoSleep Podcast,41492,2.26,https://www.youtube.com/watch?v=8m4l014RXNY,https://i.ytimg.com/vi/8m4l014RXNY/maxresdefault.jpg
buy,buy a slave,Never Buy a Slave Off the Dark Web...,Dr. NoSleep Podcast,41418,2.26,https://www.youtube.com/watch?v=2JRt-FZCcoI,https://i.ytimg.com/vi/2JRt-FZCcoI/maxresdefault.jpg
slave,slave off dark,Never Buy a Slave Off the Dark Web...,Dr. NoSleep Podcast,41418,2.26,https://www.youtube.com/watch?v=2JRt-FZCcoI,https://i.ytimg.com/vi/2JRt-FZCcoI/maxresdefault.jpg
instant,instant regret,12 Year old Son & Mom SWAP LIVES! *Instant Regret*,The Royalty Family,38352797,2.26,https://www.youtube.com/watch?v=ksJqjusYFt0,https://i.ytimg.com/vi/ksJqjusYFt0/maxresdefault.jpg
last fall,last fall wins 100ft drop,"*EXTREME* LAST TO FALL, WINS! 100FT DROP...",Unspeakable,27673970,2.25,https://www.youtube.com/watch?v=PeUJDIvLCAk,https://i.ytimg.com/vi/PeUJDIvLCAk/maxresdefault.jpg
100ft,100ft drop,"*EXTREME* LAST TO FALL, WINS! 100FT DROP...",Unspeakable,27673970,2.25,https://www.youtube.com/watch?v=PeUJDIvLCAk,https://i.ytimg.com/vi/PeUJDIvLCAk/maxresdefault.jpg
tinder,tinder,2 Disturbing REAL Tinder Horror Stories,Mr. Nightmare,6858492,2.25,https://www.youtube.com/watch?v=WB6GUNvVMW0,https://i.ytimg.com/vi/WB6GUNvVMW0/maxresdefault.jpg
bought banned,bought banned kid toys,I Bought Banned Kid Toys,Ryan Trahan,22712034,2.25,https://www.youtube.com/watch?v=vejwjx4V4JY,https://i.ytimg.com/vi/vejwjx4V4JY/maxresdefault.jpg
toys,toys,I Bought Banned Kid Toys,Ryan Trahan,22712034,2.25,https://www.youtube.com/watch?v=vejwjx4V4JY,https://i.ytimg.com/vi/vejwjx4V4JY/maxresdefault.jpg
hide seek,hide seek vs clowns,EXTREME HIDE AND SEEK VS CLOWNS!! (Scary),Ben Azelart,63345441,2.25,https://www.youtube.com/watch?v=dnaMbvNfGrI,https://i.ytimg.com/vi/dnaMbvNfGrI/maxresdefault.jpg
clowns,clowns,EXTREME HIDE AND SEEK VS CLOWNS!! (Scary),Ben Azelart,63345441,2.25,https://www.youtube.com/watch?v=dnaMbvNfGrI,https://i.ytimg.com/vi/dnaMbvNfGrI/maxresdefault.jpg
decide,decide who wins 250,"Ages 1 - 100 Decide Who Wins $250,000",MrBeast,337971537,2.24,https://www.youtube.com/watch?v=l-nMKJ5J3Uc,https://i.ytimg.com/vi/l-nMKJ5J3Uc/maxresdefault.jpg
cooked,cooked against robots,I Cooked Against Robots,Nick DiGiovanni,77187010,2.24,https://www.youtube.com/watch?v=5bevi_0v6wU,https://i.ytimg.com/vi/5bevi_0v6wU/maxresdefault.jpg
robots,robots,I Cooked Against Robots,Nick DiGiovanni,77187010,2.24,https://www.youtube.com/watch?v=5bevi_0v6wU,https://i.ytimg.com/vi/5bevi_0v6wU/maxresdefault.jpg
live's,live's for a day,10 Year Old Son and Dad SWAP LIVE'S for a DAY! | The Royalty Family,The Royalty Family,38013340,2.24,https://www.youtube.com/watch?v=4qKOPhqge34,https://i.ytimg.com/vi/4qKOPhqge34/maxresdefault.jpg
weight,weight,Dad FAT SHAMES Daughter!!!! FORCES HER to Lose Weight,Life Lessons With Luis,4302682,2.24,https://www.youtube.com/watch?v=6xXblu0ACCs,https://i.ytimg.com/vi/6xXblu0ACCs/maxresdefault.jpg
pools,pools dont trust fall,100 Mystery Pools.. DONT Trust Fall into the Wrong One!,Ben Azelart,63061247,2.24,https://www.youtube.com/watch?v=lTf5bzLnDHY,https://i.ytimg.com/vi/lTf5bzLnDHY/maxresdefault.jpg
trust,trust fall,100 Mystery Pools.. DONT Trust Fall into the Wrong One!,Ben Azelart,63061247,2.24,https://www.youtube.com/watch?v=lTf5bzLnDHY,https://i.ytimg.com/vi/lTf5bzLnDHY/maxresdefault.jpg
hurt,hurt at school,"Girl GETS Hurt at School, What Happens Next Is Shocking | The Beast Family",The Beast Family,2846864,2.23,https://www.youtube.com/watch?v=5g_wz75fkao,https://i.ytimg.com/vi/5g_wz75fkao/hqdefault.jpg
football,football vs soccer trick,Football vs Soccer Trick Shots | Dude Perfect,Dude Perfect,109990409,2.23,https://www.youtube.com/watch?v=qZHycHI3F1Q,https://i.ytimg.com/vi/qZHycHI3F1Q/maxresdefault.jpg
teases,teases friend for having,Girl Teases Friend For Having Poor BF | @DramatizeMe​,DramatizeMe,1831675,2.22,https://www.youtube.com/watch?v=b9HLoGsAl98,https://i.ytimg.com/vi/b9HLoGsAl98/maxresdefault.jpg
lled,lled while abusing girlfriend,Man K!lled While ABUSING Girlfriend | Vid Chronicles ,Vid Chronicles,485955,2.22,https://www.youtube.com/watch?v=_mgglNd7hRw,https://i.ytimg.com/vi/_mgglNd7hRw/maxresdefault.jpg
abusing,abusing girlfriend,Man K!lled While ABUSING Girlfriend | Vid Chronicles ,Vid Chronicles,485955,2.22,https://www.youtube.com/watch?v=_mgglNd7hRw,https://i.ytimg.com/vi/_mgglNd7hRw/maxresdefault.jpg
psychotic,psychotic game,"She played his PSYCHOTIC game, and no one believed her...",MrBallen,5930403,2.22,https://www.youtube.com/watch?v=DCQ6jq5mcDM,https://i.ytimg.com/vi/DCQ6jq5mcDM/maxresdefault.jpg
believed,believed,"She played his PSYCHOTIC game, and no one believed her...",MrBallen,5930403,2.22,https://www.youtube.com/watch?v=DCQ6jq5mcDM,https://i.ytimg.com/vi/DCQ6jq5mcDM/maxresdefault.jpg
killed,killed his son,Father Meets DRUNK DRIVER who KILLED his Son!!!!! You WON'T Believe What he Does Next,Life Lessons With Luis,4263759,2.22,https://www.youtube.com/watch?v=drPo7fGzerI,https://i.ytimg.com/vi/drPo7fGzerI/maxresdefault.jpg
magician,magician ft sean,From Poor Student To MILLIONAIRE MAGICIAN Ft. Sean Does Magic | Dhar Mann Studios,Dhar Mann Studios,11799388,2.21,https://www.youtube.com/watch?v=TRTWeZayLbw,https://i.ytimg.com/vi/TRTWeZayLbw/maxresdefault.jpg
sean,sean does magic,From Poor Student To MILLIONAIRE MAGICIAN Ft. Sean Does Magic | Dhar Mann Studios,Dhar Mann Studios,11799388,2.21,https://www.youtube.com/watch?v=TRTWeZayLbw,https://i.ytimg.com/vi/TRTWeZayLbw/maxresdefault.jpg
magic,magic,From Poor Student To MILLIONAIRE MAGICIAN Ft. Sean Does Magic | Dhar Mann Studios,Dhar Mann Studios,11799388,2.21,https://www.youtube.com/watch?v=TRTWeZayLbw,https://i.ytimg.com/vi/TRTWeZayLbw/maxresdefault.jpg
theories,theories that turned,Conspiracy Theories That Turned Out to Be True,Chilling Scares,7202183,2.21,https://www.youtube.com/watch?v=ONAK-CQVXYE,https://i.ytimg.com/vi/ONAK-CQVXYE/maxresdefault.jpg
post,post apocalyptic world,"I Live in a Post-Apocalyptic World, and Nowhere Is Safe",Dr. NoSleep Podcast,40467,2.21,https://www.youtube.com/watch?v=8DTRKXFuzJM,https://i.ytimg.com/vi/8DTRKXFuzJM/maxresdefault.jpg
apocalyptic,apocalyptic world and nowhere,"I Live in a Post-Apocalyptic World, and Nowhere Is Safe",Dr. NoSleep Podcast,40467,2.21,https://www.youtube.com/watch?v=8DTRKXFuzJM,https://i.ytimg.com/vi/8DTRKXFuzJM/maxresdefault.jpg
nowhere,nowhere is safe,"I Live in a Post-Apocalyptic World, and Nowhere Is Safe",Dr. NoSleep Podcast,40467,2.21,https://www.youtube.com/watch?v=8DTRKXFuzJM,https://i.ytimg.com/vi/8DTRKXFuzJM/maxresdefault.jpg
safe,safe,"I Live in a Post-Apocalyptic World, and Nowhere Is Safe",Dr. NoSleep Podcast,40467,2.21,https://www.youtube.com/watch?v=8DTRKXFuzJM,https://i.ytimg.com/vi/8DTRKXFuzJM/maxresdefault.jpg
ding,ding dong ditch,3 TRUE DING DONG DITCH HORROR STORIES ANIMATED,Horror Shorts Party,2016169,2.21,https://www.youtube.com/watch?v=emY5-xbVJ0w,https://i.ytimg.com/vi/emY5-xbVJ0w/maxresdefault.jpg
dong,dong ditch,3 TRUE DING DONG DITCH HORROR STORIES ANIMATED,Horror Shorts Party,2016169,2.21,https://www.youtube.com/watch?v=emY5-xbVJ0w,https://i.ytimg.com/vi/emY5-xbVJ0w/maxresdefault.jpg
ditch,ditch,3 TRUE DING DONG DITCH HORROR STORIES ANIMATED,Horror Shorts Party,2016169,2.21,https://www.youtube.com/watch?v=emY5-xbVJ0w,https://i.ytimg.com/vi/emY5-xbVJ0w/maxresdefault.jpg
breaking,breaking 100 laws,Breaking 100 Laws In 24 Hours!,Stokes Twins,113536971,2.21,https://www.youtube.com/watch?v=D-OVcJGthh0,https://i.ytimg.com/vi/D-OVcJGthh0/maxresdefault.jpg
laws,laws in 24 hours,Breaking 100 Laws In 24 Hours!,Stokes Twins,113536971,2.21,https://www.youtube.com/watch?v=D-OVcJGthh0,https://i.ytimg.com/vi/D-OVcJGthh0/maxresdefault.jpg
hijab,hijab off muslim girls,Guy Pulls Hijab off Muslim Girls Head!!!! SHOCKING ENDING!!!!!,Life Lessons With Luis,4238583,2.21,https://www.youtube.com/watch?v=B0iY4opoy1M,https://i.ytimg.com/vi/B0iY4opoy1M/maxresdefault.jpg
muslim,muslim girls head shocking,Guy Pulls Hijab off Muslim Girls Head!!!! SHOCKING ENDING!!!!!,Life Lessons With Luis,4238583,2.21,https://www.youtube.com/watch?v=B0iY4opoy1M,https://i.ytimg.com/vi/B0iY4opoy1M/maxresdefault.jpg
sheets,sheets for 10 000,"STUDENT Sells CHEAT SHEETS For $10,000 At SCHOOL | Dhar Mann Studios",Dhar Mann Studios,11746092,2.2,https://www.youtube.com/watch?v=g6LvwnIONTs,https://i.ytimg.com/vi/g6LvwnIONTs/maxresdefault.jpg
junk,junk food,Junk Food,TheOdd1sOut,91699198,2.2,https://www.youtube.com/watch?v=bTCQhMMfse0,https://i.ytimg.com/vi/bTCQhMMfse0/maxresdefault.jpg
beast's,beast's 100k youtuber battle,Fighting in Mr Beast's $100k Youtuber Battle Royale,TheOdd1sOut,92074275,2.2,https://www.youtube.com/watch?v=GEFPqEVlKEk,https://i.ytimg.com/vi/GEFPqEVlKEk/maxresdefault.jpg
100k,100k youtuber battle royale,Fighting in Mr Beast's $100k Youtuber Battle Royale,TheOdd1sOut,92074275,2.2,https://www.youtube.com/watch?v=GEFPqEVlKEk,https://i.ytimg.com/vi/GEFPqEVlKEk/maxresdefault.jpg
royale,royale,Fighting in Mr Beast's $100k Youtuber Battle Royale,TheOdd1sOut,92074275,2.2,https://www.youtube.com/watch?v=GEFPqEVlKEk,https://i.ytimg.com/vi/GEFPqEVlKEk/maxresdefault.jpg
dumb,dumb stuff,dumb stuff we did as kids,Socks Animations ,13334648,2.2,https://www.youtube.com/watch?v=gmXsL_nqTjA,https://i.ytimg.com/vi/gmXsL_nqTjA/maxresdefault.jpg
stuff,stuff we did as,dumb stuff we did as kids,Socks Animations ,13334648,2.2,https://www.youtube.com/watch?v=gmXsL_nqTjA,https://i.ytimg.com/vi/gmXsL_nqTjA/maxresdefault.jpg
everyone's,everyone's a baby cartoon,"CHAPTER 3, But EVERYONE's a BABY?! (Cartoon Animation)",GameToons,6998761,2.2,https://www.youtube.com/watch?v=HsYO1yIHqXw,https://i.ytimg.com/vi/HsYO1yIHqXw/maxresdefault.jpg
destroying,destroying my grandma's phone,DESTROYING My Grandma's PHONE & SURPRISING Her with New iPHONE 13! (SHE CRIED),The Royalty Family,37415024,2.2,https://www.youtube.com/watch?v=feCr6_27ZrU,https://i.ytimg.com/vi/feCr6_27ZrU/maxresdefault.jpg
cried,cried,DESTROYING My Grandma's PHONE & SURPRISING Her with New iPHONE 13! (SHE CRIED),The Royalty Family,37415024,2.2,https://www.youtube.com/watch?v=feCr6_27ZrU,https://i.ytimg.com/vi/feCr6_27ZrU/maxresdefault.jpg
math,math contest,Young Girl BEATS GENIUS In Math Contest | Dhar Mann Studios,Dhar Mann Studios,11702183,2.19,https://www.youtube.com/watch?v=dTzKXh51dlE,https://i.ytimg.com/vi/dTzKXh51dlE/maxresdefault.jpg
fiance,fiance about how rich,Man Lies To Fiance About How Rich He Is | @DramatizeMe,DramatizeMe,1807469,2.19,https://www.youtube.com/watch?v=dIVoTG5s6Tg,https://i.ytimg.com/vi/dIVoTG5s6Tg/maxresdefault.jpg
portraits,portraits of unhappy,Future Portraits of the Unhappy Dead,Dr. NoSleep Podcast,40235,2.19,https://www.youtube.com/watch?v=TOF87mLVD1o,https://i.ytimg.com/vi/TOF87mLVD1o/maxresdefault.jpg
unhappy,unhappy dead,Future Portraits of the Unhappy Dead,Dr. NoSleep Podcast,40235,2.19,https://www.youtube.com/watch?v=TOF87mLVD1o,https://i.ytimg.com/vi/TOF87mLVD1o/maxresdefault.jpg
pok,pok mon,I Spent 100 Days in Pokémon,Ryan Trahan,22065277,2.19,https://www.youtube.com/watch?v=4hi0YBa4I6I,https://i.ytimg.com/vi/4hi0YBa4I6I/maxresdefault.jpg
mon,mon,I Spent 100 Days in Pokémon,Ryan Trahan,22065277,2.19,https://www.youtube.com/watch?v=4hi0YBa4I6I,https://i.ytimg.com/vi/4hi0YBa4I6I/maxresdefault.jpg
hook,hook up son's,"Mom Tries To HOOK UP With Son's Friend, What Happens Is Shocking | Illumeably",Illumeably,1289753,2.19,https://www.youtube.com/watch?v=DKXFok1hsdc,https://i.ytimg.com/vi/DKXFok1hsdc/maxresdefault.jpg
friend shocking,friend shocking,"Mom Tries To HOOK UP With Son's Friend, What Happens Is Shocking | Illumeably",Illumeably,1289753,2.19,https://www.youtube.com/watch?v=DKXFok1hsdc,https://i.ytimg.com/vi/DKXFok1hsdc/maxresdefault.jpg
nuke,nuke,I Survived a Nuke,Unspeakable,26840171,2.18,https://www.youtube.com/watch?v=aip3eCACB8Q,https://i.ytimg.com/vi/aip3eCACB8Q/maxresdefault.jpg
blindness,blindness,My Parents LIED About My Blindness Until I Found The Dark Truth,Story Time Animated,1659887,2.18,https://www.youtube.com/watch?v=SFkxspWIsSY,https://i.ytimg.com/vi/SFkxspWIsSY/maxresdefault.jpg
random,random,I Didn't Know He Was THERE! (Random Stories),scribblejuice,5263287,2.18,https://www.youtube.com/watch?v=WAONDDPrUUY,https://i.ytimg.com/vi/WAONDDPrUUY/maxresdefault.jpg
loves,loves his sister,Mom Loves His Sister MORE THAN HIM! (A Roblox Movie),ShanePlays 2,5294846,2.18,https://www.youtube.com/watch?v=8lvGaws3jc0,https://i.ytimg.com/vi/8lvGaws3jc0/maxresdefault.jpg
believer,believer last guest,"Roblox Music Video ♪ ""Believer"" (The Last Guest)",ObliviousHD,66284964,2.18,https://www.youtube.com/watch?v=zIss90uMcz0,https://i.ytimg.com/vi/zIss90uMcz0/hqdefault.jpg
mini,mini products,I Tested Amazon MINI Products that Actually Work,The Royalty Family,36987014,2.18,https://www.youtube.com/watch?v=jTW3Yi8o1XU,https://i.ytimg.com/vi/jTW3Yi8o1XU/maxresdefault.jpg
invited,invited 100 celebrities,I Invited 100 Celebrities To My Birthday,Ryan Trahan,22033879,2.18,https://www.youtube.com/watch?v=Ug4lB6XvUT0,https://i.ytimg.com/vi/Ug4lB6XvUT0/maxresdefault.jpg
delivered,delivered a penny,I Delivered a Penny to MrBeast!,Ryan Trahan,21952087,2.18,https://www.youtube.com/watch?v=uImFHteQd_8,https://i.ytimg.com/vi/uImFHteQd_8/maxresdefault.jpg
lonely,lonely teen finds love,LONELY TEEN Finds Love In VIRTUAL REALITY | Dhar Mann Studios,Dhar Mann Studios,11586296,2.17,https://www.youtube.com/watch?v=77v4yQmzdnM,https://i.ytimg.com/vi/77v4yQmzdnM/maxresdefault.jpg
virtual,virtual reality,LONELY TEEN Finds Love In VIRTUAL REALITY | Dhar Mann Studios,Dhar Mann Studios,11586296,2.17,https://www.youtube.com/watch?v=77v4yQmzdnM,https://i.ytimg.com/vi/77v4yQmzdnM/maxresdefault.jpg
reality,reality,LONELY TEEN Finds Love In VIRTUAL REALITY | Dhar Mann Studios,Dhar Mann Studios,11586296,2.17,https://www.youtube.com/watch?v=77v4yQmzdnM,https://i.ytimg.com/vi/77v4yQmzdnM/maxresdefault.jpg
bestie,bestie s boyfriend fell,My Bestie’s Boyfriend Fell In Love With Me,MSA,33826207,2.17,https://www.youtube.com/watch?v=IeZSoXk5uqg,https://i.ytimg.com/vi/IeZSoXk5uqg/maxresdefault.jpg
loses,loses,"Gold Digger Almost Loses Her Life, What Happens Will Shock You.",Vid Chronicles,475305,2.17,https://www.youtube.com/watch?v=wf8bEVL4VQ0,https://i.ytimg.com/vi/wf8bEVL4VQ0/maxresdefault.jpg
filmed,filmed in his secret,What he filmed in his SECRET ROOM destroyed an entire city,MrBallen,5805346,2.17,https://www.youtube.com/watch?v=Zykdjsg1V1c,https://i.ytimg.com/vi/Zykdjsg1V1c/hqdefault.jpg
secret room,secret room destroyed an entire,What he filmed in his SECRET ROOM destroyed an entire city,MrBallen,5805346,2.17,https://www.youtube.com/watch?v=Zykdjsg1V1c,https://i.ytimg.com/vi/Zykdjsg1V1c/hqdefault.jpg
disturbing forest,disturbing forest findings caught,6 Most Disturbing Forest Findings Caught on Camera,Chilling Scares,7060891,2.17,https://www.youtube.com/watch?v=YYHwAKaCEd8,https://i.ytimg.com/vi/YYHwAKaCEd8/maxresdefault.jpg
findings,findings caught on camera,6 Most Disturbing Forest Findings Caught on Camera,Chilling Scares,7060891,2.17,https://www.youtube.com/watch?v=YYHwAKaCEd8,https://i.ytimg.com/vi/YYHwAKaCEd8/maxresdefault.jpg
transformation,transformation,Surprising Our Son with DREAM Room Transformation,The Royalty Family,36851083,2.17,https://www.youtube.com/watch?v=Lq4UK822eys,https://i.ytimg.com/vi/Lq4UK822eys/maxresdefault.jpg
swaps,swaps bedrooms 1,10 year old SWAPS Bedrooms with 1 year old Baby!! (Hilarious) 😂 | The Royalty Family,The Royalty Family,36876876,2.17,https://www.youtube.com/watch?v=IuVOgv3z1Uo,https://i.ytimg.com/vi/IuVOgv3z1Uo/maxresdefault.jpg
bedrooms,bedrooms 1 year,10 year old SWAPS Bedrooms with 1 year old Baby!! (Hilarious) 😂 | The Royalty Family,The Royalty Family,36876876,2.17,https://www.youtube.com/watch?v=IuVOgv3z1Uo,https://i.ytimg.com/vi/IuVOgv3z1Uo/maxresdefault.jpg
hilarious,hilarious,10 year old SWAPS Bedrooms with 1 year old Baby!! (Hilarious) 😂 | The Royalty Family,The Royalty Family,36876876,2.17,https://www.youtube.com/watch?v=IuVOgv3z1Uo,https://i.ytimg.com/vi/IuVOgv3z1Uo/maxresdefault.jpg
burn,burn victim in hot,Foster Parent Leaves Black Burn Victim In Hot Car. Then This Happens,SoulSnack,1366914,2.17,https://www.youtube.com/watch?v=-1QxpX5w9Xo,https://i.ytimg.com/vi/-1QxpX5w9Xo/maxresdefault.jpg
bubble,bubble wrap battle,The First Ever Bubble Wrap Battle: Who Wins the Trophy?,Dude Perfect,106840099,2.17,https://www.youtube.com/watch?v=LoaEy7CCC1E,https://i.ytimg.com/vi/LoaEy7CCC1E/maxresdefault.jpg
wrap,wrap battle who wins,The First Ever Bubble Wrap Battle: Who Wins the Trophy?,Dude Perfect,106840099,2.17,https://www.youtube.com/watch?v=LoaEy7CCC1E,https://i.ytimg.com/vi/LoaEy7CCC1E/maxresdefault.jpg
trophy,trophy,The First Ever Bubble Wrap Battle: Who Wins the Trophy?,Dude Perfect,106840099,2.17,https://www.youtube.com/watch?v=LoaEy7CCC1E,https://i.ytimg.com/vi/LoaEy7CCC1E/maxresdefault.jpg
invisible,invisible driver prank,Invisible Driver Prank,Airrack,22422574,2.17,https://www.youtube.com/watch?v=vgd20co9vp8,https://i.ytimg.com/vi/vgd20co9vp8/maxresdefault.jpg
las,las vegas,3 True Las Vegas Horror Stories Animated,IMR Scary Tales,756907,2.16,https://www.youtube.com/watch?v=SSP29QpsD6Y,https://i.ytimg.com/vi/SSP29QpsD6Y/hqdefault.jpg
vegas,vegas,3 True Las Vegas Horror Stories Animated,IMR Scary Tales,756907,2.16,https://www.youtube.com/watch?v=SSP29QpsD6Y,https://i.ytimg.com/vi/SSP29QpsD6Y/hqdefault.jpg
disappearing,disappearing from my apartment,People Are Disappearing From My Apartment Building,Dr. NoSleep Podcast,39687,2.16,https://www.youtube.com/watch?v=55PWzrO_Yz4,https://i.ytimg.com/vi/55PWzrO_Yz4/maxresdefault.jpg
apartment,apartment building,People Are Disappearing From My Apartment Building,Dr. NoSleep Podcast,39687,2.16,https://www.youtube.com/watch?v=55PWzrO_Yz4,https://i.ytimg.com/vi/55PWzrO_Yz4/maxresdefault.jpg
slide,slide eater cartoon animation,HAUNTED by the SPRUNKI SLIDE EATER... (Cartoon Animation),GameToons,6877326,2.16,https://www.youtube.com/watch?v=m8lvUO7QDxU,https://i.ytimg.com/vi/m8lvUO7QDxU/maxresdefault.jpg
eater,eater cartoon animation,HAUNTED by the SPRUNKI SLIDE EATER... (Cartoon Animation),GameToons,6877326,2.16,https://www.youtube.com/watch?v=m8lvUO7QDxU,https://i.ytimg.com/vi/m8lvUO7QDxU/maxresdefault.jpg
females,females vs 1 secret,6 Females vs 1 Secret Male,Beta Squad,22580250,2.16,https://www.youtube.com/watch?v=60AbAymEkls,https://i.ytimg.com/vi/60AbAymEkls/maxresdefault.jpg
breaking rules,breaking rules they live,"BAD KIDS Keep BREAKING The RULES, They LIVE To REGRET It!",The Beast Family,2739118,2.15,https://www.youtube.com/watch?v=iaAZVliZrpY,https://i.ytimg.com/vi/iaAZVliZrpY/maxresdefault.jpg
underground,underground bunker,"Spending $100,000 On Underground Bunker",Unspeakable,26393368,2.15,https://www.youtube.com/watch?v=qovO1NNzsdo,https://i.ytimg.com/vi/qovO1NNzsdo/maxresdefault.jpg
cable,cable,Growing up Without Cable,TheOdd1sOut,89863788,2.15,https://www.youtube.com/watch?v=sucKPk0znbM,https://i.ytimg.com/vi/sucKPk0znbM/maxresdefault.jpg
hamsters,hamsters,Our Hamsters,TheOdd1sOut,89578385,2.15,https://www.youtube.com/watch?v=mAx3z6nJpqU,https://i.ytimg.com/vi/mAx3z6nJpqU/maxresdefault.jpg
cia,cia dug world's,"The CIA Dug The World's Deepest Hole, Now I Know Why",Dr. NoSleep Podcast,39374,2.15,https://www.youtube.com/watch?v=aPwA7VEWFZI,https://i.ytimg.com/vi/aPwA7VEWFZI/maxresdefault.jpg
dug,dug world's deepest,"The CIA Dug The World's Deepest Hole, Now I Know Why",Dr. NoSleep Podcast,39374,2.15,https://www.youtube.com/watch?v=aPwA7VEWFZI,https://i.ytimg.com/vi/aPwA7VEWFZI/maxresdefault.jpg
deepest,deepest hole now,"The CIA Dug The World's Deepest Hole, Now I Know Why",Dr. NoSleep Podcast,39374,2.15,https://www.youtube.com/watch?v=aPwA7VEWFZI,https://i.ytimg.com/vi/aPwA7VEWFZI/maxresdefault.jpg
hole,hole now,"The CIA Dug The World's Deepest Hole, Now I Know Why",Dr. NoSleep Podcast,39374,2.15,https://www.youtube.com/watch?v=aPwA7VEWFZI,https://i.ytimg.com/vi/aPwA7VEWFZI/maxresdefault.jpg
freaks,freaks out and accuses,Karen Freaks out and Accuses Black Man of Stealing His Own Bike.,SoulSnack,1357626,2.15,https://www.youtube.com/watch?v=M0SafjcUUMs,https://i.ytimg.com/vi/M0SafjcUUMs/maxresdefault.jpg
deep,deep sea fishing battle,Deep Sea Fishing Battle | Dude Perfect,Dude Perfect,106122621,2.15,https://www.youtube.com/watch?v=Hk5dxn5dj2M,https://i.ytimg.com/vi/Hk5dxn5dj2M/hqdefault.jpg
dates,dates in 24 hours,100 Dates In 24 Hours!,Airrack,22308003,2.15,https://www.youtube.com/watch?v=w3rHYUlj5gQ,https://i.ytimg.com/vi/w3rHYUlj5gQ/maxresdefault.jpg
nail,nail salon caught stealing,Nail Salon Caught STEALING from Customers.,Totally Studios,3017917,2.14,https://www.youtube.com/watch?v=9ENIRLgS734,https://i.ytimg.com/vi/9ENIRLgS734/maxresdefault.jpg
salon,salon caught stealing,Nail Salon Caught STEALING from Customers.,Totally Studios,3017917,2.14,https://www.youtube.com/watch?v=9ENIRLgS734,https://i.ytimg.com/vi/9ENIRLgS734/maxresdefault.jpg
regretted,regretted,My Dad Abandoned Us for Millions and Instantly Regretted It,Story Time Animated,1627062,2.14,https://www.youtube.com/watch?v=VBw3tkmIvGg,https://i.ytimg.com/vi/VBw3tkmIvGg/maxresdefault.jpg
experiences,experiences of former police,4 Horrifying Experiences of Former Police Officers,Mr. Nightmare,6522971,2.14,https://www.youtube.com/watch?v=NyG73bDodfM,https://i.ytimg.com/vi/NyG73bDodfM/hqdefault.jpg
former,former police officers,4 Horrifying Experiences of Former Police Officers,Mr. Nightmare,6522971,2.14,https://www.youtube.com/watch?v=NyG73bDodfM,https://i.ytimg.com/vi/NyG73bDodfM/hqdefault.jpg
officers,officers,4 Horrifying Experiences of Former Police Officers,Mr. Nightmare,6522971,2.14,https://www.youtube.com/watch?v=NyG73bDodfM,https://i.ytimg.com/vi/NyG73bDodfM/hqdefault.jpg
starbucks,starbucks,3 True Starbucks HORROR Stories Animated,IMR Scary Tales,750124,2.14,https://www.youtube.com/watch?v=s3hPWdNZCps,https://i.ytimg.com/vi/s3hPWdNZCps/maxresdefault.jpg
ruined,ruined,SPOILED Sister RUINED His Life! (A Roblox Movie),ShanePlays 2,5210614,2.14,https://www.youtube.com/watch?v=GNiSKaa5DPo,https://i.ytimg.com/vi/GNiSKaa5DPo/maxresdefault.jpg
fuel,fuel edition,Top 5 Bingeable SCARY STORIES • NIGHTMARE FUEL Edition,MrBallen,5681606,2.13,https://www.youtube.com/watch?v=CBPYXcxyAOg,https://i.ytimg.com/vi/CBPYXcxyAOg/maxresdefault.jpg
survives,survives world's cheapest,Kid Survives The World's Cheapest Mom | Dhar Mann Studios,Dhar Mann Studios,11293175,2.12,https://www.youtube.com/watch?v=-1Jkd8muBuo,https://i.ytimg.com/vi/-1Jkd8muBuo/maxresdefault.jpg
cool,cool kid steals shy,New Cool Kid STEALS SHY KID'S Girl | Dhar Mann Studios,Dhar Mann Studios,11314407,2.12,https://www.youtube.com/watch?v=ruMqtIASAww,https://i.ytimg.com/vi/ruMqtIASAww/maxresdefault.jpg
shy,shy kid's girl,New Cool Kid STEALS SHY KID'S Girl | Dhar Mann Studios,Dhar Mann Studios,11314407,2.12,https://www.youtube.com/watch?v=ruMqtIASAww,https://i.ytimg.com/vi/ruMqtIASAww/maxresdefault.jpg
laser,laser maze for 250,"10 People Vs World's Deadliest Laser Maze for $250,000",MrBeast,320109691,2.12,https://www.youtube.com/watch?v=QjvpjXdgugA,https://i.ytimg.com/vi/QjvpjXdgugA/maxresdefault.jpg
maze,maze for 250 000,"10 People Vs World's Deadliest Laser Maze for $250,000",MrBeast,320109691,2.12,https://www.youtube.com/watch?v=QjvpjXdgugA,https://i.ytimg.com/vi/QjvpjXdgugA/maxresdefault.jpg
abandon,abandon disabled husband,Wife Is Forced To Abandon Disabled Husband | @DramatizeMe,DramatizeMe,1746603,2.12,https://www.youtube.com/watch?v=EUldYSBwur8,https://i.ytimg.com/vi/EUldYSBwur8/maxresdefault.jpg
consoles,consoles,consoles,Socks Animations ,12824219,2.12,https://www.youtube.com/watch?v=fYoOm48G_F0,https://i.ytimg.com/vi/fYoOm48G_F0/maxresdefault.jpg
sport,sport,The Time I Thought It Was A Sport,scribblejuice,5125014,2.12,https://www.youtube.com/watch?v=VxDG8BEaLYs,https://i.ytimg.com/vi/VxDG8BEaLYs/maxresdefault.jpg
puppets,puppets into millions,Turns PUPPETS Into MILLIONS (I/B SuperMarioLogan) | Dhar Mann Studios,Dhar Mann Studios,11237428,2.11,https://www.youtube.com/watch?v=YgqgIqMK-g8,https://i.ytimg.com/vi/YgqgIqMK-g8/maxresdefault.jpg
supermariologan,supermariologan,Turns PUPPETS Into MILLIONS (I/B SuperMarioLogan) | Dhar Mann Studios,Dhar Mann Studios,11237428,2.11,https://www.youtube.com/watch?v=YgqgIqMK-g8,https://i.ytimg.com/vi/YgqgIqMK-g8/maxresdefault.jpg
slasher,slasher vs mafia jasper's,Slasher vs. Mafia | Jasper's Story,Dr. NoSleep Podcast,38712,2.11,https://www.youtube.com/watch?v=HDw7Tb1JGoc,https://i.ytimg.com/vi/HDw7Tb1JGoc/maxresdefault.jpg
jasper's,jasper's,Slasher vs. Mafia | Jasper's Story,Dr. NoSleep Podcast,38712,2.11,https://www.youtube.com/watch?v=HDw7Tb1JGoc,https://i.ytimg.com/vi/HDw7Tb1JGoc/maxresdefault.jpg
nobody,nobody at school,NOBODY At School Knew He Was SECRETLY A BILLIONAIRE! (A Roblox Movie),ShanePlays 2,5130388,2.11,https://www.youtube.com/watch?v=ZwH8Nb7WHmc,https://i.ytimg.com/vi/ZwH8Nb7WHmc/maxresdefault.jpg
greatest,greatest,He Became The Greatest Of All Time (A Roblox Movie),ShanePlays 2,5135036,2.11,https://www.youtube.com/watch?v=tSciTCvonyg,https://i.ytimg.com/vi/tSciTCvonyg/maxresdefault.jpg
gameboard,gameboard challenge,World's BIGGEST Game Of LIFE Gameboard Challenge!,Unspeakable,25871478,2.1,https://www.youtube.com/watch?v=apULwqv5D5o,https://i.ytimg.com/vi/apULwqv5D5o/maxresdefault.jpg
minds,minds edition,TOP 5 Bingeable SCARY STORIES • Sick Minds Edition,MrBallen,5611317,2.1,https://www.youtube.com/watch?v=GyljYbQiGj8,https://i.ytimg.com/vi/GyljYbQiGj8/maxresdefault.jpg
february,february 2022,18 Horror Stories Animated (Compilation of February 2022),IMR Scary Tales,735186,2.1,https://www.youtube.com/watch?v=AuD09bqJlzo,https://i.ytimg.com/vi/AuD09bqJlzo/maxresdefault.jpg
bodycam,bodycam footage,6 Most Disturbing Things Caught on Police Bodycam Footage,Chilling Scares,6822997,2.1,https://www.youtube.com/watch?v=W461pi5-meM,https://i.ytimg.com/vi/W461pi5-meM/maxresdefault.jpg
sneaking,sneaking out house,SNEAKING OUT the House at 12AM,The Royalty Family,35715298,2.1,https://www.youtube.com/watch?v=1rwQgaFFg-4,https://i.ytimg.com/vi/1rwQgaFFg-4/maxresdefault.jpg
12am,12am,SNEAKING OUT the House at 12AM,The Royalty Family,35715298,2.1,https://www.youtube.com/watch?v=1rwQgaFFg-4,https://i.ytimg.com/vi/1rwQgaFFg-4/maxresdefault.jpg
heaviest,heaviest man s daily,Eating The World's HEAVIEST Man’s Daily Diet!,Stokes Twins,107529239,2.1,https://www.youtube.com/watch?v=wTnp74TnRjQ,https://i.ytimg.com/vi/wTnp74TnRjQ/maxresdefault.jpg
daily,daily diet,Eating The World's HEAVIEST Man’s Daily Diet!,Stokes Twins,107529239,2.1,https://www.youtube.com/watch?v=wTnp74TnRjQ,https://i.ytimg.com/vi/wTnp74TnRjQ/maxresdefault.jpg
kai,kai cenat's house,I Secretly Lived In Kai Cenat's House,Airrack,21733268,2.1,https://www.youtube.com/watch?v=jq1qecZ7UNw,https://i.ytimg.com/vi/jq1qecZ7UNw/maxresdefault.jpg
cenat's,cenat's house,I Secretly Lived In Kai Cenat's House,Airrack,21733268,2.1,https://www.youtube.com/watch?v=jq1qecZ7UNw,https://i.ytimg.com/vi/jq1qecZ7UNw/maxresdefault.jpg
wears,wears mask to hide,Cheerleader WEARS MASK To Hide Identity Ft. Anna McNulty | Dhar Mann Studios,Dhar Mann Studios,11143965,2.09,https://www.youtube.com/watch?v=omRUZSAf3Z4,https://i.ytimg.com/vi/omRUZSAf3Z4/maxresdefault.jpg
anna,anna mcnulty,Cheerleader WEARS MASK To Hide Identity Ft. Anna McNulty | Dhar Mann Studios,Dhar Mann Studios,11143965,2.09,https://www.youtube.com/watch?v=omRUZSAf3Z4,https://i.ytimg.com/vi/omRUZSAf3Z4/maxresdefault.jpg
mcnulty,mcnulty,Cheerleader WEARS MASK To Hide Identity Ft. Anna McNulty | Dhar Mann Studios,Dhar Mann Studios,11143965,2.09,https://www.youtube.com/watch?v=omRUZSAf3Z4,https://i.ytimg.com/vi/omRUZSAf3Z4/maxresdefault.jpg
redhead,redhead,What It's Like To Be A Redhead In A Family Of Blondes,MSA,32636464,2.09,https://www.youtube.com/watch?v=S7SICsg-OQ8,https://i.ytimg.com/vi/S7SICsg-OQ8/maxresdefault.jpg
blondes,blondes,What It's Like To Be A Redhead In A Family Of Blondes,MSA,32636464,2.09,https://www.youtube.com/watch?v=S7SICsg-OQ8,https://i.ytimg.com/vi/S7SICsg-OQ8/maxresdefault.jpg
holds,holds a dark secret,This YouTuber’s Mansion Holds a Dark Secret...,Dr. NoSleep Podcast,38332,2.09,https://www.youtube.com/watch?v=7UlBVPTmyck,https://i.ytimg.com/vi/7UlBVPTmyck/maxresdefault.jpg
whoever,whoever crashes,Whoever CRASHES Through the Wall Wins,Dude Perfect,103209693,2.09,https://www.youtube.com/watch?v=cqylLiMzk54,https://i.ytimg.com/vi/cqylLiMzk54/maxresdefault.jpg
crashes,crashes through wall,Whoever CRASHES Through the Wall Wins,Dude Perfect,103209693,2.09,https://www.youtube.com/watch?v=cqylLiMzk54,https://i.ytimg.com/vi/cqylLiMzk54/maxresdefault.jpg
wall,wall wins,Whoever CRASHES Through the Wall Wins,Dude Perfect,103209693,2.09,https://www.youtube.com/watch?v=cqylLiMzk54,https://i.ytimg.com/vi/cqylLiMzk54/maxresdefault.jpg
scream,scream you lose irl,"If You Scream, You Lose: IRL",Airrack,21613213,2.09,https://www.youtube.com/watch?v=K6LiS5qTmHo,https://i.ytimg.com/vi/K6LiS5qTmHo/maxresdefault.jpg
other,other man twisted ending,RACIST Girl Gets PREGNANT by Other Man! TWISTED ENDING... | SAMEER BHAVNANI,Sameer Bhavnani,1131451,2.08,https://www.youtube.com/watch?v=Htcbj5MD848,https://i.ytimg.com/vi/Htcbj5MD848/maxresdefault.jpg
pets,pets,pets,Socks Animations ,12592573,2.08,https://www.youtube.com/watch?v=smzW_UWp_nU,https://i.ytimg.com/vi/smzW_UWp_nU/maxresdefault.jpg
teens,teens,These teens should have never camped at Lake Bodom,MrBallen,5572607,2.08,https://www.youtube.com/watch?v=gi_GF9XOelw,https://i.ytimg.com/vi/gi_GF9XOelw/hqdefault.jpg
camped,camped at lake bodom,These teens should have never camped at Lake Bodom,MrBallen,5572607,2.08,https://www.youtube.com/watch?v=gi_GF9XOelw,https://i.ytimg.com/vi/gi_GF9XOelw/hqdefault.jpg
bodom,bodom,These teens should have never camped at Lake Bodom,MrBallen,5572607,2.08,https://www.youtube.com/watch?v=gi_GF9XOelw,https://i.ytimg.com/vi/gi_GF9XOelw/hqdefault.jpg
harry,harry pinero,Blind Dating Girls Based On Their Outfits Ft Harry Pinero,Beta Squad,21793716,2.08,https://www.youtube.com/watch?v=eBYTol2UoHA,https://i.ytimg.com/vi/eBYTol2UoHA/maxresdefault.jpg
pinero,pinero,Blind Dating Girls Based On Their Outfits Ft Harry Pinero,Beta Squad,21793716,2.08,https://www.youtube.com/watch?v=eBYTol2UoHA,https://i.ytimg.com/vi/eBYTol2UoHA/maxresdefault.jpg
jason,jason belmonte hit,Can Jason Belmonte Hit a 7-10 Split BACKWARDS?,Dude Perfect,102446964,2.08,https://www.youtube.com/watch?v=CACAmH4r1fw,https://i.ytimg.com/vi/CACAmH4r1fw/maxresdefault.jpg
belmonte,belmonte hit a 7,Can Jason Belmonte Hit a 7-10 Split BACKWARDS?,Dude Perfect,102446964,2.08,https://www.youtube.com/watch?v=CACAmH4r1fw,https://i.ytimg.com/vi/CACAmH4r1fw/maxresdefault.jpg
hit,hit a 7 10,Can Jason Belmonte Hit a 7-10 Split BACKWARDS?,Dude Perfect,102446964,2.08,https://www.youtube.com/watch?v=CACAmH4r1fw,https://i.ytimg.com/vi/CACAmH4r1fw/maxresdefault.jpg
split,split backwards,Can Jason Belmonte Hit a 7-10 Split BACKWARDS?,Dude Perfect,102446964,2.08,https://www.youtube.com/watch?v=CACAmH4r1fw,https://i.ytimg.com/vi/CACAmH4r1fw/maxresdefault.jpg
backwards,backwards,Can Jason Belmonte Hit a 7-10 Split BACKWARDS?,Dude Perfect,102446964,2.08,https://www.youtube.com/watch?v=CACAmH4r1fw,https://i.ytimg.com/vi/CACAmH4r1fw/maxresdefault.jpg
mrbeast's,mrbeast's house,I Secretly Lived In MrBeast's House,Airrack,21525639,2.08,https://www.youtube.com/watch?v=CPOaelxGivM,https://i.ytimg.com/vi/CPOaelxGivM/maxresdefault.jpg
warrior,warrior to bodyguard,From Warrior to Bodyguard—The Truth I Uncovered Will Stun You!,MSA,32260832,2.07,https://www.youtube.com/watch?v=dGyyRGy-CUk,https://i.ytimg.com/vi/dGyyRGy-CUk/maxresdefault.jpg
uncovered,uncovered will stun,From Warrior to Bodyguard—The Truth I Uncovered Will Stun You!,MSA,32260832,2.07,https://www.youtube.com/watch?v=dGyyRGy-CUk,https://i.ytimg.com/vi/dGyyRGy-CUk/maxresdefault.jpg
stun,stun,From Warrior to Bodyguard—The Truth I Uncovered Will Stun You!,MSA,32260832,2.07,https://www.youtube.com/watch?v=dGyyRGy-CUk,https://i.ytimg.com/vi/dGyyRGy-CUk/maxresdefault.jpg
everywhere,everywhere i go,I Wear a Mask Everywhere I Go,MSA,32341624,2.07,https://www.youtube.com/watch?v=dAeUWRiASyg,https://i.ytimg.com/vi/dAeUWRiASyg/hqdefault.jpg
golden,golden ice cream,"I Ate $100,000 Golden Ice Cream",MrBeast,311655974,2.07,https://www.youtube.com/watch?v=C680oxL__ck,https://i.ytimg.com/vi/C680oxL__ck/maxresdefault.jpg
urban,urban legends that turned,Urban Legends That Turned Out to Be True,Chilling Scares,6738931,2.07,https://www.youtube.com/watch?v=S4Qq1htzd_0,https://i.ytimg.com/vi/S4Qq1htzd_0/maxresdefault.jpg
legends,legends that turned,Urban Legends That Turned Out to Be True,Chilling Scares,6738931,2.07,https://www.youtube.com/watch?v=S4Qq1htzd_0,https://i.ytimg.com/vi/S4Qq1htzd_0/maxresdefault.jpg
impossible,impossible choice,I Was Given an Impossible Choice by a Sadistic Killer,Dr. NoSleep Podcast,37859,2.07,https://www.youtube.com/watch?v=zb85oZn-WQk,https://i.ytimg.com/vi/zb85oZn-WQk/maxresdefault.jpg
sadistic,sadistic killer,I Was Given an Impossible Choice by a Sadistic Killer,Dr. NoSleep Podcast,37859,2.07,https://www.youtube.com/watch?v=zb85oZn-WQk,https://i.ytimg.com/vi/zb85oZn-WQk/maxresdefault.jpg
critter,critter cartoon animation,The TRUE Story of the REJECT CRITTER... (Cartoon Animation),GameToons,6604133,2.07,https://www.youtube.com/watch?v=Hfq-6v5K0XA,https://i.ytimg.com/vi/Hfq-6v5K0XA/maxresdefault.jpg
potato,potato,Overnight INSIDE the World's Largest Potato,Ryan Trahan,20889489,2.07,https://www.youtube.com/watch?v=bdENHESVomg,https://i.ytimg.com/vi/bdENHESVomg/maxresdefault.jpg
weather,weather,SURVIVING THE WORLD'S MOST EXTREME WEATHER!!,Ben Azelart,58284528,2.07,https://www.youtube.com/watch?v=X21MOiqSTk0,https://i.ytimg.com/vi/X21MOiqSTk0/maxresdefault.jpg
handsome,handsome overnight,Ugly Boy Becomes Handsome Overnight | Alan’s Universe,Alan's Universe,68041981,2.06,https://www.youtube.com/watch?v=hPIcEynU2Xk,https://i.ytimg.com/vi/hPIcEynU2Xk/maxresdefault.jpg
ordered,ordered to diet,Wife Ordered To Diet | @DramatizeMe,DramatizeMe,1700239,2.06,https://www.youtube.com/watch?v=77k41IeBMu4,https://i.ytimg.com/vi/77k41IeBMu4/maxresdefault.jpg
dna,dna test tore,A DNA Test Tore My Family Apart,Story Time Animated,1562253,2.06,https://www.youtube.com/watch?v=DdPdYu4X1XY,https://i.ytimg.com/vi/DdPdYu4X1XY/maxresdefault.jpg
test,test tore,A DNA Test Tore My Family Apart,Story Time Animated,1562253,2.06,https://www.youtube.com/watch?v=DdPdYu4X1XY,https://i.ytimg.com/vi/DdPdYu4X1XY/maxresdefault.jpg
tore,tore,A DNA Test Tore My Family Apart,Story Time Animated,1562253,2.06,https://www.youtube.com/watch?v=DdPdYu4X1XY,https://i.ytimg.com/vi/DdPdYu4X1XY/maxresdefault.jpg
morgue,morgue last night,"I Work In A Morgue, Last Night The Dead Started Whispering",Dr. NoSleep Podcast,37748,2.06,https://www.youtube.com/watch?v=2ZQn0ZILzd8,https://i.ytimg.com/vi/2ZQn0ZILzd8/maxresdefault.jpg
whispering,whispering,"I Work In A Morgue, Last Night The Dead Started Whispering",Dr. NoSleep Podcast,37748,2.06,https://www.youtube.com/watch?v=2ZQn0ZILzd8,https://i.ytimg.com/vi/2ZQn0ZILzd8/maxresdefault.jpg
received,received a signal,"We Received a Signal from Another Planet, I Wish We Never Did",Dr. NoSleep Podcast,37676,2.06,https://www.youtube.com/watch?v=XZj9OPwOZBI,https://i.ytimg.com/vi/XZj9OPwOZBI/maxresdefault.jpg
signal,signal from another planet,"We Received a Signal from Another Planet, I Wish We Never Did",Dr. NoSleep Podcast,37676,2.06,https://www.youtube.com/watch?v=XZj9OPwOZBI,https://i.ytimg.com/vi/XZj9OPwOZBI/maxresdefault.jpg
planet,planet i wish,"We Received a Signal from Another Planet, I Wish We Never Did",Dr. NoSleep Podcast,37676,2.06,https://www.youtube.com/watch?v=XZj9OPwOZBI,https://i.ytimg.com/vi/XZj9OPwOZBI/maxresdefault.jpg
state's,state's top ranked airbnb,I Stayed in Every State's Top Ranked Airbnb,Ryan Trahan,20838860,2.06,https://www.youtube.com/watch?v=xyIF9hoNGqU,https://i.ytimg.com/vi/xyIF9hoNGqU/maxresdefault.jpg
ranked,ranked airbnb,I Stayed in Every State's Top Ranked Airbnb,Ryan Trahan,20838860,2.06,https://www.youtube.com/watch?v=xyIF9hoNGqU,https://i.ytimg.com/vi/xyIF9hoNGqU/maxresdefault.jpg
ecosystem,ecosystem,I Built a Tiny Ecosystem,Ryan Trahan,20778486,2.06,https://www.youtube.com/watch?v=NYnVf9XnDLI,https://i.ytimg.com/vi/NYnVf9XnDLI/maxresdefault.jpg
woods,woods i've ever,The most terrifying night in the woods story I've ever told,MrBallen,5472330,2.05,https://www.youtube.com/watch?v=GFQzByJkbko,https://i.ytimg.com/vi/GFQzByJkbko/maxresdefault.jpg
death's,death's door distressing content,Top 3 Strange But True | DEATH'S door (*DISTRESSING CONTENT*),MrBallen,5479523,2.05,https://www.youtube.com/watch?v=S7VtahvTLH4,https://i.ytimg.com/vi/S7VtahvTLH4/maxresdefault.jpg
ship,ship drifting,"We Found a Ship Drifting in the Ice—There Was a Journal, But No Crew",Dr. NoSleep Podcast,37522,2.05,https://www.youtube.com/watch?v=BYfl27Elv_U,https://i.ytimg.com/vi/BYfl27Elv_U/maxresdefault.jpg
drifting,drifting in ice,"We Found a Ship Drifting in the Ice—There Was a Journal, But No Crew",Dr. NoSleep Podcast,37522,2.05,https://www.youtube.com/watch?v=BYfl27Elv_U,https://i.ytimg.com/vi/BYfl27Elv_U/maxresdefault.jpg
journal,journal but no crew,"We Found a Ship Drifting in the Ice—There Was a Journal, But No Crew",Dr. NoSleep Podcast,37522,2.05,https://www.youtube.com/watch?v=BYfl27Elv_U,https://i.ytimg.com/vi/BYfl27Elv_U/maxresdefault.jpg
crew,crew,"We Found a Ship Drifting in the Ice—There Was a Journal, But No Crew",Dr. NoSleep Podcast,37522,2.05,https://www.youtube.com/watch?v=BYfl27Elv_U,https://i.ytimg.com/vi/BYfl27Elv_U/maxresdefault.jpg
waters,waters,"When The Waters Tell You It's Not For You, You Listen",Dr. NoSleep Podcast,37498,2.05,https://www.youtube.com/watch?v=d1E8stew4II,https://i.ytimg.com/vi/d1E8stew4II/maxresdefault.jpg
zoonomaly,zoonomaly cartoon animation,"CHAPTER 3, But They're ZOONOMALY?! (Cartoon Animation)",GameToons,6536845,2.05,https://www.youtube.com/watch?v=wtCI2ORwOiw,https://i.ytimg.com/vi/wtCI2ORwOiw/maxresdefault.jpg
boyfriends,boyfriends expensive bike,Angry Karen Sells Her Ex Boyfriends Expensive Bike After He Dumps Her. Then This Happens,SoulSnack,1289072,2.05,https://www.youtube.com/watch?v=X-FYy7Ag5B4,https://i.ytimg.com/vi/X-FYy7Ag5B4/maxresdefault.jpg
records,records his wife having,Man Records His Wife “Having Fun” | @DramatizeMe,DramatizeMe,1679526,2.04,https://www.youtube.com/watch?v=2tjft_aNwdw,https://i.ytimg.com/vi/2tjft_aNwdw/maxresdefault.jpg
brat,brat shames girl,Spoiled Brat Shames Girl In Pool | @DramatizeMe,DramatizeMe,1684805,2.04,https://www.youtube.com/watch?v=kEYwvEz0LsA,https://i.ytimg.com/vi/kEYwvEz0LsA/maxresdefault.jpg
ari,ari,Living with Ari,JaidenAnimations,45499299,2.04,https://www.youtube.com/watch?v=8OnWeYuLboA,https://i.ytimg.com/vi/8OnWeYuLboA/maxresdefault.jpg
labubu,labubu doll,3 True Labubu Doll Horror Stories Animated,IMR Scary Tales,715064,2.04,https://www.youtube.com/watch?v=B0RcHIdXAKo,https://i.ytimg.com/vi/B0RcHIdXAKo/maxresdefault.jpg
4chan,4chan threads,6 Most Disturbing 4Chan Threads,Chilling Scares,6640492,2.04,https://www.youtube.com/watch?v=4c8uTVaB9Ow,https://i.ytimg.com/vi/4c8uTVaB9Ow/maxresdefault.jpg
maximum,maximum security prison,I Survived 50 Hours In A Maximum Security Prison,MrBeast,305780664,2.03,https://www.youtube.com/watch?v=nM89Wl03Q4g,https://i.ytimg.com/vi/nM89Wl03Q4g/maxresdefault.jpg
eye,eye lives to regret,Abusive Teacher Gives Black Eye! Lives to Regret It... | Sameer Bhavnani,Sameer Bhavnani,1107722,2.03,https://www.youtube.com/watch?v=wiiT_RMoj3w,https://i.ytimg.com/vi/wiiT_RMoj3w/maxresdefault.jpg
taking,taking top secret,TEEN Caught Taking TOP SECRET New IPHONE from Apple before Release Date.,Totally Studios,2861577,2.03,https://www.youtube.com/watch?v=UD922nOKK-8,https://i.ytimg.com/vi/UD922nOKK-8/maxresdefault.jpg
release,release date,TEEN Caught Taking TOP SECRET New IPHONE from Apple before Release Date.,Totally Studios,2861577,2.03,https://www.youtube.com/watch?v=UD922nOKK-8,https://i.ytimg.com/vi/UD922nOKK-8/maxresdefault.jpg
anyone,anyone,Mom won't allow anyone near me,Story Time Animated,1542026,2.03,https://www.youtube.com/watch?v=n2BYjsc-qgQ,https://i.ytimg.com/vi/n2BYjsc-qgQ/maxresdefault.jpg
exactly,exactly how to catch,I Know EXACTLY How To Catch Everyone’s Attention,Story Time Animated,1546314,2.03,https://www.youtube.com/watch?v=IaAg7l5W9i4,https://i.ytimg.com/vi/IaAg7l5W9i4/maxresdefault.jpg
attention,attention,I Know EXACTLY How To Catch Everyone’s Attention,Story Time Animated,1546314,2.03,https://www.youtube.com/watch?v=IaAg7l5W9i4,https://i.ytimg.com/vi/IaAg7l5W9i4/maxresdefault.jpg
dracula,dracula but my mom,"They Called Me DRACULA, But My Mom Was the Real Monster",Story Time Animated,1543381,2.03,https://www.youtube.com/watch?v=uTtHjHGIRss,https://i.ytimg.com/vi/uTtHjHGIRss/maxresdefault.jpg
submarine,submarine in southern,"We Discovered an Abandoned Submarine in the Southern Atlantic, But Now I Wish We Never Did",Dr. NoSleep Podcast,37162,2.03,https://www.youtube.com/watch?v=3GvYxB297K0,https://i.ytimg.com/vi/3GvYxB297K0/maxresdefault.jpg
southern,southern atlantic but now,"We Discovered an Abandoned Submarine in the Southern Atlantic, But Now I Wish We Never Did",Dr. NoSleep Podcast,37162,2.03,https://www.youtube.com/watch?v=3GvYxB297K0,https://i.ytimg.com/vi/3GvYxB297K0/maxresdefault.jpg
atlantic,atlantic but now,"We Discovered an Abandoned Submarine in the Southern Atlantic, But Now I Wish We Never Did",Dr. NoSleep Podcast,37162,2.03,https://www.youtube.com/watch?v=3GvYxB297K0,https://i.ytimg.com/vi/3GvYxB297K0/maxresdefault.jpg
craftycorn,craftycorn buys her first,CRAFTYCORN BUYS HER FIRST HOUSE?! (Cartoon Animation),GameToons,6454238,2.03,https://www.youtube.com/watch?v=nX0_Rt38TTI,https://i.ytimg.com/vi/nX0_Rt38TTI/maxresdefault.jpg
barber,barber cuts black kid's,Evil Barber Cuts Black Kid's DreadLocks Off On Purpose. Then This Happens.,SoulSnack,1276606,2.03,https://www.youtube.com/watch?v=EKfAqbneqj4,https://i.ytimg.com/vi/EKfAqbneqj4/maxresdefault.jpg
purpose,purpose,Evil Barber Cuts Black Kid's DreadLocks Off On Purpose. Then This Happens.,SoulSnack,1276606,2.03,https://www.youtube.com/watch?v=EKfAqbneqj4,https://i.ytimg.com/vi/EKfAqbneqj4/maxresdefault.jpg
timing,timing on valentine's day,"Man is CAUGHT TWO-TIMING On VALENTINE'S DAY, What Happens Is Shocking | Illumeably",Illumeably,1198874,2.03,https://www.youtube.com/watch?v=xCvLeN-eqS0,https://i.ytimg.com/vi/xCvLeN-eqS0/maxresdefault.jpg
jet,jet,I Built an EXTREME Private Jet!,Ben Azelart,56969681,2.03,https://www.youtube.com/watch?v=GprYyc7m4gg,https://i.ytimg.com/vi/GprYyc7m4gg/maxresdefault.jpg
tall,tall person,6 Short People vs 1 Secret Tall Person,Beta Squad,21261643,2.03,https://www.youtube.com/watch?v=KSQWkAmnTWo,https://i.ytimg.com/vi/KSQWkAmnTWo/maxresdefault.jpg
toddler,toddler it s ruining,My Mom Still Acts Like A TODDLER & It’s Ruining Everything,Story Time Animated,1532504,2.02,https://www.youtube.com/watch?v=tWDMbptEY2k,https://i.ytimg.com/vi/tWDMbptEY2k/maxresdefault.jpg
rainbow,rainbow sprunki cartoon animation,CURSE of the RAINBOW SPRUNKI! (Cartoon Animation),GameToons,6432086,2.02,https://www.youtube.com/watch?v=aEhWuv_hHiQ,https://i.ytimg.com/vi/aEhWuv_hHiQ/maxresdefault.jpg
kittens,kittens cartoon animation,CATNAP HAS KITTENS! (Cartoon Animation),GameToons,6450130,2.02,https://www.youtube.com/watch?v=qYLtPicCYuI,https://i.ytimg.com/vi/qYLtPicCYuI/maxresdefault.jpg
comedian,comedian ft druski,GUESS THE COMEDIAN FT DRUSKI,Beta Squad,21111175,2.02,https://www.youtube.com/watch?v=_32QyCVw6Ig,https://i.ytimg.com/vi/_32QyCVw6Ig/maxresdefault.jpg
druski,druski,GUESS THE COMEDIAN FT DRUSKI,Beta Squad,21111175,2.02,https://www.youtube.com/watch?v=_32QyCVw6Ig,https://i.ytimg.com/vi/_32QyCVw6Ig/maxresdefault.jpg
spent,spent all my dad,I spent all my dad money in 33 days,MSA,31403819,2.01,https://www.youtube.com/watch?v=-RnJvd75MoM,https://i.ytimg.com/vi/-RnJvd75MoM/maxresdefault.jpg
waitress,waitress in his room,Man Wants To See Waitress In His Room | @DramatizeMe,DramatizeMe,1657570,2.01,https://www.youtube.com/watch?v=GV8WqiOhC88,https://i.ytimg.com/vi/GV8WqiOhC88/maxresdefault.jpg
slaps,slaps tiktoker boyfriend instantly,"Father Slaps TikToker Boyfriend, Instantly Regrets It! | Sameer Bhavnani",Sameer Bhavnani,1095879,2.01,https://www.youtube.com/watch?v=RQbNBN2pQkE,https://i.ytimg.com/vi/RQbNBN2pQkE/maxresdefault.jpg
tiktoker,tiktoker boyfriend instantly regrets,"Father Slaps TikToker Boyfriend, Instantly Regrets It! | Sameer Bhavnani",Sameer Bhavnani,1095879,2.01,https://www.youtube.com/watch?v=RQbNBN2pQkE,https://i.ytimg.com/vi/RQbNBN2pQkE/maxresdefault.jpg
stolen,stolen from my birth,I Was Stolen From My Birth Mom,Story Time Animated,1528360,2.01,https://www.youtube.com/watch?v=KnsZ8p5lrdk,https://i.ytimg.com/vi/KnsZ8p5lrdk/maxresdefault.jpg
birth,birth mom,I Was Stolen From My Birth Mom,Story Time Animated,1528360,2.01,https://www.youtube.com/watch?v=KnsZ8p5lrdk,https://i.ytimg.com/vi/KnsZ8p5lrdk/maxresdefault.jpg
cares,cares about her beauty,Mom Only Cares About Her Beauty,Story Time Animated,1531327,2.01,https://www.youtube.com/watch?v=FD7CCtEHP2M,https://i.ytimg.com/vi/FD7CCtEHP2M/maxresdefault.jpg
places,places you can't go,Top 5 Bingeable SCARY STORIES • PLACES You Can't Go Edition Vol. 1,MrBallen,5381721,2.01,https://www.youtube.com/watch?v=kYnAoco4Fbo,https://i.ytimg.com/vi/kYnAoco4Fbo/maxresdefault.jpg
drill,drill,3 Creepy True Fire Drill Stories,Mr. Nightmare,6126393,2.01,https://www.youtube.com/watch?v=EyNYkQvqK48,https://i.ytimg.com/vi/EyNYkQvqK48/maxresdefault.jpg
bitcoin,bitcoin,I Survived 50 Hours on Only Bitcoin,Ryan Trahan,20242522,2.01,https://www.youtube.com/watch?v=qzD4fcd-FBY,https://i.ytimg.com/vi/qzD4fcd-FBY/maxresdefault.jpg
wedding,wedding day,CRAZY Mom RUINS Son's WEDDING DAY | Illumeably,Illumeably,1183770,2.01,https://www.youtube.com/watch?v=51_xjnpJsBg,https://i.ytimg.com/vi/51_xjnpJsBg/maxresdefault.jpg
drug,drug dealer home,"Daughter Brings DRUG DEALER Home FOR CHRISTMAS, What Happens Is Shocking | Illumeably",Illumeably,1186632,2.01,https://www.youtube.com/watch?v=UWgnvzdMjeA,https://i.ytimg.com/vi/UWgnvzdMjeA/maxresdefault.jpg
dealer,dealer home for christmas,"Daughter Brings DRUG DEALER Home FOR CHRISTMAS, What Happens Is Shocking | Illumeably",Illumeably,1186632,2.01,https://www.youtube.com/watch?v=UWgnvzdMjeA,https://i.ytimg.com/vi/UWgnvzdMjeA/maxresdefault.jpg
treats,treats his girl terribly,"Boyfriend Treats His Girl TERRIBLY, He Lives To Regret It | Illumeably",Illumeably,1187039,2.01,https://www.youtube.com/watch?v=SIpK0JNasT4,https://i.ytimg.com/vi/SIpK0JNasT4/maxresdefault.jpg
terribly,terribly he lives,"Boyfriend Treats His Girl TERRIBLY, He Lives To Regret It | Illumeably",Illumeably,1187039,2.01,https://www.youtube.com/watch?v=SIpK0JNasT4,https://i.ytimg.com/vi/SIpK0JNasT4/maxresdefault.jpg
coby,coby finally win giant,Can Coby FINALLY Win? GIANT SUMO BATTLE,Dude Perfect,98804688,2.01,https://www.youtube.com/watch?v=th2T6rygqNU,https://i.ytimg.com/vi/th2T6rygqNU/maxresdefault.jpg
sumo,sumo battle,Can Coby FINALLY Win? GIANT SUMO BATTLE,Dude Perfect,98804688,2.01,https://www.youtube.com/watch?v=th2T6rygqNU,https://i.ytimg.com/vi/th2T6rygqNU/maxresdefault.jpg
size,size cardboard house,Moving Into My Life Size Cardboard House,Unspeakable,24536575,2.0,https://www.youtube.com/watch?v=tG3WpQbzKLQ,https://i.ytimg.com/vi/tG3WpQbzKLQ/maxresdefault.jpg
cardboard,cardboard house,Moving Into My Life Size Cardboard House,Unspeakable,24536575,2.0,https://www.youtube.com/watch?v=tG3WpQbzKLQ,https://i.ytimg.com/vi/tG3WpQbzKLQ/maxresdefault.jpg
history,history of my hair,The History of my Hair,JaidenAnimations,44575132,2.0,https://www.youtube.com/watch?v=e5dir37rPok,https://i.ytimg.com/vi/e5dir37rPok/maxresdefault.jpg
teenage,teenage ninja,I'm a teenage ninja,Story Time Animated,1520246,2.0,https://www.youtube.com/watch?v=UxCLl6camN8,https://i.ytimg.com/vi/UxCLl6camN8/maxresdefault.jpg
ninja,ninja,I'm a teenage ninja,Story Time Animated,1520246,2.0,https://www.youtube.com/watch?v=UxCLl6camN8,https://i.ytimg.com/vi/UxCLl6camN8/maxresdefault.jpg
neighbors,neighbors,My Crazy Neighbors!,scribblejuice,4823077,2.0,https://www.youtube.com/watch?v=_8pJkv_FPo0,https://i.ytimg.com/vi/_8pJkv_FPo0/maxresdefault.jpg
martian,martian dunes hide,The Martian Dunes Hide a Horrifying Secret,Dr. NoSleep Podcast,36728,2.0,https://www.youtube.com/watch?v=Xxo-mb3g2Kw,https://i.ytimg.com/vi/Xxo-mb3g2Kw/maxresdefault.jpg
dunes,dunes hide a horrifying,The Martian Dunes Hide a Horrifying Secret,Dr. NoSleep Podcast,36728,2.0,https://www.youtube.com/watch?v=Xxo-mb3g2Kw,https://i.ytimg.com/vi/Xxo-mb3g2Kw/maxresdefault.jpg
boyfriend's,boyfriend's loyalty,"Girl TESTS Boyfriend's LOYALTY With Her BEST FRIEND, What Happens Is Shocking | Illumeably",Illumeably,1181950,2.0,https://www.youtube.com/watch?v=_fk7poLVN4k,https://i.ytimg.com/vi/_fk7poLVN4k/maxresdefault.jpg
loyalty,loyalty her best,"Girl TESTS Boyfriend's LOYALTY With Her BEST FRIEND, What Happens Is Shocking | Illumeably",Illumeably,1181950,2.0,https://www.youtube.com/watch?v=_fk7poLVN4k,https://i.ytimg.com/vi/_fk7poLVN4k/maxresdefault.jpg
